/* clang-format off */
/* src/hud/hud_assets.h -- GENERATED by tools/genhud.py, do not edit.
 * Fonts: DejaVuSans-Bold.ttf (DejaVu Sans Bold, Bitstream Vera licence).
 * Logo: alp-sdk-vscode media/alplab-logo-white.svg. 4-bit alpha, 4x4 supersampled,
 * two pixels a byte (high nibble first), rows padded to whole bytes. Glyph
 * table indexed by (char - 32); 0x7F is U+00B7 MIDDLE DOT. */
#ifndef TR_HUD_ASSETS_H
#define TR_HUD_ASSETS_H

#include "hud_font.h"

static const uint8_t tr_font_tiny_bits[4386] = {
	0x04, 0x42, 0x0F, 0xF8, 0x0F, 0xF8, 0x0F, 0xF8, 0x0F, 0xF8, 0x0F, 0xF4, 0x0B, 0xF4, 0x06, 0x81, 0x08, 0x84, 0x0F, 0xF8, 0x0F, 0xF8, 0x34, 0x03,
	0x40, 0xBF, 0x0B, 0xF0, 0xBF, 0x0B, 0xF0, 0xBF, 0x0B, 0xF0, 0x68, 0x06, 0x80, 0x00, 0x00, 0x00, 0x00, 0x00, 0x00, 0x00, 0x00, 0x7F, 0x12, 0xF7,
	0x00, 0x00, 0x00, 0xAC, 0x06, 0xF3, 0x00, 0x02, 0x88, 0xEC, 0x8B, 0xF8, 0x60, 0x04, 0xFF, 0xFF, 0xFF, 0xFF, 0xB0, 0x00, 0x07, 0xF1, 0x2F, 0x70,
	0x00, 0x00, 0x0A, 0xC0, 0x6F, 0x30, 0x00, 0x0F, 0xFF, 0xFF, 0xFF, 0xFF, 0x00, 0x08, 0x9F, 0x98, 0xEC, 0x88, 0x00, 0x00, 0x7F, 0x22, 0xF7, 0x00,
	0x00, 0x00, 0xAD, 0x06, 0xF3, 0x00, 0x00, 0x00, 0x08, 0x60, 0x00, 0x00, 0x0B, 0x80, 0x00, 0x19, 0xFF, 0xFF, 0xB3, 0xAF, 0xCD, 0xB9, 0xD4, 0xEF,
	0x5B, 0x80, 0x00, 0xAF, 0xEE, 0xB6, 0x10, 0x3B, 0xFF, 0xFF, 0xE3, 0x00, 0x2C, 0xBD, 0xFA, 0x40, 0x0B, 0x88, 0xFB, 0xFD, 0x9D, 0xCD, 0xF8, 0x8B,
	0xFF, 0xFC, 0x80, 0x00, 0x0B, 0x80, 0x00, 0x00, 0x0B, 0x80, 0x00, 0x00, 0x00, 0x00, 0x00, 0x01, 0x56, 0x20, 0x00, 0x05, 0x70, 0x00, 0x1C, 0xEC,
	0xF5, 0x00, 0x2E, 0x70, 0x00, 0x7F, 0x50, 0xEB, 0x00, 0xAC, 0x00, 0x00, 0x8F, 0x40, 0xBE, 0x04, 0xF4, 0x00, 0x00, 0x6F, 0x71, 0xFA, 0x0D, 0x90,
	0x00, 0x00, 0x09, 0xFF, 0xD3, 0x8E, 0x12, 0x44, 0x00, 0x00, 0x23, 0x02, 0xE7, 0x4E, 0xDE, 0xC1, 0x00, 0x00, 0x0B, 0xC0, 0xBE, 0x15, 0xF7, 0x00,
	0x00, 0x5F, 0x40, 0xEB, 0x04, 0xF8, 0x00, 0x01, 0xD9, 0x00, 0xAF, 0x17, 0xF7, 0x00, 0x08, 0xE1, 0x00, 0x3D, 0xFF, 0xB0, 0x00, 0x04, 0x20, 0x00,
	0x00, 0x42, 0x00, 0x00, 0x00, 0x47, 0x43, 0x00, 0x00, 0x00, 0x2D, 0xFF, 0xFF, 0x40, 0x00, 0x00, 0x8F, 0xE5, 0x58, 0x30, 0x00, 0x00, 0x8F, 0xD1,
	0x00, 0x00, 0x00, 0x00, 0x5F, 0xF9, 0x00, 0x00, 0x00, 0x03, 0xEF, 0xFF, 0x90, 0x0F, 0xF1, 0x0D, 0xF8, 0x6F, 0xF8, 0x5F, 0xD0, 0x3F, 0xF4, 0x07,
	0xFF, 0xDF, 0x80, 0x1F, 0xF8, 0x00, 0x9F, 0xFD, 0x10, 0x0A, 0xFF, 0xA8, 0xDF, 0xFF, 0x40, 0x01, 0x9F, 0xFF, 0xE8, 0xAF, 0xE3, 0x00, 0x00, 0x43,
	0x00, 0x00, 0x00, 0x34, 0xBF, 0xBF, 0xBF, 0x68, 0x00, 0x88, 0x10, 0x06, 0xFB, 0x00, 0x0D, 0xF5, 0x00, 0x5F, 0xF0, 0x00, 0x8F, 0xB0, 0x00, 0xBF,
	0x80, 0x00, 0xBF, 0x80, 0x00, 0xBF, 0x80, 0x00, 0x8F, 0xB0, 0x00, 0x6F, 0xE0, 0x00, 0x0E, 0xF3, 0x00, 0x08, 0xF9, 0x00, 0x01, 0xBB, 0x10, 0x58,
	0x30, 0x00, 0x6F, 0xB0, 0x00, 0x0D, 0xF4, 0x00, 0x08, 0xF9, 0x00, 0x05, 0xFE, 0x00, 0x04, 0xFF, 0x20, 0x04, 0xFF, 0x40, 0x04, 0xFF, 0x30, 0x04,
	0xFF, 0x00, 0x08, 0xFA, 0x00, 0x0D, 0xF6, 0x00, 0x4F, 0xD0, 0x00, 0x8B, 0x50, 0x00, 0x00, 0x08, 0x20, 0x00, 0x10, 0x0F, 0x40, 0x10, 0x8D, 0x6F,
	0x7B, 0xD0, 0x05, 0xDF, 0xE8, 0x10, 0x29, 0xEF, 0xEB, 0x40, 0x89, 0x2F, 0x48, 0xA0, 0x00, 0x0F, 0x40, 0x00, 0x00, 0x00, 0x00, 0x00, 0x00, 0x00,
	0xB8, 0x00, 0x00, 0x00, 0x00, 0xFB, 0x00, 0x00, 0x00, 0x00, 0xFB, 0x00, 0x00, 0x24, 0x44, 0xFC, 0x44, 0x41, 0x8F, 0xFF, 0xFF, 0xFF, 0xF4, 0x48,
	0x88, 0xFD, 0x88, 0x82, 0x00, 0x00, 0xFB, 0x00, 0x00, 0x00, 0x00, 0xFB, 0x00, 0x00, 0x00, 0x00, 0xFB, 0x00, 0x00, 0x06, 0xBB, 0x08, 0xFF, 0x08,
	0xFC, 0x0D, 0xF3, 0x2F, 0x80, 0x00, 0x00, 0x00, 0x4F, 0xFF, 0xF0, 0x4F, 0xFF, 0xF0, 0x6B, 0xB0, 0x8F, 0xF0, 0x8F, 0xF0, 0x00, 0x02, 0x40, 0x00,
	0x09, 0xD0, 0x00, 0x0E, 0x80, 0x00, 0x4F, 0x50, 0x00, 0x8E, 0x00, 0x00, 0xD9, 0x00, 0x03, 0xF5, 0x00, 0x08, 0xF1, 0x00, 0x0C, 0xA0, 0x00, 0x2F,
	0x60, 0x00, 0x7F, 0x10, 0x00, 0xBC, 0x00, 0x00, 0x42, 0x00, 0x00, 0x00, 0x03, 0x65, 0x20, 0x00, 0x01, 0xAF, 0xFF, 0xF8, 0x00, 0x08, 0xFE, 0x88,
	0xFF, 0x50, 0x0F, 0xF8, 0x00, 0xCF, 0xA0, 0x4F, 0xF6, 0x00, 0x9F, 0xF0, 0x4F, 0xF4, 0x00, 0x8F, 0xF0, 0x4F, 0xF4, 0x00, 0x8F, 0xF0, 0x3F, 0xF6,
	0x00, 0xAF, 0xE0, 0x0E, 0xF9, 0x00, 0xDF, 0xA0, 0x07, 0xFF, 0x9B, 0xFF, 0x30, 0x00, 0x8E, 0xFF, 0xD5, 0x00, 0x00, 0x00, 0x43, 0x00, 0x00, 0x00,
	0x24, 0x42, 0x00, 0x6E, 0xFF, 0xF8, 0x00, 0x8D, 0xAF, 0xF8, 0x00, 0x00, 0x0F, 0xF8, 0x00, 0x00, 0x0F, 0xF8, 0x00, 0x00, 0x0F, 0xF8, 0x00, 0x00,
	0x0F, 0xF8, 0x00, 0x00, 0x0F, 0xF8, 0x00, 0x00, 0x0F, 0xF8, 0x00, 0x3B, 0xBF, 0xFD, 0xB8, 0x4F, 0xFF, 0xFF, 0xFB, 0x03, 0x48, 0x42, 0x00, 0xAF,
	0xFF, 0xFF, 0x80, 0xBB, 0x88, 0xEF, 0xF3, 0x20, 0x00, 0x5F, 0xF8, 0x00, 0x00, 0x5F, 0xF5, 0x00, 0x01, 0xCF, 0xC0, 0x00, 0x3C, 0xFC, 0x10, 0x03,
	0xEF, 0xC1, 0x00, 0x5E, 0xF9, 0x00, 0x00, 0xFF, 0xFF, 0xFF, 0xF8, 0xFF, 0xFF, 0xFF, 0xF8, 0x00, 0x45, 0x84, 0x20, 0x00, 0x0B, 0xFF, 0xFF, 0xF9,
	0x00, 0x09, 0x88, 0x8D, 0xFF, 0x40, 0x00, 0x00, 0x04, 0xFF, 0x60, 0x00, 0x00, 0x39, 0xFE, 0x20, 0x00, 0x4F, 0xFF, 0xF4, 0x00, 0x00, 0x28, 0xAE,
	0xFE, 0x20, 0x00, 0x00, 0x02, 0xFF, 0x80, 0x02, 0x00, 0x02, 0xFF, 0x80, 0x0F, 0xB8, 0x9E, 0xFF, 0x40, 0x0D, 0xFF, 0xFF, 0xD5, 0x00, 0x00, 0x04,
	0x41, 0x00, 0x00, 0x00, 0x00, 0x14, 0x43, 0x00, 0x00, 0x00, 0xBF, 0xFB, 0x00, 0x00, 0x07, 0xFF, 0xFB, 0x00, 0x00, 0x2E, 0xBB, 0xFB, 0x00, 0x00,
	0xBE, 0x2B, 0xFB, 0x00, 0x07, 0xF7, 0x0B, 0xFB, 0x00, 0x2E, 0xB0, 0x0B, 0xFB, 0x00, 0x4F, 0xCB, 0xBE, 0xFE, 0xB0, 0x4F, 0xFF, 0xFF, 0xFF, 0xF0,
	0x14, 0x44, 0x4C, 0xFC, 0x40, 0x00, 0x00, 0x0B, 0xFB, 0x00, 0x24, 0x44, 0x44, 0x40, 0x8F, 0xFF, 0xFF, 0xF0, 0x8F, 0xDB, 0xBB, 0xB0, 0x8F, 0x80,
	0x00, 0x00, 0x8F, 0xDB, 0xB9, 0x20, 0x8F, 0xFF, 0xFF, 0xE2, 0x43, 0x00, 0x6F, 0xF9, 0x00, 0x00, 0x0E, 0xFB, 0x60, 0x00, 0x2F, 0xFA, 0xFD, 0x99,
	0xEF, 0xF4, 0xAF, 0xFF, 0xFD, 0x50, 0x00, 0x34, 0x20, 0x00, 0x00, 0x00, 0x45, 0x43, 0x00, 0x00, 0x5E, 0xFF, 0xFF, 0x40, 0x03, 0xFF, 0xB6, 0x69,
	0x30, 0x0A, 0xFB, 0x00, 0x00, 0x00, 0x0F, 0xF9, 0x9B, 0x94, 0x00, 0x1F, 0xFF, 0xFF, 0xFF, 0x50, 0x1F, 0xFE, 0x11, 0xDF, 0xC0, 0x0F, 0xFB, 0x00,
	0x8F, 0xF0, 0x0B, 0xFC, 0x00, 0x9F, 0xD0, 0x04, 0xFF, 0x88, 0xFF, 0x80, 0x00, 0x6E, 0xFF, 0xE8, 0x00, 0x00, 0x00, 0x34, 0x00, 0x00, 0x04, 0x44,
	0x44, 0x44, 0x30, 0x0F, 0xFF, 0xFF, 0xFF, 0xB0, 0x0B, 0xBB, 0xBC, 0xFF, 0x80, 0x00, 0x00, 0x08, 0xFF, 0x20, 0x00, 0x00, 0x1E, 0xF9, 0x00, 0x00,
	0x00, 0x6F, 0xF2, 0x00, 0x00, 0x00, 0xDF, 0xA0, 0x00, 0x00, 0x06, 0xFF, 0x40, 0x00, 0x00, 0x0B, 0xFB, 0x00, 0x00, 0x00, 0x4F, 0xF6, 0x00, 0x00,
	0x00, 0xAF, 0xD0, 0x00, 0x00, 0x00, 0x04, 0x76, 0x30, 0x00, 0x03, 0xEF, 0xFF, 0xFC, 0x10, 0x0C, 0xFE, 0x57, 0xFF, 0x80, 0x0E, 0xF8, 0x00, 0xDF,
	0xA0, 0x08, 0xFD, 0x56, 0xFF, 0x50, 0x00, 0x9F, 0xFF, 0xF6, 0x00, 0x08, 0xFE, 0x88, 0xFF, 0x50, 0x1F, 0xF6, 0x00, 0xAF, 0xB0, 0x2F, 0xF6, 0x00,
	0xAF, 0xB0, 0x0D, 0xFE, 0x88, 0xFF, 0x90, 0x03, 0xBF, 0xFF, 0xF9, 0x10, 0x00, 0x01, 0x44, 0x00, 0x00, 0x00, 0x04, 0x54, 0x10, 0x00, 0x03, 0xDF,
	0xFF, 0xE6, 0x00, 0x0D, 0xFC, 0x49, 0xFE, 0x20, 0x4F, 0xF5, 0x00, 0xFF, 0x80, 0x4F, 0xF4, 0x00, 0xFF, 0xB0, 0x1F, 0xFA, 0x48, 0xFF, 0xB0, 0x06,
	0xFF, 0xFF, 0xFF, 0xB0, 0x00, 0x38, 0x86, 0xBF, 0xA0, 0x00, 0x00, 0x03, 0xFF, 0x60, 0x08, 0xA8, 0x9E, 0xFB, 0x00, 0x07, 0xFF, 0xFF, 0x91, 0x00,
	0x00, 0x04, 0x40, 0x00, 0x00, 0x6B, 0xB0, 0x8F, 0xF0, 0x8F, 0xF0, 0x00, 0x00, 0x00, 0x00, 0x6B, 0xB0, 0x8F, 0xF0, 0x8F, 0xF0, 0x06, 0xBB, 0x00,
	0x08, 0xFF, 0x00, 0x08, 0xFF, 0x00, 0x00, 0x00, 0x00, 0x00, 0x00, 0x00, 0x06, 0xBB, 0x00, 0x08, 0xFF, 0x00, 0x08, 0xFE, 0x00, 0x0A, 0xF5, 0x00,
	0x0F, 0xA0, 0x00, 0x00, 0x00, 0x00, 0x00, 0x21, 0x00, 0x00, 0x01, 0x6A, 0xF4, 0x00, 0x05, 0x9E, 0xFE, 0x92, 0x28, 0xEF, 0xE9, 0x50, 0x00, 0x8F,
	0xE7, 0x00, 0x00, 0x00, 0x4C, 0xFF, 0xB6, 0x10, 0x00, 0x00, 0x28, 0xDF, 0xFA, 0x61, 0x00, 0x00, 0x03, 0x9E, 0xF4, 0x00, 0x00, 0x00, 0x00, 0x52,
	0x6B, 0xBB, 0xBB, 0xBB, 0xB3, 0x6B, 0xBB, 0xBB, 0xBB, 0xB3, 0x00, 0x00, 0x00, 0x00, 0x00, 0x6B, 0xBB, 0xBB, 0xBB, 0xB3, 0x8F, 0xFF, 0xFF, 0xFF,
	0xF4, 0x21, 0x00, 0x00, 0x00, 0x00, 0x8E, 0x95, 0x00, 0x00, 0x00, 0x4A, 0xFF, 0xD8, 0x30, 0x00, 0x00, 0x16, 0xAF, 0xFC, 0x71, 0x00, 0x00, 0x01,
	0x9F, 0xF4, 0x00, 0x02, 0x8D, 0xFF, 0xA2, 0x27, 0xCF, 0xFC, 0x61, 0x00, 0x8F, 0xD8, 0x20, 0x00, 0x00, 0x43, 0x00, 0x00, 0x00, 0x00, 0x00, 0x47,
	0x52, 0x00, 0x0F, 0xFF, 0xFF, 0x80, 0x0E, 0x88, 0xCF, 0xF2, 0x01, 0x00, 0x4F, 0xF4, 0x00, 0x01, 0xCF, 0xD0, 0x00, 0x1C, 0xFE, 0x30, 0x00, 0x7F,
	0xF3, 0x00, 0x00, 0x48, 0x60, 0x00, 0x00, 0x48, 0x60, 0x00, 0x00, 0x8F, 0xB0, 0x00, 0x00, 0x8F, 0xB0, 0x00, 0x00, 0x00, 0x49, 0xBB, 0xA6, 0x10,
	0x00, 0x00, 0x1B, 0xFA, 0x88, 0x9E, 0xD3, 0x00, 0x00, 0xCC, 0x30, 0x00, 0x01, 0xAE, 0x10, 0x06, 0xE2, 0x06, 0xB9, 0x58, 0x0D, 0x90, 0x0C, 0x80,
	0x6F, 0xAA, 0xFF, 0x06, 0xE0, 0x0F, 0x40, 0xBC, 0x00, 0xCF, 0x04, 0xF0, 0x0F, 0x40, 0xDB, 0x00, 0xBF, 0x06, 0xE0, 0x0F, 0x50, 0xAE, 0x11, 0xDF,
	0x1D, 0x80, 0x0A, 0xB0, 0x3E, 0xFF, 0xDF, 0xFA, 0x10, 0x04, 0xF6, 0x02, 0x63, 0x46, 0x30, 0x00, 0x00, 0x6F, 0x82, 0x00, 0x18, 0xA0, 0x00, 0x00,
	0x05, 0xDF, 0xDD, 0xFE, 0x70, 0x00, 0x00, 0x00, 0x04, 0x78, 0x40, 0x00, 0x00, 0x00, 0x01, 0x44, 0x40, 0x00, 0x00, 0x00, 0x06, 0xFF, 0xF4, 0x00,
	0x00, 0x00, 0x0C, 0xFF, 0xF9, 0x00, 0x00, 0x00, 0x2F, 0xFB, 0xFE, 0x10, 0x00, 0x00, 0x8F, 0xE2, 0xFF, 0x60, 0x00, 0x00, 0xDF, 0x90, 0xCF, 0xA0,
	0x00, 0x05, 0xFF, 0x50, 0x7F, 0xF2, 0x00, 0x09, 0xFF, 0xBB, 0xCF, 0xF7, 0x00, 0x1E, 0xFF, 0xFF, 0xFF, 0xFD, 0x00, 0x6F, 0xF6, 0x44, 0x48, 0xFF,
	0x30, 0xBF, 0xD0, 0x00, 0x01, 0xFF, 0x90, 0x34, 0x44, 0x42, 0x00, 0x00, 0xBF, 0xFF, 0xFF, 0xE6, 0x00, 0xBF, 0xF8, 0x8E, 0xFF, 0x20, 0xBF, 0xF0,
	0x07, 0xFF, 0x40, 0xBF, 0xF4, 0x4B, 0xFE, 0x10, 0xBF, 0xFF, 0xFF, 0xF7, 0x00, 0xBF, 0xF8, 0x8B, 0xFF, 0x40, 0xBF, 0xF0, 0x00, 0xFF, 0x90, 0xBF,
	0xF0, 0x02, 0xFF, 0xA0, 0xBF, 0xFB, 0xBE, 0xFF, 0x50, 0xBF, 0xFF, 0xFF, 0xC5, 0x00, 0x00, 0x00, 0x35, 0x74, 0x10, 0x00, 0x4D, 0xFF, 0xFF, 0xE6,
	0x04, 0xFF, 0xF9, 0x89, 0xE8, 0x0D, 0xFF, 0x30, 0x00, 0x13, 0x3F, 0xF9, 0x00, 0x00, 0x00, 0x4F, 0xF8, 0x00, 0x00, 0x00, 0x4F, 0xF8, 0x00, 0x00,
	0x00, 0x2F, 0xFA, 0x00, 0x00, 0x00, 0x0B, 0xFF, 0x60, 0x00, 0x25, 0x02, 0xEF, 0xFC, 0xBC, 0xF8, 0x00, 0x29, 0xFF, 0xFF, 0xC4, 0x00, 0x00, 0x03,
	0x41, 0x00, 0x34, 0x44, 0x40, 0x00, 0x00, 0xBF, 0xFF, 0xFF, 0xD8, 0x00, 0xBF, 0xFB, 0xCF, 0xFF, 0x90, 0xBF, 0xF0, 0x01, 0xCF, 0xF6, 0xBF, 0xF0,
	0x00, 0x1F, 0xFB, 0xBF, 0xF0, 0x00, 0x0C, 0xFD, 0xBF, 0xF0, 0x00, 0x0D, 0xFC, 0xBF, 0xF0, 0x00, 0x3F, 0xFA, 0xBF, 0xF0, 0x05, 0xCF, 0xF4, 0xBF,
	0xFF, 0xFF, 0xFF, 0x80, 0xBF, 0xFF, 0xFD, 0xA4, 0x00, 0x34, 0x44, 0x44, 0x42, 0xBF, 0xFF, 0xFF, 0xF8, 0xBF, 0xFB, 0xBB, 0xB6, 0xBF, 0xF0, 0x00,
	0x00, 0xBF, 0xF4, 0x44, 0x40, 0xBF, 0xFF, 0xFF, 0xF0, 0xBF, 0xFB, 0xBB, 0xB0, 0xBF, 0xF0, 0x00, 0x00, 0xBF, 0xF0, 0x00, 0x00, 0xBF, 0xFF, 0xFF,
	0xF8, 0xBF, 0xFF, 0xFF, 0xF8, 0x34, 0x44, 0x44, 0x42, 0xBF, 0xFF, 0xFF, 0xF8, 0xBF, 0xFB, 0xBB, 0xB6, 0xBF, 0xF0, 0x00, 0x00, 0xBF, 0xF4, 0x44,
	0x40, 0xBF, 0xFF, 0xFF, 0xF0, 0xBF, 0xFB, 0xBB, 0xB0, 0xBF, 0xF0, 0x00, 0x00, 0xBF, 0xF0, 0x00, 0x00, 0xBF, 0xF0, 0x00, 0x00, 0xBF, 0xF0, 0x00,
	0x00, 0x00, 0x00, 0x34, 0x84, 0x30, 0x00, 0x00, 0x3D, 0xFF, 0xFF, 0xFD, 0x00, 0x03, 0xFF, 0xFA, 0x88, 0xCF, 0x00, 0x0D, 0xFF, 0x30, 0x00, 0x02,
	0x00, 0x3F, 0xF9, 0x00, 0x00, 0x00, 0x00, 0x4F, 0xF8, 0x00, 0x8B, 0xBB, 0x60, 0x4F, 0xF8, 0x00, 0xBF, 0xFF, 0x80, 0x2F, 0xFA, 0x00, 0x00, 0xFF,
	0x80, 0x0B, 0xFF, 0x60, 0x00, 0xFF, 0x80, 0x02, 0xEF, 0xFD, 0xBC, 0xFF, 0x80, 0x00, 0x29, 0xFF, 0xFF, 0xE9, 0x30, 0x00, 0x00, 0x03, 0x42, 0x00,
	0x00, 0x34, 0x40, 0x00, 0x14, 0x42, 0xBF, 0xF0, 0x00, 0x4F, 0xF8, 0xBF, 0xF0, 0x00, 0x4F, 0xF8, 0xBF, 0xF0, 0x00, 0x4F, 0xF8, 0xBF, 0xF4, 0x44,
	0x7F, 0xF8, 0xBF, 0xFF, 0xFF, 0xFF, 0xF8, 0xBF, 0xFB, 0xBB, 0xCF, 0xF8, 0xBF, 0xF0, 0x00, 0x4F, 0xF8, 0xBF, 0xF0, 0x00, 0x4F, 0xF8, 0xBF, 0xF0,
	0x00, 0x4F, 0xF8, 0xBF, 0xF0, 0x00, 0x4F, 0xF8, 0x34, 0x40, 0xBF, 0xF0, 0xBF, 0xF0, 0xBF, 0xF0, 0xBF, 0xF0, 0xBF, 0xF0, 0xBF, 0xF0, 0xBF, 0xF0,
	0xBF, 0xF0, 0xBF, 0xF0, 0xBF, 0xF0, 0x00, 0x34, 0x40, 0x00, 0xBF, 0xF0, 0x00, 0xBF, 0xF0, 0x00, 0xBF, 0xF0, 0x00, 0xBF, 0xF0, 0x00, 0xBF, 0xF0,
	0x00, 0xBF, 0xF0, 0x00, 0xBF, 0xF0, 0x00, 0xBF, 0xF0, 0x00, 0xBF, 0xF0, 0x00, 0xBF, 0xE0, 0x37, 0xFF, 0xA0, 0xBF, 0xFE, 0x30, 0x8B, 0x82, 0x00,
	0x34, 0x40, 0x00, 0x14, 0x43, 0x00, 0xBF, 0xF0, 0x03, 0xEF, 0xE3, 0x00, 0xBF, 0xF0, 0x3E, 0xFE, 0x30, 0x00, 0xBF, 0xF3, 0xEF, 0xE3, 0x00, 0x00,
	0xBF, 0xFE, 0xFC, 0x20, 0x00, 0x00, 0xBF, 0xFF, 0xE1, 0x00, 0x00, 0x00, 0xBF, 0xFF, 0xF9, 0x00, 0x00, 0x00, 0xBF, 0xF9, 0xFF, 0x90, 0x00, 0x00,
	0xBF, 0xF0, 0x9F, 0xFA, 0x10, 0x00, 0xBF, 0xF0, 0x09, 0xFF, 0xC1, 0x00, 0xBF, 0xF0, 0x00, 0x9F, 0xFC, 0x10, 0x34, 0x40, 0x00, 0x00, 0xBF, 0xF0,
	0x00, 0x00, 0xBF, 0xF0, 0x00, 0x00, 0xBF, 0xF0, 0x00, 0x00, 0xBF, 0xF0, 0x00, 0x00, 0xBF, 0xF0, 0x00, 0x00, 0xBF, 0xF0, 0x00, 0x00, 0xBF, 0xF0,
	0x00, 0x00, 0xBF, 0xF0, 0x00, 0x00, 0xBF, 0xFF, 0xFF, 0xF8, 0xBF, 0xFF, 0xFF, 0xF8, 0x34, 0x43, 0x00, 0x00, 0x34, 0x43, 0xBF, 0xFE, 0x00, 0x01,
	0xEF, 0xFB, 0xBF, 0xFF, 0x60, 0x07, 0xFF, 0xFB, 0xBF, 0xEF, 0xC0, 0x0D, 0xFD, 0xFB, 0xBF, 0xBC, 0xF3, 0x5F, 0xBB, 0xFB, 0xBF, 0xB6, 0xF9, 0xBF,
	0x5B, 0xFB, 0xBF, 0xB0, 0xEF, 0xFD, 0x0B, 0xFB, 0xBF, 0xB0, 0x8F, 0xF7, 0x0B, 0xFB, 0xBF, 0xB0, 0x2F, 0xE1, 0x0B, 0xFB, 0xBF, 0xB0, 0x00, 0x00,
	0x0B, 0xFB, 0xBF, 0xB0, 0x00, 0x00, 0x0B, 0xFB, 0x34, 0x41, 0x00, 0x04, 0x42, 0xBF, 0xF9, 0x00, 0x0F, 0xF8, 0xBF, 0xFF, 0x20, 0x0F, 0xF8, 0xBF,
	0xFF, 0x90, 0x0F, 0xF8, 0xBF, 0xCE, 0xF3, 0x0F, 0xF8, 0xBF, 0xB6, 0xFB, 0x0F, 0xF8, 0xBF, 0xB0, 0xDF, 0x4F, 0xF8, 0xBF, 0xB0, 0x6F, 0xBF, 0xF8,
	0xBF, 0xB0, 0x0D, 0xFF, 0xF8, 0xBF, 0xB0, 0x04, 0xFF, 0xF8, 0xBF, 0xB0, 0x00, 0xBF, 0xF8, 0x00, 0x00, 0x46, 0x53, 0x00, 0x00, 0x00, 0x5E, 0xFF,
	0xFF, 0xD4, 0x00, 0x05, 0xFF, 0xE8, 0x8E, 0xFF, 0x30, 0x0D, 0xFE, 0x10, 0x03, 0xFF, 0xB0, 0x3F, 0xF8, 0x00, 0x00, 0xAF, 0xF1, 0x4F, 0xF8, 0x00,
	0x00, 0x8F, 0xF4, 0x4F, 0xF8, 0x00, 0x00, 0x8F, 0xF4, 0x2F, 0xF9, 0x00, 0x00, 0xBF, 0xF0, 0x0B, 0xFF, 0x30, 0x05, 0xFF, 0xA0, 0x03, 0xEF, 0xFB,
	0xBF, 0xFE, 0x20, 0x00, 0x3B, 0xFF, 0xFF, 0xA2, 0x00, 0x00, 0x00, 0x04, 0x40, 0x00, 0x00, 0x34, 0x44, 0x43, 0x00, 0x00, 0xBF, 0xFF, 0xFF, 0xE7,
	0x00, 0xBF, 0xFB, 0xBE, 0xFF, 0x50, 0xBF, 0xF0, 0x03, 0xFF, 0x90, 0xBF, 0xF0, 0x01, 0xFF, 0xA0, 0xBF, 0xF8, 0x8C, 0xFF, 0x70, 0xBF, 0xFF, 0xFF,
	0xFA, 0x00, 0xBF, 0xF8, 0x87, 0x30, 0x00, 0xBF, 0xF0, 0x00, 0x00, 0x00, 0xBF, 0xF0, 0x00, 0x00, 0x00, 0xBF, 0xF0, 0x00, 0x00, 0x00, 0x00, 0x00,
	0x46, 0x64, 0x00, 0x00, 0x00, 0x5E, 0xFF, 0xFF, 0xD5, 0x00, 0x05, 0xFF, 0xE8, 0x8E, 0xFF, 0x40, 0x0D, 0xFE, 0x10, 0x03, 0xFF, 0xB0, 0x3F, 0xF8,
	0x00, 0x00, 0xAF, 0xF1, 0x4F, 0xF8, 0x00, 0x00, 0x8F, 0xF4, 0x4F, 0xF8, 0x00, 0x00, 0x8F, 0xF4, 0x2F, 0xF9, 0x00, 0x00, 0xBF, 0xF0, 0x0B, 0xFF,
	0x30, 0x05, 0xFF, 0x90, 0x03, 0xEF, 0xFB, 0xBF, 0xFE, 0x10, 0x00, 0x3A, 0xFF, 0xFF, 0xB1, 0x00, 0x00, 0x00, 0x04, 0x8F, 0xE2, 0x00, 0x00, 0x00,
	0x00, 0x09, 0xFC, 0x10, 0x00, 0x00, 0x00, 0x00, 0x00, 0x00, 0x34, 0x44, 0x42, 0x00, 0x00, 0xBF, 0xFF, 0xFF, 0xD5, 0x00, 0xBF, 0xFB, 0xBF, 0xFE,
	0x10, 0xBF, 0xF0, 0x08, 0xFF, 0x40, 0xBF, 0xF0, 0x08, 0xFF, 0x10, 0xBF, 0xFB, 0xBF, 0xF8, 0x00, 0xBF, 0xFF, 0xFF, 0xC1, 0x00, 0xBF, 0xF4, 0x5F,
	0xFB, 0x00, 0xBF, 0xF0, 0x08, 0xFF, 0x40, 0xBF, 0xF0, 0x01, 0xEF, 0xB0, 0xBF, 0xF0, 0x00, 0x8F, 0xF4, 0x00, 0x47, 0x64, 0x10, 0x00, 0x3D, 0xFF,
	0xFF, 0xF8, 0x00, 0xBF, 0xE8, 0x8A, 0xE8, 0x00, 0xFF, 0x80, 0x00, 0x02, 0x00, 0xEF, 0xD7, 0x40, 0x00, 0x00, 0x6F, 0xFF, 0xFF, 0x91, 0x00, 0x04,
	0x9D, 0xFF, 0xFB, 0x00, 0x00, 0x00, 0x2C, 0xFF, 0x00, 0x82, 0x00, 0x08, 0xFF, 0x00, 0xFF, 0xCB, 0xCF, 0xFB, 0x00, 0x9D, 0xFF, 0xFF, 0xB1, 0x00,
	0x00, 0x14, 0x40, 0x00, 0x00, 0x44, 0x44, 0x44, 0x44, 0x42, 0xFF, 0xFF, 0xFF, 0xFF, 0xF8, 0xBB, 0xBD, 0xFF, 0xBB, 0xB6, 0x00, 0x08, 0xFF, 0x00,
	0x00, 0x00, 0x08, 0xFF, 0x00, 0x00, 0x00, 0x08, 0xFF, 0x00, 0x00, 0x00, 0x08, 0xFF, 0x00, 0x00, 0x00, 0x08, 0xFF, 0x00, 0x00, 0x00, 0x08, 0xFF,
	0x00, 0x00, 0x00, 0x08, 0xFF, 0x00, 0x00, 0x00, 0x08, 0xFF, 0x00, 0x00, 0x34, 0x40, 0x00, 0x24, 0x40, 0xBF, 0xF0, 0x00, 0x8F, 0xF0, 0xBF, 0xF0,
	0x00, 0x8F, 0xF0, 0xBF, 0xF0, 0x00, 0x8F, 0xF0, 0xBF, 0xF0, 0x00, 0x8F, 0xF0, 0xBF, 0xF0, 0x00, 0x8F, 0xF0, 0xBF, 0xF0, 0x00, 0x8F, 0xF0, 0xBF,
	0xF0, 0x00, 0x8F, 0xF0, 0x8F, 0xF4, 0x00, 0xDF, 0xD0, 0x2E, 0xFE, 0xBD, 0xFF, 0x80, 0x04, 0xDF, 0xFF, 0xE8, 0x00, 0x00, 0x02, 0x43, 0x00, 0x00,
	0x44, 0x30, 0x00, 0x00, 0x44, 0x30, 0x9F, 0xE0, 0x00, 0x02, 0xFF, 0x80, 0x5F, 0xF5, 0x00, 0x07, 0xFF, 0x20, 0x0E, 0xFA, 0x00, 0x0D, 0xFC, 0x00,
	0x08, 0xFF, 0x10, 0x3F, 0xF6, 0x00, 0x03, 0xFF, 0x60, 0x8F, 0xF1, 0x00, 0x00, 0xCF, 0xC0, 0xEF, 0x90, 0x00, 0x00, 0x7F, 0xF7, 0xFF, 0x50, 0x00,
	0x00, 0x1F, 0xFE, 0xFD, 0x00, 0x00, 0x00, 0x0A, 0xFF, 0xF8, 0x00, 0x00, 0x00, 0x06, 0xFF, 0xF3, 0x00, 0x00, 0x24, 0x40, 0x00, 0x24, 0x40, 0x00,
	0x24, 0x40, 0x7F, 0xF2, 0x00, 0xAF, 0xF3, 0x00, 0xAF, 0xC0, 0x3F, 0xF5, 0x00, 0xEF, 0xF6, 0x00, 0xDF, 0x90, 0x0E, 0xF8, 0x03, 0xFD, 0xF9, 0x02,
	0xFF, 0x60, 0x0A, 0xFC, 0x07, 0xF7, 0xFD, 0x06, 0xFF, 0x20, 0x07, 0xFF, 0x1A, 0xF3, 0xBF, 0x29, 0xFD, 0x00, 0x04, 0xFF, 0x5D, 0xE0, 0x8F, 0x5D,
	0xFA, 0x00, 0x00, 0xFF, 0x9F, 0xA0, 0x4F, 0x9F, 0xF7, 0x00, 0x00, 0xBF, 0xFF, 0x80, 0x0F, 0xFF, 0xF3, 0x00, 0x00, 0x8F, 0xFF, 0x40, 0x0C, 0xFF,
	0xE0, 0x00, 0x00, 0x4F, 0xFF, 0x00, 0x08, 0xFF, 0xB0, 0x00, 0x24, 0x41, 0x00, 0x02, 0x44, 0x10, 0x2E, 0xFA, 0x00, 0x0C, 0xFD, 0x10, 0x07, 0xFF,
	0x50, 0x8F, 0xF4, 0x00, 0x00, 0xBF, 0xE5, 0xFF, 0x80, 0x00, 0x00, 0x2E, 0xFF, 0xFC, 0x00, 0x00, 0x00, 0x07, 0xFF, 0xF3, 0x00, 0x00, 0x00, 0x0A,
	0xFF, 0xF7, 0x00, 0x00, 0x00, 0x5F, 0xFC, 0xFF, 0x30, 0x00, 0x01, 0xEF, 0xB1, 0xDF, 0xC0, 0x00, 0x0B, 0xFE, 0x10, 0x4F, 0xF8, 0x00, 0x7F, 0xF5,
	0x00, 0x08, 0xFF, 0x30, 0x04, 0x43, 0x00, 0x00, 0x34, 0x41, 0x0A, 0xFF, 0x30, 0x02, 0xEF, 0xC0, 0x01, 0xEF, 0xC0, 0x0A, 0xFF, 0x30, 0x00, 0x5F,
	0xF8, 0x5F, 0xF8, 0x00, 0x00, 0x0A, 0xFE, 0xEF, 0xC0, 0x00, 0x00, 0x01, 0xEF, 0xFF, 0x30, 0x00, 0x00, 0x00, 0x7F, 0xF8, 0x00, 0x00, 0x00, 0x00,
	0x4F, 0xF8, 0x00, 0x00, 0x00, 0x00, 0x4F, 0xF8, 0x00, 0x00, 0x00, 0x00, 0x4F, 0xF8, 0x00, 0x00, 0x00, 0x00, 0x4F, 0xF8, 0x00, 0x00, 0x14, 0x44,
	0x44, 0x44, 0x41, 0x4F, 0xFF, 0xFF, 0xFF, 0xF4, 0x3B, 0xBB, 0xBB, 0xFF, 0xF3, 0x00, 0x00, 0x08, 0xFF, 0x70, 0x00, 0x00, 0x5F, 0xF9, 0x00, 0x00,
	0x03, 0xEF, 0xC0, 0x00, 0x00, 0x1D, 0xFD, 0x10, 0x00, 0x00, 0xCF, 0xE3, 0x00, 0x00, 0x09, 0xFF, 0x50, 0x00, 0x00, 0x4F, 0xFF, 0xFF, 0xFF, 0xF8,
	0x4F, 0xFF, 0xFF, 0xFF, 0xF8, 0x8B, 0xBB, 0x60, 0xBF, 0xFF, 0x80, 0xBF, 0x80, 0x00, 0xBF, 0x80, 0x00, 0xBF, 0x80, 0x00, 0xBF, 0x80, 0x00, 0xBF,
	0x80, 0x00, 0xBF, 0x80, 0x00, 0xBF, 0x80, 0x00, 0xBF, 0x80, 0x00, 0xBF, 0x80, 0x00, 0xBF, 0xDB, 0x60, 0x8B, 0xBB, 0x60, 0x42, 0x00, 0x00, 0xCA,
	0x00, 0x00, 0x7F, 0x10, 0x00, 0x2F, 0x60, 0x00, 0x0D, 0xA0, 0x00, 0x08, 0xE0, 0x00, 0x03, 0xF5, 0x00, 0x00, 0xD9, 0x00, 0x00, 0x9E, 0x00, 0x00,
	0x5F, 0x30, 0x00, 0x0E, 0x80, 0x00, 0x09, 0xD0, 0x00, 0x02, 0x40, 0x0B, 0xBB, 0xB3, 0x0F, 0xFF, 0xF4, 0x00, 0x4F, 0xF4, 0x00, 0x4F, 0xF4, 0x00,
	0x4F, 0xF4, 0x00, 0x4F, 0xF4, 0x00, 0x4F, 0xF4, 0x00, 0x4F, 0xF4, 0x00, 0x4F, 0xF4, 0x00, 0x4F, 0xF4, 0x00, 0x4F, 0xF4, 0x0B, 0xCF, 0xF4, 0x0B,
	0xBB, 0xB3, 0x00, 0x00, 0x43, 0x00, 0x00, 0x00, 0x09, 0xFF, 0x60, 0x00, 0x00, 0x9F, 0xCE, 0xF6, 0x00, 0x09, 0xF8, 0x01, 0xBF, 0x60, 0x28, 0x50,
	0x00, 0x07, 0x70, 0xFF, 0xFF, 0xFF, 0xF0, 0x44, 0x44, 0x44, 0x40, 0x14, 0x30, 0x00, 0x09, 0xE3, 0x00, 0x00, 0x9C, 0x10, 0x00, 0x04, 0x10, 0x06,
	0xBB, 0xBB, 0x81, 0x00, 0x0B, 0xEB, 0xBF, 0xFC, 0x00, 0x03, 0x00, 0x04, 0xFF, 0x40, 0x04, 0xAC, 0xFF, 0xFF, 0x40, 0x2F, 0xFD, 0x88, 0xFF, 0x40,
	0x7F, 0xF1, 0x05, 0xFF, 0x40, 0x4F, 0xFA, 0x8D, 0xFF, 0x40, 0x09, 0xFF, 0xE6, 0xFF, 0x40, 0x00, 0x24, 0x00, 0x00, 0x00, 0x8B, 0x60, 0x00, 0x00,
	0x00, 0xBF, 0x80, 0x00, 0x00, 0x00, 0xBF, 0x80, 0x00, 0x00, 0x00, 0xBF, 0x85, 0xBB, 0x80, 0x00, 0xBF, 0xCF, 0xFF, 0xF8, 0x00, 0xBF, 0xE3, 0x09,
	0xFF, 0x20, 0xBF, 0xB0, 0x04, 0xFF, 0x50, 0xBF, 0xA0, 0x04, 0xFF, 0x70, 0xBF, 0xD0, 0x06, 0xFF, 0x40, 0xBF, 0xFB, 0x8E, 0xFD, 0x00, 0xBF, 0x8B,
	0xFF, 0xD3, 0x00, 0x00, 0x00, 0x23, 0x00, 0x00, 0x00, 0x4A, 0xBB, 0xA2, 0x07, 0xFF, 0xFF, 0xF4, 0x2F, 0xFA, 0x10, 0x22, 0x5F, 0xF4, 0x00, 0x00,
	0x7F, 0xF4, 0x00, 0x00, 0x3F, 0xF8, 0x00, 0x00, 0x0B, 0xFF, 0xA8, 0xC4, 0x01, 0x9F, 0xFF, 0xF3, 0x00, 0x00, 0x44, 0x00, 0x00, 0x00, 0x00, 0x6B,
	0x80, 0x00, 0x00, 0x00, 0x8F, 0xB0, 0x00, 0x00, 0x00, 0x8F, 0xB0, 0x00, 0x8B, 0xB5, 0x8F, 0xB0, 0x08, 0xFF, 0xFF, 0xCF, 0xB0, 0x2F, 0xFA, 0x03,
	0xEF, 0xB0, 0x4F, 0xF4, 0x00, 0xAF, 0xB0, 0x4F, 0xF4, 0x00, 0x9F, 0xB0, 0x3F, 0xF6, 0x00, 0xDF, 0xB0, 0x0C, 0xFE, 0x8B, 0xFF, 0xB0, 0x03, 0xDF,
	0xFB, 0x8F, 0xB0, 0x00, 0x03, 0x20, 0x00, 0x00, 0x00, 0x5A, 0xBB, 0x81, 0x00, 0x08, 0xFF, 0xCE, 0xFC, 0x10, 0x2F, 0xF7, 0x01, 0xDF, 0x80, 0x5F,
	0xFC, 0xBB, 0xEF, 0xB0, 0x7F, 0xFB, 0xBB, 0xBB, 0x80, 0x3F, 0xF5, 0x00, 0x00, 0x20, 0x0B, 0xFE, 0x88, 0x8D, 0x80, 0x01, 0x9F, 0xFF, 0xFD, 0x50,
	0x00, 0x00, 0x44, 0x10, 0x00, 0x00, 0x48, 0xBB, 0x30, 0x04, 0xFF, 0xFF, 0x40, 0x08, 0xFF, 0x10, 0x00, 0x8D, 0xFF, 0xBB, 0x00, 0xBF, 0xFF, 0xFF,
	0x00, 0x08, 0xFF, 0x00, 0x00, 0x08, 0xFF, 0x00, 0x00, 0x08, 0xFF, 0x00, 0x00, 0x08, 0xFF, 0x00, 0x00, 0x08, 0xFF, 0x00, 0x00, 0x08, 0xFF, 0x00,
	0x00, 0x00, 0x8B, 0xB5, 0x6B, 0x80, 0x08, 0xFF, 0xFF, 0xCF, 0xB0, 0x2F, 0xFA, 0x03, 0xEF, 0xB0, 0x4F, 0xF4, 0x00, 0xAF, 0xB0, 0x4F, 0xF4, 0x00,
	0xAF, 0xB0, 0x3F, 0xF8, 0x01, 0xDF, 0xB0, 0x0B, 0xFF, 0xCE, 0xEF, 0xB0, 0x01, 0x9F, 0xE8, 0x9F, 0xB0, 0x02, 0x00, 0x01, 0xDF, 0xA0, 0x08, 0xD9,
	0x9D, 0xFE, 0x30, 0x05, 0xCF, 0xFE, 0xA3, 0x00, 0x00, 0x00, 0x00, 0x00, 0x00, 0x8B, 0x60, 0x00, 0x00, 0xBF, 0x80, 0x00, 0x00, 0xBF, 0x80, 0x00,
	0x00, 0xBF, 0x85, 0xBB, 0x80, 0xBF, 0xCF, 0xFF, 0xF8, 0xBF, 0xF4, 0x1D, 0xFB, 0xBF, 0xB0, 0x08, 0xFB, 0xBF, 0x80, 0x08, 0xFB, 0xBF, 0x80, 0x08,
	0xFB, 0xBF, 0x80, 0x08, 0xFB, 0xBF, 0x80, 0x08, 0xFB, 0x8B, 0x60, 0xBF, 0x80, 0x34, 0x20, 0x8B, 0x60, 0xBF, 0x80, 0xBF, 0x80, 0xBF, 0x80, 0xBF,
	0x80, 0xBF, 0x80, 0xBF, 0x80, 0xBF, 0x80, 0x00, 0x8B, 0x60, 0x00, 0xBF, 0x80, 0x00, 0x34, 0x20, 0x00, 0x8B, 0x60, 0x00, 0xBF, 0x80, 0x00, 0xBF,
	0x80, 0x00, 0xBF, 0x80, 0x00, 0xBF, 0x80, 0x00, 0xBF, 0x80, 0x00, 0xBF, 0x80, 0x00, 0xBF, 0x80, 0x00, 0xDF, 0x80, 0x49, 0xFF, 0x60, 0x8F, 0xE8,
	0x00, 0x00, 0x00, 0x00, 0x8B, 0x60, 0x00, 0x00, 0x00, 0xBF, 0x80, 0x00, 0x00, 0x00, 0xBF, 0x80, 0x00, 0x00, 0x00, 0xBF, 0x80, 0x08, 0xBA, 0x10,
	0xBF, 0x80, 0x9F, 0xE3, 0x00, 0xBF, 0x89, 0xFC, 0x20, 0x00, 0xBF, 0xEF, 0xC1, 0x00, 0x00, 0xBF, 0xEF, 0xE3, 0x00, 0x00, 0xBF, 0x8A, 0xFE, 0x30,
	0x00, 0xBF, 0x81, 0xCF, 0xE3, 0x00, 0xBF, 0x80, 0x1C, 0xFE, 0x30, 0x8B, 0x60, 0xBF, 0x80, 0xBF, 0x80, 0xBF, 0x80, 0xBF, 0x80, 0xBF, 0x80, 0xBF,
	0x80, 0xBF, 0x80, 0xBF, 0x80, 0xBF, 0x80, 0xBF, 0x80, 0x8B, 0x65, 0xBB, 0x50, 0x8B, 0xB5, 0x00, 0xBF, 0xCF, 0xFF, 0xFB, 0xFF, 0xFF, 0x20, 0xBF,
	0xE3, 0x3F, 0xFE, 0x23, 0xFF, 0x70, 0xBF, 0xB0, 0x0F, 0xF9, 0x00, 0xFF, 0x80, 0xBF, 0x80, 0x0F, 0xF8, 0x00, 0xFF, 0x80, 0xBF, 0x80, 0x0F, 0xF8,
	0x00, 0xFF, 0x80, 0xBF, 0x80, 0x0F, 0xF8, 0x00, 0xFF, 0x80, 0xBF, 0x80, 0x0F, 0xF8, 0x00, 0xFF, 0x80, 0x8B, 0x65, 0xBB, 0x80, 0xBF, 0xCF, 0xFF,
	0xF8, 0xBF, 0xF4, 0x1D, 0xFB, 0xBF, 0xB0, 0x08, 0xFB, 0xBF, 0x80, 0x08, 0xFB, 0xBF, 0x80, 0x08, 0xFB, 0xBF, 0x80, 0x08, 0xFB, 0xBF, 0x80, 0x08,
	0xFB, 0x00, 0x5A, 0xBB, 0x92, 0x00, 0x08, 0xFF, 0xFF, 0xFE, 0x30, 0x2F, 0xF9, 0x01, 0xDF, 0xA0, 0x5F, 0xF4, 0x00, 0x8F, 0xF0, 0x7F, 0xF4, 0x00,
	0x8F, 0xF0, 0x3F, 0xF6, 0x00, 0xCF, 0xD0, 0x0B, 0xFE, 0x8B, 0xFF, 0x60, 0x01, 0x9F, 0xFF, 0xE7, 0x00, 0x00, 0x01, 0x43, 0x00, 0x00, 0x8B, 0x65,
	0xBB, 0x80, 0x00, 0xBF, 0xCF, 0xFF, 0xF8, 0x00, 0xBF, 0xE3, 0x09, 0xFF, 0x20, 0xBF, 0xB0, 0x04, 0xFF, 0x50, 0xBF, 0xA0, 0x04, 0xFF, 0x70, 0xBF,
	0xD0, 0x06, 0xFF, 0x40, 0xBF, 0xFB, 0x8E, 0xFD, 0x00, 0xBF, 0x8B, 0xFF, 0xD3, 0x00, 0xBF, 0x80, 0x23, 0x00, 0x00, 0xBF, 0x80, 0x00, 0x00, 0x00,
	0xBF, 0x80, 0x00, 0x00, 0x00, 0x00, 0x8B, 0xB5, 0x6B, 0x80, 0x08, 0xFF, 0xFF, 0xCF, 0xB0, 0x2F, 0xFA, 0x03, 0xEF, 0xB0, 0x4F, 0xF4, 0x00, 0xAF,
	0xB0, 0x4F, 0xF4, 0x00, 0x9F, 0xB0, 0x3F, 0xF6, 0x00, 0xDF, 0xB0, 0x0C, 0xFE, 0x8B, 0xFF, 0xB0, 0x03, 0xDF, 0xFB, 0x8F, 0xB0, 0x00, 0x03, 0x20,
	0x8F, 0xB0, 0x00, 0x00, 0x00, 0x8F, 0xB0, 0x00, 0x00, 0x00, 0x8F, 0xB0, 0x8B, 0x65, 0xB8, 0xBF, 0xCF, 0xFB, 0xBF, 0xF7, 0x43, 0xBF, 0xC0, 0x00,
	0xBF, 0x90, 0x00, 0xBF, 0x80, 0x00, 0xBF, 0x80, 0x00, 0xBF, 0x80, 0x00, 0x03, 0xAB, 0xBB, 0x82, 0x1E, 0xFD, 0xBE, 0xF4, 0x4F, 0xF0, 0x00, 0x32,
	0x2F, 0xFE, 0xB8, 0x40, 0x05, 0xBF, 0xFF, 0xF5, 0x00, 0x00, 0x2C, 0xFA, 0x4D, 0x88, 0x8E, 0xF8, 0x3D, 0xFF, 0xFF, 0xB1, 0x00, 0x14, 0x41, 0x00,
	0x06, 0xB8, 0x00, 0x00, 0x08, 0xFB, 0x00, 0x00, 0x8D, 0xFE, 0xBB, 0x30, 0xBF, 0xFF, 0xFF, 0x40, 0x08, 0xFB, 0x00, 0x00, 0x08, 0xFB, 0x00, 0x00,
	0x08, 0xFB, 0x00, 0x00, 0x08, 0xFC, 0x00, 0x00, 0x07, 0xFF, 0xCB, 0x30, 0x01, 0xAF, 0xFF, 0x40, 0xBB, 0x60, 0x08, 0xB8, 0xFF, 0x80, 0x0B, 0xFB,
	0xFF, 0x80, 0x0B, 0xFB, 0xFF, 0x80, 0x0B, 0xFB, 0xFF, 0x80, 0x0B, 0xFB, 0xDF, 0x90, 0x1E, 0xFB, 0xAF, 0xFB, 0xDF, 0xFB, 0x3D, 0xFF, 0xAC, 0xFB,
	0x00, 0x42, 0x00, 0x00, 0x8B, 0x80, 0x00, 0x8B, 0x90, 0x6F, 0xF1, 0x00, 0xEF, 0x70, 0x0E, 0xF7, 0x05, 0xFF, 0x10, 0x08, 0xFC, 0x09, 0xFA, 0x00,
	0x02, 0xFF, 0x3F, 0xF5, 0x00, 0x00, 0xBF, 0xDF, 0xD0, 0x00, 0x00, 0x6F, 0xFF, 0x80, 0x00, 0x00, 0x0E, 0xFF, 0x20, 0x00, 0x5B, 0xB0, 0x07, 0xB6,
	0x00, 0xBB, 0x40, 0x3F, 0xF2, 0x0C, 0xFB, 0x03, 0xFF, 0x20, 0x0E, 0xF6, 0x1F, 0xFF, 0x07, 0xFD, 0x00, 0x0A, 0xF9, 0x5F, 0x9F, 0x4A, 0xF9, 0x00,
	0x07, 0xFD, 0x8F, 0x3F, 0x8E, 0xF6, 0x00, 0x02, 0xFF, 0xDC, 0x0D, 0xEF, 0xF1, 0x00, 0x00, 0xDF, 0xF8, 0x09, 0xFF, 0xC0, 0x00, 0x00, 0x9F, 0xF5,
	0x06, 0xFF, 0x80, 0x00, 0x6B, 0xB2, 0x01, 0xBB, 0x60, 0x0C, 0xFB, 0x0B, 0xFC, 0x00, 0x02, 0xEF, 0xBF, 0xE2, 0x00, 0x00, 0x5F, 0xFF, 0x50, 0x00,
	0x00, 0x3F, 0xFF, 0x40, 0x00, 0x01, 0xDF, 0xDF, 0xE1, 0x00, 0x0A, 0xFC, 0x0C, 0xFA, 0x00, 0x7F, 0xF3, 0x03, 0xEF, 0x70, 0x8B, 0x80, 0x00, 0x8B,
	0x80, 0x6F, 0xF2, 0x00, 0xEF, 0x70, 0x0D, 0xF7, 0x05, 0xFF, 0x10, 0x08, 0xFD, 0x09, 0xF9, 0x00, 0x01, 0xFF, 0x4E, 0xF5, 0x00, 0x00, 0x9F, 0xDF,
	0xD0, 0x00, 0x00, 0x3F, 0xFF, 0x80, 0x00, 0x00, 0x0B, 0xFF, 0x20, 0x00, 0x00, 0x08, 0xFB, 0x00, 0x00, 0x04, 0x8E, 0xF4, 0x00, 0x00, 0x08, 0xFE,
	0x80, 0x00, 0x00, 0x00, 0x00, 0x00, 0x00, 0x00, 0x3B, 0xBB, 0xBB, 0xB6, 0x4F, 0xFF, 0xFF, 0xF8, 0x00, 0x00, 0x9F, 0xE3, 0x00, 0x09, 0xFE, 0x30,
	0x00, 0x9F, 0xE3, 0x00, 0x09, 0xFE, 0x30, 0x00, 0x4F, 0xFD, 0xBB, 0xB6, 0x4F, 0xFF, 0xFF, 0xF8, 0x00, 0x01, 0x8A, 0xB3, 0x00, 0x0C, 0xFF, 0xF4,
	0x00, 0x0F, 0xF5, 0x00, 0x00, 0x0F, 0xF4, 0x00, 0x00, 0x3F, 0xF4, 0x00, 0x00, 0x7F, 0xF2, 0x00, 0x4F, 0xFF, 0x80, 0x00, 0x2A, 0xEF, 0xC0, 0x00,
	0x00, 0x5F, 0xF4, 0x00, 0x00, 0x2F, 0xF4, 0x00, 0x00, 0x0F, 0xF4, 0x00, 0x00, 0x0F, 0xF9, 0x41, 0x00, 0x08, 0xFF, 0xF4, 0x00, 0x00, 0x24, 0x41,
	0x3B, 0x30, 0x4F, 0x40, 0x4F, 0x40, 0x4F, 0x40, 0x4F, 0x40, 0x4F, 0x40, 0x4F, 0x40, 0x4F, 0x40, 0x4F, 0x40, 0x4F, 0x40, 0x4F, 0x40, 0x4F, 0x40,
	0x4F, 0x40, 0x4F, 0x40, 0x14, 0x10, 0x3B, 0x97, 0x10, 0x00, 0x4F, 0xFF, 0xB0, 0x00, 0x00, 0x6F, 0xF0, 0x00, 0x00, 0x4F, 0xF0, 0x00, 0x00, 0x4F,
	0xF1, 0x00, 0x00, 0x3F, 0xF7, 0x00, 0x00, 0x08, 0xFF, 0xF4, 0x00, 0x0C, 0xFE, 0xA2, 0x00, 0x4F, 0xF5, 0x00, 0x00, 0x4F, 0xF0, 0x00, 0x00, 0x4F,
	0xF0, 0x00, 0x14, 0x9F, 0xF0, 0x00, 0x4F, 0xFF, 0x80, 0x00, 0x14, 0x42, 0x00, 0x00, 0x04, 0x89, 0x60, 0x00, 0x43, 0x7F, 0xFF, 0xFE, 0xBC, 0xF4,
	0x76, 0x00, 0x5A, 0xCB, 0x50, 0x00, 0x00, 0x00, 0x00, 0x00, 0x24, 0x40, 0x8F, 0xF0, 0x8F, 0xF0, 0x48, 0x80,
};
static const tr_glyph_t tr_font_tiny_glyphs[96] = {
	{0, 0, 0, 0, 5, 0}, /* 0x20 */
	{4, 11, 1, 2, 6, 0}, /* 0x21 */
	{5, 5, 1, 2, 7, 22}, /* 0x22 */
	{11, 11, 0, 2, 12, 37}, /* 0x23 */
	{8, 14, 1, 2, 10, 103}, /* 0x24 */
	{14, 12, 0, 2, 14, 159}, /* 0x25 */
	{12, 12, 0, 2, 12, 243}, /* 0x26 */
	{2, 5, 1, 2, 4, 315}, /* 0x27 */
	{5, 13, 1, 2, 6, 320}, /* 0x28 */
	{5, 13, 1, 2, 6, 359}, /* 0x29 */
	{8, 8, 0, 2, 7, 398}, /* 0x2A */
	{10, 9, 1, 4, 12, 430}, /* 0x2B */
	{4, 5, 0, 10, 5, 475}, /* 0x2C */
	{6, 3, 0, 7, 6, 485}, /* 0x2D */
	{3, 3, 1, 10, 5, 494}, /* 0x2E */
	{6, 13, 0, 2, 5, 500}, /* 0x2F */
	{10, 12, 0, 2, 10, 539}, /* 0x30 */
	{8, 11, 1, 2, 10, 599}, /* 0x31 */
	{8, 11, 1, 2, 10, 643}, /* 0x32 */
	{9, 12, 0, 2, 10, 687}, /* 0x33 */
	{10, 11, 0, 2, 10, 747}, /* 0x34 */
	{8, 12, 1, 2, 10, 802}, /* 0x35 */
	{9, 12, 0, 2, 10, 850}, /* 0x36 */
	{9, 11, 0, 2, 10, 910}, /* 0x37 */
	{9, 12, 0, 2, 10, 965}, /* 0x38 */
	{9, 12, 0, 2, 10, 1025}, /* 0x39 */
	{4, 8, 1, 5, 6, 1085}, /* 0x3A */
	{5, 10, 0, 5, 6, 1101}, /* 0x3B */
	{10, 9, 1, 4, 12, 1131}, /* 0x3C */
	{10, 5, 1, 6, 12, 1176}, /* 0x3D */
	{10, 9, 1, 4, 12, 1201}, /* 0x3E */
	{8, 11, 0, 2, 8, 1246}, /* 0x3F */
	{14, 13, 0, 3, 14, 1290}, /* 0x40 */
	{11, 11, 0, 2, 11, 1381}, /* 0x41 */
	{9, 11, 1, 2, 11, 1447}, /* 0x42 */
	{10, 12, 0, 2, 10, 1502}, /* 0x43 */
	{10, 11, 1, 2, 12, 1562}, /* 0x44 */
	{8, 11, 1, 2, 10, 1617}, /* 0x45 */
	{8, 11, 1, 2, 10, 1661}, /* 0x46 */
	{11, 12, 0, 2, 11, 1705}, /* 0x47 */
	{10, 11, 1, 2, 12, 1777}, /* 0x48 */
	{3, 11, 1, 2, 5, 1832}, /* 0x49 */
	{5, 14, -1, 2, 5, 1854}, /* 0x4A */
	{11, 11, 1, 2, 11, 1896}, /* 0x4B */
	{8, 11, 1, 2, 9, 1962}, /* 0x4C */
	{12, 11, 1, 2, 14, 2006}, /* 0x4D */
	{10, 11, 1, 2, 12, 2072}, /* 0x4E */
	{12, 12, 0, 2, 12, 2127}, /* 0x4F */
	{9, 11, 1, 2, 10, 2199}, /* 0x50 */
	{12, 14, 0, 2, 12, 2254}, /* 0x51 */
	{10, 11, 1, 2, 11, 2338}, /* 0x52 */
	{9, 12, 1, 2, 10, 2393}, /* 0x53 */
	{10, 11, 0, 2, 10, 2453}, /* 0x54 */
	{10, 12, 1, 2, 11, 2508}, /* 0x55 */
	{11, 11, 0, 2, 11, 2568}, /* 0x56 */
	{16, 11, 0, 2, 15, 2634}, /* 0x57 */
	{11, 11, 0, 2, 11, 2722}, /* 0x58 */
	{12, 11, -1, 2, 10, 2788}, /* 0x59 */
	{10, 11, 0, 2, 10, 2854}, /* 0x5A */
	{5, 13, 1, 2, 6, 2909}, /* 0x5B */
	{6, 13, 0, 2, 5, 2948}, /* 0x5C */
	{6, 13, 0, 2, 6, 2987}, /* 0x5D */
	{10, 5, 1, 2, 12, 3026}, /* 0x5E */
	{7, 2, 0, 15, 7, 3051}, /* 0x5F */
	{5, 4, 0, 1, 7, 3059}, /* 0x60 */
	{9, 9, 0, 5, 9, 3071}, /* 0x61 */
	{9, 12, 1, 2, 10, 3116}, /* 0x62 */
	{8, 9, 0, 5, 8, 3176}, /* 0x63 */
	{9, 12, 0, 2, 10, 3212}, /* 0x64 */
	{9, 9, 0, 5, 9, 3272}, /* 0x65 */
	{7, 11, 0, 2, 6, 3317}, /* 0x66 */
	{9, 12, 0, 5, 10, 3361}, /* 0x67 */
	{8, 11, 1, 2, 10, 3421}, /* 0x68 */
	{3, 11, 1, 2, 5, 3465}, /* 0x69 */
	{5, 15, -1, 2, 5, 3487}, /* 0x6A */
	{9, 11, 1, 2, 9, 3532}, /* 0x6B */
	{3, 11, 1, 2, 5, 3587}, /* 0x6C */
	{13, 8, 1, 5, 15, 3609}, /* 0x6D */
	{8, 8, 1, 5, 10, 3665}, /* 0x6E */
	{10, 9, 0, 5, 10, 3697}, /* 0x6F */
	{9, 11, 1, 5, 10, 3742}, /* 0x70 */
	{9, 11, 0, 5, 10, 3797}, /* 0x71 */
	{6, 8, 1, 5, 7, 3852}, /* 0x72 */
	{8, 9, 0, 5, 8, 3876}, /* 0x73 */
	{7, 10, 0, 3, 7, 3912}, /* 0x74 */
	{8, 9, 1, 5, 10, 3952}, /* 0x75 */
	{9, 8, 0, 5, 9, 3988}, /* 0x76 */
	{13, 8, 0, 5, 13, 4028}, /* 0x77 */
	{9, 8, 0, 5, 9, 4084}, /* 0x78 */
	{9, 12, 0, 5, 9, 4124}, /* 0x79 */
	{8, 8, 0, 5, 8, 4184}, /* 0x7A */
	{8, 14, 1, 2, 10, 4216}, /* 0x7B */
	{3, 15, 1, 2, 5, 4272}, /* 0x7C */
	{8, 14, 1, 2, 10, 4302}, /* 0x7D */
	{10, 4, 1, 7, 12, 4358}, /* 0x7E */
	{3, 4, 1, 6, 5, 4378}, /* 0x7F */
};
static const tr_font_t tr_font_tiny = {13, 17, tr_font_tiny_glyphs, tr_font_tiny_bits};

static const uint8_t tr_font_small_bits[6950] = {
	0x00, 0x00, 0x8F, 0xFB, 0x8F, 0xFB, 0x8F, 0xFB, 0x8F, 0xFB, 0x8F, 0xFB, 0x7F, 0xF9, 0x4F, 0xF8, 0x3F, 0xF6, 0x08, 0x82, 0x24, 0x43, 0x8F, 0xFB,
	0x8F, 0xFB, 0x8F, 0xFB, 0x00, 0x00, 0x00, 0x00, 0x4F, 0xB0, 0x8F, 0xB0, 0x4F, 0xB0, 0x8F, 0xB0, 0x4F, 0xB0, 0x8F, 0xB0, 0x4F, 0xB0, 0x8F, 0xB0,
	0x3B, 0x80, 0x6B, 0x80, 0x00, 0x00, 0x1F, 0xD0, 0x0B, 0xF3, 0x00, 0x00, 0x00, 0x5F, 0x90, 0x0F, 0xE0, 0x00, 0x00, 0x00, 0x8F, 0x60, 0x4F, 0xA0,
	0x00, 0x06, 0x88, 0xDF, 0x98, 0xBF, 0xB8, 0x60, 0x0B, 0xFF, 0xFF, 0xFF, 0xFF, 0xFF, 0xB0, 0x03, 0x48, 0xFA, 0x45, 0xFE, 0x44, 0x30, 0x00, 0x08,
	0xF6, 0x05, 0xFA, 0x00, 0x00, 0x34, 0x4C, 0xF6, 0x49, 0xF9, 0x43, 0x00, 0xBF, 0xFF, 0xFF, 0xFF, 0xFF, 0xFB, 0x00, 0x8B, 0xDF, 0xDB, 0xBF, 0xEB,
	0xB8, 0x00, 0x00, 0x8F, 0x70, 0x4F, 0xA0, 0x00, 0x00, 0x00, 0xCF, 0x30, 0x8F, 0x70, 0x00, 0x00, 0x01, 0xFE, 0x00, 0xBF, 0x30, 0x00, 0x00, 0x00,
	0x00, 0x6B, 0x00, 0x00, 0x00, 0x00, 0x00, 0x8F, 0x00, 0x00, 0x00, 0x00, 0x48, 0xCF, 0x98, 0x51, 0x00, 0x09, 0xFF, 0xFF, 0xFF, 0xF8, 0x00, 0x6F,
	0xFC, 0xBF, 0x68, 0xC8, 0x00, 0x8F, 0xF4, 0x8F, 0x00, 0x00, 0x00, 0x8F, 0xFC, 0xBF, 0x00, 0x00, 0x00, 0x2F, 0xFF, 0xFF, 0xFC, 0x81, 0x00, 0x03,
	0xBF, 0xFF, 0xFF, 0xFB, 0x00, 0x00, 0x01, 0x9F, 0x9E, 0xFF, 0x30, 0x00, 0x00, 0x8F, 0x08, 0xFF, 0x40, 0x89, 0x51, 0x8F, 0x1A, 0xFF, 0x30, 0x8F,
	0xFF, 0xFF, 0xFF, 0xF9, 0x00, 0x28, 0xBE, 0xFF, 0xFB, 0x70, 0x00, 0x00, 0x00, 0x8F, 0x00, 0x00, 0x00, 0x00, 0x00, 0x8F, 0x00, 0x00, 0x00, 0x00,
	0x00, 0x6B, 0x00, 0x00, 0x00, 0x00, 0x14, 0x42, 0x00, 0x00, 0x00, 0x44, 0x00, 0x00, 0x06, 0xFF, 0xFF, 0x80, 0x00, 0x06, 0xF8, 0x00, 0x00, 0x2F,
	0xF6, 0x4E, 0xF4, 0x00, 0x1E, 0xE1, 0x00, 0x00, 0x6F, 0xC0, 0x0A, 0xF8, 0x00, 0x8F, 0x60, 0x00, 0x00, 0x8F, 0xB0, 0x08, 0xF8, 0x03, 0xFB, 0x00,
	0x00, 0x00, 0x3F, 0xE1, 0x0C, 0xF7, 0x0B, 0xF3, 0x00, 0x00, 0x00, 0x0B, 0xFD, 0xCF, 0xC1, 0x6F, 0x80, 0x00, 0x00, 0x00, 0x01, 0x7B, 0xB8, 0x11,
	0xEE, 0x12, 0x9D, 0xC9, 0x10, 0x00, 0x00, 0x00, 0x08, 0xF6, 0x1E, 0xFB, 0xBF, 0xC0, 0x00, 0x00, 0x00, 0x3F, 0xB0, 0x7F, 0xC0, 0x0E, 0xF5, 0x00,
	0x00, 0x00, 0xBF, 0x30, 0x8F, 0xB0, 0x0B, 0xF8, 0x00, 0x00, 0x06, 0xF8, 0x00, 0x8F, 0xB0, 0x0C, 0xF6, 0x00, 0x00, 0x1E, 0xD1, 0x00, 0x2F, 0xF6,
	0x7F, 0xE2, 0x00, 0x00, 0x8F, 0x50, 0x00, 0x06, 0xEF, 0xFE, 0x60, 0x00, 0x00, 0x44, 0x00, 0x00, 0x00, 0x14, 0x40, 0x00, 0x00, 0x00, 0x24, 0x44,
	0x20, 0x00, 0x00, 0x00, 0x1B, 0xFF, 0xFF, 0xF8, 0x00, 0x00, 0x00, 0x9F, 0xFE, 0xBC, 0xF8, 0x00, 0x00, 0x00, 0xFF, 0xF5, 0x00, 0x23, 0x00, 0x00,
	0x00, 0xDF, 0xF7, 0x00, 0x00, 0x00, 0x00, 0x00, 0x7F, 0xFF, 0x30, 0x00, 0x00, 0x00, 0x06, 0xEF, 0xFF, 0xE3, 0x00, 0x6B, 0xB3, 0x3F, 0xFE, 0xAF,
	0xFE, 0x20, 0x8F, 0xF3, 0xAF, 0xF6, 0x1C, 0xFF, 0xC2, 0xDF, 0xD0, 0xEF, 0xF4, 0x01, 0xCF, 0xFE, 0xFF, 0x80, 0xDF, 0xF6, 0x00, 0x1D, 0xFF, 0xFC,
	0x10, 0x9F, 0xFE, 0x50, 0x2A, 0xFF, 0xFA, 0x00, 0x1E, 0xFF, 0xFF, 0xFF, 0xFF, 0xFF, 0x90, 0x02, 0x9F, 0xFF, 0xFE, 0x84, 0xFF, 0xF7, 0x00, 0x01,
	0x44, 0x30, 0x00, 0x00, 0x00, 0x00, 0x00, 0x4F, 0xB0, 0x4F, 0xB0, 0x4F, 0xB0, 0x4F, 0xB0, 0x3B, 0x80, 0x00, 0x1A, 0xB8, 0x00, 0x8F, 0xF4, 0x01,
	0xEF, 0xB0, 0x07, 0xFF, 0x60, 0x0C, 0xFF, 0x10, 0x2F, 0xFC, 0x00, 0x4F, 0xFA, 0x00, 0x8F, 0xF8, 0x00, 0x8F, 0xF8, 0x00, 0x7F, 0xF8, 0x00, 0x4F,
	0xFB, 0x00, 0x1F, 0xFD, 0x00, 0x0A, 0xFF, 0x20, 0x06, 0xFF, 0x70, 0x00, 0xDF, 0xD0, 0x00, 0x6F, 0xF6, 0x00, 0x04, 0x43, 0x5B, 0xB2, 0x00, 0x1E,
	0xFB, 0x00, 0x08, 0xFF, 0x40, 0x02, 0xFF, 0xA0, 0x00, 0xDF, 0xF1, 0x00, 0x9F, 0xF5, 0x00, 0x8F, 0xF8, 0x00, 0x4F, 0xFA, 0x00, 0x4F, 0xFB, 0x00,
	0x5F, 0xF9, 0x00, 0x8F, 0xF8, 0x00, 0xAF, 0xF4, 0x00, 0xEF, 0xE0, 0x05, 0xFF, 0x80, 0x09, 0xFF, 0x20, 0x2F, 0xF8, 0x00, 0x24, 0x41, 0x00, 0x00,
	0x00, 0x42, 0x00, 0x00, 0x00, 0x00, 0xF8, 0x00, 0x00, 0x4A, 0x20, 0xF8, 0x08, 0x80, 0x4D, 0xF9, 0xFB, 0xDF, 0x90, 0x00, 0x6E, 0xFF, 0xA2, 0x00,
	0x04, 0xBF, 0xFF, 0xE8, 0x10, 0x7F, 0xB4, 0xF8, 0x8F, 0xC0, 0x16, 0x00, 0xF8, 0x02, 0x50, 0x00, 0x00, 0xF8, 0x00, 0x00, 0x00, 0x00, 0x02, 0x42,
	0x00, 0x00, 0x00, 0x00, 0x00, 0x08, 0xF8, 0x00, 0x00, 0x00, 0x00, 0x00, 0x08, 0xF8, 0x00, 0x00, 0x00, 0x00, 0x00, 0x08, 0xF8, 0x00, 0x00, 0x00,
	0x00, 0x00, 0x08, 0xF8, 0x00, 0x00, 0x00, 0x0B, 0xBB, 0xBD, 0xFD, 0xBB, 0xBB, 0x30, 0x0F, 0xFF, 0xFF, 0xFF, 0xFF, 0xFF, 0x40, 0x08, 0x88, 0x8B,
	0xFB, 0x88, 0x88, 0x20, 0x00, 0x00, 0x08, 0xF8, 0x00, 0x00, 0x00, 0x00, 0x00, 0x08, 0xF8, 0x00, 0x00, 0x00, 0x00, 0x00, 0x08, 0xF8, 0x00, 0x00,
	0x00, 0x00, 0x00, 0x08, 0xF8, 0x00, 0x00, 0x00, 0x02, 0x88, 0x80, 0x04, 0xFF, 0xF0, 0x04, 0xFF, 0xF0, 0x04, 0xFF, 0xC0, 0x08, 0xFF, 0x30, 0x0B,
	0xF8, 0x00, 0x08, 0x80, 0x00, 0x08, 0x88, 0x88, 0x40, 0x0F, 0xFF, 0xFF, 0x80, 0x0F, 0xFF, 0xFF, 0x80, 0x00, 0x00, 0x00, 0x00, 0x28, 0x88, 0x00,
	0x4F, 0xFF, 0x00, 0x4F, 0xFF, 0x00, 0x4F, 0xFF, 0x00, 0x00, 0x00, 0x00, 0x00, 0x00, 0x00, 0x8F, 0x60, 0x00, 0x00, 0xDF, 0x10, 0x00, 0x03, 0xFB,
	0x00, 0x00, 0x08, 0xF7, 0x00, 0x00, 0x0C, 0xF2, 0x00, 0x00, 0x2F, 0xC0, 0x00, 0x00, 0x7F, 0x80, 0x00, 0x00, 0xCF, 0x30, 0x00, 0x01, 0xFD, 0x00,
	0x00, 0x06, 0xF8, 0x00, 0x00, 0x0A, 0xF4, 0x00, 0x00, 0x1F, 0xE0, 0x00, 0x00, 0x5F, 0x90, 0x00, 0x00, 0x9F, 0x50, 0x00, 0x00, 0xAB, 0x00, 0x00,
	0x00, 0x00, 0x00, 0x24, 0x44, 0x00, 0x00, 0x00, 0x19, 0xFF, 0xFF, 0xE5, 0x00, 0x00, 0xCF, 0xFF, 0xFF, 0xFF, 0x50, 0x06, 0xFF, 0xE2, 0x08, 0xFF,
	0xD0, 0x0B, 0xFF, 0x80, 0x00, 0xFF, 0xF5, 0x0F, 0xFF, 0x50, 0x00, 0xBF, 0xF8, 0x0F, 0xFF, 0x40, 0x00, 0xBF, 0xF9, 0x4F, 0xFF, 0x40, 0x00, 0xBF,
	0xFB, 0x0F, 0xFF, 0x40, 0x00, 0xBF, 0xF9, 0x0F, 0xFF, 0x50, 0x00, 0xCF, 0xF8, 0x0A, 0xFF, 0x80, 0x01, 0xFF, 0xF4, 0x06, 0xFF, 0xE4, 0x19, 0xFF,
	0xD0, 0x00, 0xAF, 0xFF, 0xFF, 0xFF, 0x40, 0x00, 0x08, 0xEF, 0xFF, 0xD4, 0x00, 0x00, 0x00, 0x04, 0x42, 0x00, 0x00, 0x00, 0x00, 0x00, 0x00, 0x00,
	0x8B, 0xFF, 0xFF, 0x40, 0x00, 0xFF, 0xFF, 0xFF, 0x40, 0x00, 0xB8, 0x5F, 0xFF, 0x40, 0x00, 0x00, 0x0F, 0xFF, 0x40, 0x00, 0x00, 0x0F, 0xFF, 0x40,
	0x00, 0x00, 0x0F, 0xFF, 0x40, 0x00, 0x00, 0x0F, 0xFF, 0x40, 0x00, 0x00, 0x0F, 0xFF, 0x40, 0x00, 0x00, 0x0F, 0xFF, 0x40, 0x00, 0x00, 0x0F, 0xFF,
	0x40, 0x00, 0x44, 0x4F, 0xFF, 0x74, 0x41, 0xFF, 0xFF, 0xFF, 0xFF, 0xF4, 0xFF, 0xFF, 0xFF, 0xFF, 0xF4, 0x00, 0x24, 0x44, 0x40, 0x00, 0x6D, 0xFF,
	0xFF, 0xFD, 0x50, 0x8F, 0xFF, 0xFF, 0xFF, 0xF5, 0x8B, 0x50, 0x04, 0xEF, 0xFA, 0x10, 0x00, 0x00, 0x8F, 0xFB, 0x00, 0x00, 0x00, 0x8F, 0xFB, 0x00,
	0x00, 0x02, 0xEF, 0xF5, 0x00, 0x00, 0x3D, 0xFF, 0x90, 0x00, 0x03, 0xEF, 0xF9, 0x00, 0x00, 0x6E, 0xFF, 0x70, 0x00, 0x06, 0xFF, 0xF6, 0x00, 0x00,
	0x7F, 0xFF, 0xB8, 0x88, 0x88, 0x8F, 0xFF, 0xFF, 0xFF, 0xFF, 0x8F, 0xFF, 0xFF, 0xFF, 0xFF, 0x00, 0x34, 0x44, 0x40, 0x00, 0x00, 0x3F, 0xFF, 0xFF,
	0xFE, 0x80, 0x00, 0x4F, 0xFF, 0xFF, 0xFF, 0xF6, 0x00, 0x36, 0x20, 0x04, 0xEF, 0xFB, 0x00, 0x00, 0x00, 0x00, 0x9F, 0xFB, 0x00, 0x00, 0x00, 0x02,
	0xDF, 0xF6, 0x00, 0x00, 0x6B, 0xDF, 0xFD, 0x80, 0x00, 0x00, 0x8F, 0xFF, 0xFF, 0x91, 0x00, 0x00, 0x24, 0x68, 0xFF, 0xF9, 0x00, 0x00, 0x00, 0x00,
	0x7F, 0xFF, 0x00, 0x00, 0x00, 0x00, 0x5F, 0xFF, 0x00, 0x97, 0x40, 0x05, 0xCF, 0xFD, 0x00, 0xBF, 0xFF, 0xFF, 0xFF, 0xF6, 0x00, 0x8E, 0xFF, 0xFF,
	0xFC, 0x40, 0x00, 0x00, 0x24, 0x44, 0x00, 0x00, 0x00, 0x00, 0x00, 0x00, 0x00, 0x00, 0x00, 0x00, 0x00, 0x05, 0xFF, 0xFB, 0x00, 0x00, 0x00, 0x1E,
	0xFF, 0xFB, 0x00, 0x00, 0x00, 0xAF, 0xEF, 0xFB, 0x00, 0x00, 0x05, 0xFE, 0x6F, 0xFB, 0x00, 0x00, 0x1E, 0xF7, 0x4F, 0xFB, 0x00, 0x00, 0xAF, 0xB0,
	0x4F, 0xFB, 0x00, 0x07, 0xFE, 0x10, 0x4F, 0xFB, 0x00, 0x2E, 0xF5, 0x00, 0x4F, 0xFB, 0x00, 0x4F, 0xFB, 0xBB, 0xCF, 0xFE, 0xB8, 0x4F, 0xFF, 0xFF,
	0xFF, 0xFF, 0xFB, 0x28, 0x88, 0x88, 0x9F, 0xFD, 0x86, 0x00, 0x00, 0x00, 0x4F, 0xFB, 0x00, 0x00, 0x00, 0x00, 0x4F, 0xFB, 0x00, 0x00, 0x00, 0x00,
	0x00, 0x00, 0x00, 0x0F, 0xFF, 0xFF, 0xFF, 0xF4, 0x00, 0x0F, 0xFF, 0xFF, 0xFF, 0xF4, 0x00, 0x0F, 0xF9, 0x44, 0x44, 0x41, 0x00, 0x0F, 0xF8, 0x00,
	0x00, 0x00, 0x00, 0x0F, 0xFC, 0xBB, 0xB7, 0x10, 0x00, 0x0F, 0xFF, 0xFF, 0xFF, 0xD3, 0x00, 0x0F, 0xB8, 0x8A, 0xFF, 0xFB, 0x00, 0x01, 0x00, 0x00,
	0x8F, 0xFF, 0x20, 0x00, 0x00, 0x00, 0x2F, 0xFF, 0x40, 0x10, 0x00, 0x00, 0x5F, 0xFF, 0x40, 0x8B, 0x51, 0x05, 0xCF, 0xFE, 0x00, 0x8F, 0xFF, 0xFF,
	0xFF, 0xF6, 0x00, 0x4C, 0xFF, 0xFF, 0xFC, 0x40, 0x00, 0x00, 0x04, 0x44, 0x10, 0x00, 0x00, 0x00, 0x00, 0x24, 0x44, 0x20, 0x00, 0x00, 0x3B, 0xFF,
	0xFF, 0xFA, 0x00, 0x03, 0xEF, 0xFF, 0xFF, 0xFB, 0x00, 0x1D, 0xFF, 0x91, 0x00, 0x36, 0x00, 0x6F, 0xFB, 0x00, 0x00, 0x00, 0x00, 0xAF, 0xF8, 0x69,
	0xA7, 0x20, 0x00, 0xBF, 0xFE, 0xFF, 0xFF, 0xE6, 0x00, 0xEF, 0xFF, 0xC8, 0xBF, 0xFE, 0x20, 0xBF, 0xFE, 0x10, 0x1D, 0xFF, 0x70, 0xBF, 0xFB, 0x00,
	0x0B, 0xFF, 0x80, 0x8F, 0xFB, 0x00, 0x0B, 0xFF, 0x80, 0x2F, 0xFF, 0x30, 0x3F, 0xFF, 0x30, 0x08, 0xFF, 0xFF, 0xFF, 0xF9, 0x00, 0x00, 0x7E, 0xFF,
	0xFE, 0x80, 0x00, 0x00, 0x00, 0x34, 0x30, 0x00, 0x00, 0x00, 0x00, 0x00, 0x00, 0x00, 0x00, 0xBF, 0xFF, 0xFF, 0xFF, 0xFF, 0x00, 0xBF, 0xFF, 0xFF,
	0xFF, 0xFF, 0x00, 0x34, 0x44, 0x44, 0xAF, 0xFB, 0x00, 0x00, 0x00, 0x01, 0xEF, 0xF5, 0x00, 0x00, 0x00, 0x07, 0xFF, 0xD0, 0x00, 0x00, 0x00, 0x0D,
	0xFF, 0x60, 0x00, 0x00, 0x00, 0x6F, 0xFE, 0x00, 0x00, 0x00, 0x00, 0xCF, 0xF8, 0x00, 0x00, 0x00, 0x04, 0xFF, 0xE1, 0x00, 0x00, 0x00, 0x0B, 0xFF,
	0x90, 0x00, 0x00, 0x00, 0x2F, 0xFF, 0x20, 0x00, 0x00, 0x00, 0x9F, 0xF9, 0x00, 0x00, 0x00, 0x02, 0xFF, 0xF4, 0x00, 0x00, 0x00, 0x00, 0x04, 0x44,
	0x42, 0x00, 0x00, 0x06, 0xEF, 0xFF, 0xFF, 0xB1, 0x00, 0x4F, 0xFF, 0xDB, 0xFF, 0xFB, 0x00, 0x8F, 0xFC, 0x00, 0x5F, 0xFF, 0x00, 0x8F, 0xF8, 0x00,
	0x1F, 0xFF, 0x00, 0x4F, 0xFD, 0x20, 0x8F, 0xFB, 0x00, 0x06, 0xDF, 0xFF, 0xFF, 0xA1, 0x00, 0x07, 0xDF, 0xFF, 0xFF, 0xA2, 0x00, 0x6F, 0xFD, 0x54,
	0x8F, 0xFD, 0x10, 0xCF, 0xF6, 0x00, 0x0D, 0xFF, 0x50, 0xEF, 0xF5, 0x00, 0x0C, 0xFF, 0x80, 0xBF, 0xFA, 0x10, 0x4F, 0xFF, 0x40, 0x5F, 0xFF, 0xFF,
	0xFF, 0xFC, 0x00, 0x05, 0xDF, 0xFF, 0xFF, 0x91, 0x00, 0x00, 0x02, 0x44, 0x40, 0x00, 0x00, 0x00, 0x00, 0x34, 0x43, 0x00, 0x00, 0x00, 0x3D, 0xFF,
	0xFF, 0xB3, 0x00, 0x03, 0xFF, 0xFC, 0xDF, 0xFE, 0x20, 0x0B, 0xFF, 0x90, 0x0A, 0xFF, 0x90, 0x0F, 0xFF, 0x40, 0x04, 0xFF, 0xF0, 0x0F, 0xFF, 0x40,
	0x04, 0xFF, 0xF4, 0x0E, 0xFF, 0x80, 0x08, 0xFF, 0xF4, 0x08, 0xFF, 0xFA, 0xAF, 0xFF, 0xF4, 0x00, 0x9F, 0xFF, 0xFF, 0xEF, 0xF4, 0x00, 0x04, 0x88,
	0x72, 0xFF, 0xF2, 0x00, 0x00, 0x00, 0x06, 0xFF, 0xD0, 0x03, 0x62, 0x00, 0x6E, 0xFF, 0x60, 0x04, 0xFF, 0xFF, 0xFF, 0xF9, 0x00, 0x03, 0xEF, 0xFF,
	0xFD, 0x60, 0x00, 0x00, 0x02, 0x44, 0x30, 0x00, 0x00, 0xBB, 0xB3, 0xFF, 0xF4, 0xFF, 0xF4, 0x88, 0x82, 0x00, 0x00, 0x00, 0x00, 0x88, 0x82, 0xFF,
	0xF4, 0xFF, 0xF4, 0xFF, 0xF4, 0x0B, 0xBB, 0x30, 0x0F, 0xFF, 0x40, 0x0F, 0xFF, 0x40, 0x08, 0x88, 0x20, 0x00, 0x00, 0x00, 0x00, 0x00, 0x00, 0x08,
	0x88, 0x20, 0x0F, 0xFF, 0x40, 0x0F, 0xFF, 0x40, 0x1F, 0xFE, 0x10, 0x5F, 0xF5, 0x00, 0x8F, 0xB0, 0x00, 0x68, 0x20, 0x00, 0x00, 0x00, 0x00, 0x00,
	0x00, 0x28, 0x30, 0x00, 0x00, 0x00, 0x01, 0x7C, 0xFF, 0x40, 0x00, 0x00, 0x06, 0xAF, 0xFF, 0xFA, 0x20, 0x00, 0x49, 0xEF, 0xFF, 0xA6, 0x10, 0x00,
	0x0D, 0xFF, 0xFB, 0x61, 0x00, 0x00, 0x00, 0x0F, 0xFE, 0x81, 0x00, 0x00, 0x00, 0x00, 0x09, 0xEF, 0xFF, 0xA6, 0x00, 0x00, 0x00, 0x00, 0x06, 0xAF,
	0xFF, 0xE9, 0x50, 0x00, 0x00, 0x00, 0x01, 0x6C, 0xFF, 0xFE, 0x30, 0x00, 0x00, 0x00, 0x00, 0x28, 0xDF, 0x40, 0x00, 0x00, 0x00, 0x00, 0x00, 0x03,
	0x20, 0x0B, 0xBB, 0xBB, 0xBB, 0xBB, 0xBB, 0x30, 0x0F, 0xFF, 0xFF, 0xFF, 0xFF, 0xFF, 0x40, 0x08, 0x88, 0x88, 0x88, 0x88, 0x88, 0x20, 0x00, 0x00,
	0x00, 0x00, 0x00, 0x00, 0x00, 0x0B, 0xBB, 0xBB, 0xBB, 0xBB, 0xBB, 0x30, 0x0F, 0xFF, 0xFF, 0xFF, 0xFF, 0xFF, 0x40, 0x08, 0x88, 0x88, 0x88, 0x88,
	0x88, 0x20, 0x08, 0x30, 0x00, 0x00, 0x00, 0x00, 0x00, 0x0F, 0xFC, 0x72, 0x00, 0x00, 0x00, 0x00, 0x09, 0xEF, 0xFF, 0xA6, 0x10, 0x00, 0x00, 0x00,
	0x16, 0xAF, 0xFF, 0xE9, 0x50, 0x00, 0x00, 0x00, 0x01, 0x6A, 0xFF, 0xFE, 0x30, 0x00, 0x00, 0x00, 0x00, 0x6E, 0xFF, 0x40, 0x00, 0x00, 0x05, 0x9E,
	0xFF, 0xE9, 0x20, 0x00, 0x59, 0xEF, 0xFF, 0xA6, 0x10, 0x00, 0x0E, 0xFF, 0xFC, 0x72, 0x00, 0x00, 0x00, 0x0F, 0xD8, 0x20, 0x00, 0x00, 0x00, 0x00,
	0x04, 0x00, 0x00, 0x00, 0x00, 0x00, 0x00, 0x00, 0x44, 0x43, 0x00, 0x00, 0x8F, 0xFF, 0xFF, 0xD3, 0x00, 0xBF, 0xFF, 0xFF, 0xFE, 0x00, 0xA7, 0x10,
	0x3F, 0xFF, 0x40, 0x00, 0x00, 0x0F, 0xFF, 0x40, 0x00, 0x00, 0x7F, 0xFE, 0x00, 0x00, 0x07, 0xFF, 0xF5, 0x00, 0x00, 0x6F, 0xFF, 0x60, 0x00, 0x00,
	0xDF, 0xF7, 0x00, 0x00, 0x00, 0x88, 0x82, 0x00, 0x00, 0x00, 0x44, 0x41, 0x00, 0x00, 0x00, 0xFF, 0xF4, 0x00, 0x00, 0x00, 0xFF, 0xF4, 0x00, 0x00,
	0x00, 0xFF, 0xF4, 0x00, 0x00, 0x00, 0x00, 0x03, 0x89, 0xA8, 0x61, 0x00, 0x00, 0x00, 0x03, 0xBF, 0xFF, 0xFF, 0xFE, 0x80, 0x00, 0x00, 0x6F, 0xE8,
	0x30, 0x02, 0x6D, 0xF9, 0x00, 0x04, 0xFC, 0x30, 0x00, 0x00, 0x00, 0x9F, 0x80, 0x0D, 0xE2, 0x01, 0x7B, 0x81, 0x86, 0x0B, 0xF2, 0x6F, 0x80, 0x0C,
	0xFF, 0xFC, 0xFB, 0x04, 0xF8, 0x9F, 0x10, 0x6F, 0xC1, 0x1C, 0xFB, 0x00, 0xFB, 0xBD, 0x00, 0xAF, 0x60, 0x05, 0xFB, 0x00, 0xFB, 0xBB, 0x00, 0xBF,
	0x40, 0x04, 0xFB, 0x01, 0xF9, 0xBF, 0x00, 0x8F, 0x80, 0x08, 0xFB, 0x08, 0xF4, 0x8F, 0x40, 0x4F, 0xF8, 0x8E, 0xFD, 0x9F, 0x90, 0x2F, 0xB0, 0x06,
	0xEF, 0xF8, 0xFF, 0xE8, 0x00, 0x08, 0xF7, 0x00, 0x14, 0x20, 0x43, 0x00, 0x00, 0x01, 0xCF, 0x91, 0x00, 0x00, 0x18, 0x80, 0x00, 0x00, 0x1B, 0xFF,
	0xB8, 0x8A, 0xEF, 0xC1, 0x00, 0x00, 0x00, 0x4A, 0xFF, 0xFF, 0xB6, 0x00, 0x00, 0x00, 0x00, 0x00, 0x00, 0x10, 0x00, 0x00, 0x00, 0x00, 0x00, 0x00,
	0x00, 0x00, 0x00, 0x00, 0x00, 0x00, 0x5F, 0xFF, 0xF3, 0x00, 0x00, 0x00, 0x00, 0x9F, 0xFF, 0xF9, 0x00, 0x00, 0x00, 0x01, 0xFF, 0xFF, 0xFE, 0x00,
	0x00, 0x00, 0x06, 0xFF, 0xCD, 0xFF, 0x50, 0x00, 0x00, 0x0B, 0xFF, 0x78, 0xFF, 0xA0, 0x00, 0x00, 0x2F, 0xFF, 0x22, 0xFF, 0xF1, 0x00, 0x00, 0x8F,
	0xFB, 0x00, 0xCF, 0xF7, 0x00, 0x00, 0xDF, 0xF6, 0x00, 0x7F, 0xFC, 0x00, 0x04, 0xFF, 0xFC, 0xBB, 0xCF, 0xFF, 0x30, 0x09, 0xFF, 0xFF, 0xFF, 0xFF,
	0xFF, 0x80, 0x1E, 0xFF, 0x98, 0x88, 0x8A, 0xFF, 0xD0, 0x6F, 0xFF, 0x10, 0x00, 0x01, 0xFF, 0xF5, 0xAF, 0xF9, 0x00, 0x00, 0x00, 0xAF, 0xF9, 0x00,
	0x00, 0x00, 0x00, 0x00, 0x00, 0x4F, 0xFF, 0xFF, 0xFF, 0xC6, 0x00, 0x4F, 0xFF, 0xFF, 0xFF, 0xFF, 0x70, 0x4F, 0xFF, 0x44, 0x4C, 0xFF, 0xC0, 0x4F,
	0xFF, 0x00, 0x08, 0xFF, 0xF0, 0x4F, 0xFF, 0x00, 0x2C, 0xFF, 0xA0, 0x4F, 0xFF, 0xFF, 0xFF, 0xFC, 0x20, 0x4F, 0xFF, 0xFF, 0xFF, 0xFD, 0x50, 0x4F,
	0xFF, 0x44, 0x4A, 0xFF, 0xE2, 0x4F, 0xFF, 0x00, 0x00, 0xFF, 0xF6, 0x4F, 0xFF, 0x00, 0x01, 0xFF, 0xF8, 0x4F, 0xFF, 0x44, 0x5A, 0xFF, 0xF4, 0x4F,
	0xFF, 0xFF, 0xFF, 0xFF, 0xB0, 0x4F, 0xFF, 0xFF, 0xFF, 0xB7, 0x00, 0x00, 0x00, 0x01, 0x44, 0x44, 0x00, 0x00, 0x00, 0x02, 0x9F, 0xFF, 0xFF, 0xF9,
	0x00, 0x00, 0x3E, 0xFF, 0xFF, 0xFF, 0xFF, 0x00, 0x01, 0xEF, 0xFE, 0x83, 0x04, 0x8E, 0x00, 0x08, 0xFF, 0xF4, 0x00, 0x00, 0x01, 0x00, 0x0D, 0xFF,
	0xA0, 0x00, 0x00, 0x00, 0x00, 0x0F, 0xFF, 0x80, 0x00, 0x00, 0x00, 0x00, 0x0F, 0xFF, 0x80, 0x00, 0x00, 0x00, 0x00, 0x0F, 0xFF, 0x80, 0x00, 0x00,
	0x00, 0x00, 0x0D, 0xFF, 0xB0, 0x00, 0x00, 0x00, 0x00, 0x08, 0xFF, 0xF6, 0x00, 0x00, 0x02, 0x00, 0x01, 0xEF, 0xFF, 0x84, 0x45, 0x9F, 0x00, 0x00,
	0x3E, 0xFF, 0xFF, 0xFF, 0xFF, 0x00, 0x00, 0x01, 0x8E, 0xFF, 0xFF, 0xD8, 0x00, 0x00, 0x00, 0x00, 0x24, 0x42, 0x00, 0x00, 0x00, 0x00, 0x00, 0x00,
	0x00, 0x00, 0x00, 0x4F, 0xFF, 0xFF, 0xFF, 0xB6, 0x00, 0x00, 0x4F, 0xFF, 0xFF, 0xFF, 0xFF, 0xC1, 0x00, 0x4F, 0xFF, 0x88, 0x8D, 0xFF, 0xFC, 0x00,
	0x4F, 0xFF, 0x00, 0x00, 0x9F, 0xFF, 0x60, 0x4F, 0xFF, 0x00, 0x00, 0x0D, 0xFF, 0xB0, 0x4F, 0xFF, 0x00, 0x00, 0x08, 0xFF, 0xF0, 0x4F, 0xFF, 0x00,
	0x00, 0x08, 0xFF, 0xF0, 0x4F, 0xFF, 0x00, 0x00, 0x08, 0xFF, 0xF0, 0x4F, 0xFF, 0x00, 0x00, 0x1D, 0xFF, 0xA0, 0x4F, 0xFF, 0x00, 0x01, 0x9F, 0xFF,
	0x60, 0x4F, 0xFF, 0x88, 0xAE, 0xFF, 0xFB, 0x00, 0x4F, 0xFF, 0xFF, 0xFF, 0xFF, 0xA1, 0x00, 0x4F, 0xFF, 0xFF, 0xFB, 0x94, 0x00, 0x00, 0x00, 0x00,
	0x00, 0x00, 0x00, 0x4F, 0xFF, 0xFF, 0xFF, 0xFB, 0x4F, 0xFF, 0xFF, 0xFF, 0xFB, 0x4F, 0xFF, 0x88, 0x88, 0x86, 0x4F, 0xFF, 0x00, 0x00, 0x00, 0x4F,
	0xFF, 0x00, 0x00, 0x00, 0x4F, 0xFF, 0xFF, 0xFF, 0xF8, 0x4F, 0xFF, 0xFF, 0xFF, 0xF8, 0x4F, 0xFF, 0x88, 0x88, 0x84, 0x4F, 0xFF, 0x00, 0x00, 0x00,
	0x4F, 0xFF, 0x00, 0x00, 0x00, 0x4F, 0xFF, 0x88, 0x88, 0x88, 0x4F, 0xFF, 0xFF, 0xFF, 0xFF, 0x4F, 0xFF, 0xFF, 0xFF, 0xFF, 0x00, 0x00, 0x00, 0x00,
	0x00, 0x4F, 0xFF, 0xFF, 0xFF, 0xFB, 0x4F, 0xFF, 0xFF, 0xFF, 0xFB, 0x4F, 0xFF, 0x88, 0x88, 0x86, 0x4F, 0xFF, 0x00, 0x00, 0x00, 0x4F, 0xFF, 0x00,
	0x00, 0x00, 0x4F, 0xFF, 0xFF, 0xFF, 0xF8, 0x4F, 0xFF, 0xFF, 0xFF, 0xF8, 0x4F, 0xFF, 0x88, 0x88, 0x84, 0x4F, 0xFF, 0x00, 0x00, 0x00, 0x4F, 0xFF,
	0x00, 0x00, 0x00, 0x4F, 0xFF, 0x00, 0x00, 0x00, 0x4F, 0xFF, 0x00, 0x00, 0x00, 0x4F, 0xFF, 0x00, 0x00, 0x00, 0x00, 0x00, 0x00, 0x44, 0x44, 0x30,
	0x00, 0x00, 0x02, 0x9F, 0xFF, 0xFF, 0xFE, 0x90, 0x00, 0x3E, 0xFF, 0xFF, 0xFF, 0xFF, 0xF0, 0x01, 0xEF, 0xFF, 0x84, 0x03, 0x59, 0xF0, 0x08, 0xFF,
	0xF4, 0x00, 0x00, 0x00, 0x20, 0x0D, 0xFF, 0xA0, 0x00, 0x00, 0x00, 0x00, 0x0F, 0xFF, 0x80, 0x00, 0x34, 0x44, 0x42, 0x0F, 0xFF, 0x80, 0x00, 0xBF,
	0xFF, 0xF8, 0x0F, 0xFF, 0x80, 0x00, 0xBF, 0xFF, 0xF8, 0x0D, 0xFF, 0xB0, 0x00, 0x00, 0xBF, 0xF8, 0x08, 0xFF, 0xF6, 0x00, 0x00, 0xBF, 0xF8, 0x01,
	0xEF, 0xFF, 0x94, 0x44, 0xDF, 0xF8, 0x00, 0x3E, 0xFF, 0xFF, 0xFF, 0xFF, 0xF8, 0x00, 0x01, 0x8E, 0xFF, 0xFF, 0xFB, 0x71, 0x00, 0x00, 0x00, 0x24,
	0x43, 0x00, 0x00, 0x00, 0x00, 0x00, 0x00, 0x00, 0x00, 0x00, 0x4F, 0xFF, 0x00, 0x00, 0x0F, 0xFF, 0x80, 0x4F, 0xFF, 0x00, 0x00, 0x0F, 0xFF, 0x80,
	0x4F, 0xFF, 0x00, 0x00, 0x0F, 0xFF, 0x80, 0x4F, 0xFF, 0x00, 0x00, 0x0F, 0xFF, 0x80, 0x4F, 0xFF, 0x00, 0x00, 0x0F, 0xFF, 0x80, 0x4F, 0xFF, 0xFF,
	0xFF, 0xFF, 0xFF, 0x80, 0x4F, 0xFF, 0xFF, 0xFF, 0xFF, 0xFF, 0x80, 0x4F, 0xFF, 0x88, 0x88, 0x8F, 0xFF, 0x80, 0x4F, 0xFF, 0x00, 0x00, 0x0F, 0xFF,
	0x80, 0x4F, 0xFF, 0x00, 0x00, 0x0F, 0xFF, 0x80, 0x4F, 0xFF, 0x00, 0x00, 0x0F, 0xFF, 0x80, 0x4F, 0xFF, 0x00, 0x00, 0x0F, 0xFF, 0x80, 0x4F, 0xFF,
	0x00, 0x00, 0x0F, 0xFF, 0x80, 0x00, 0x00, 0x00, 0x4F, 0xFF, 0x00, 0x4F, 0xFF, 0x00, 0x4F, 0xFF, 0x00, 0x4F, 0xFF, 0x00, 0x4F, 0xFF, 0x00, 0x4F,
	0xFF, 0x00, 0x4F, 0xFF, 0x00, 0x4F, 0xFF, 0x00, 0x4F, 0xFF, 0x00, 0x4F, 0xFF, 0x00, 0x4F, 0xFF, 0x00, 0x4F, 0xFF, 0x00, 0x4F, 0xFF, 0x00, 0x00,
	0x00, 0x00, 0x00, 0x00, 0x04, 0xFF, 0xF0, 0x00, 0x04, 0xFF, 0xF0, 0x00, 0x04, 0xFF, 0xF0, 0x00, 0x04, 0xFF, 0xF0, 0x00, 0x04, 0xFF, 0xF0, 0x00,
	0x04, 0xFF, 0xF0, 0x00, 0x04, 0xFF, 0xF0, 0x00, 0x04, 0xFF, 0xF0, 0x00, 0x04, 0xFF, 0xF0, 0x00, 0x04, 0xFF, 0xF0, 0x00, 0x04, 0xFF, 0xF0, 0x00,
	0x04, 0xFF, 0xF0, 0x00, 0x07, 0xFF, 0xF0, 0x00, 0x2D, 0xFF, 0xC0, 0x0F, 0xFF, 0xFF, 0x60, 0x0F, 0xFF, 0xF8, 0x00, 0x08, 0x87, 0x20, 0x00, 0x00,
	0x00, 0x00, 0x00, 0x00, 0x00, 0x00, 0x4F, 0xFF, 0x00, 0x00, 0x9F, 0xFE, 0x30, 0x4F, 0xFF, 0x00, 0x09, 0xFF, 0xE3, 0x00, 0x4F, 0xFF, 0x01, 0xBF,
	0xFE, 0x30, 0x00, 0x4F, 0xFF, 0x1C, 0xFF, 0xE3, 0x00, 0x00, 0x4F, 0xFF, 0xCF, 0xFE, 0x30, 0x00, 0x00, 0x4F, 0xFF, 0xFF, 0xE3, 0x00, 0x00, 0x00,
	0x4F, 0xFF, 0xFF, 0xC1, 0x00, 0x00, 0x00, 0x4F, 0xFF, 0xFF, 0xFC, 0x10, 0x00, 0x00, 0x4F, 0xFF, 0x6F, 0xFF, 0xC1, 0x00, 0x00, 0x4F, 0xFF, 0x06,
	0xFF, 0xFC, 0x10, 0x00, 0x4F, 0xFF, 0x00, 0x6F, 0xFF, 0xC1, 0x00, 0x4F, 0xFF, 0x00, 0x06, 0xFF, 0xFC, 0x10, 0x4F, 0xFF, 0x00, 0x00, 0x4E, 0xFF,
	0xC1, 0x00, 0x00, 0x00, 0x00, 0x00, 0x4F, 0xFF, 0x00, 0x00, 0x00, 0x4F, 0xFF, 0x00, 0x00, 0x00, 0x4F, 0xFF, 0x00, 0x00, 0x00, 0x4F, 0xFF, 0x00,
	0x00, 0x00, 0x4F, 0xFF, 0x00, 0x00, 0x00, 0x4F, 0xFF, 0x00, 0x00, 0x00, 0x4F, 0xFF, 0x00, 0x00, 0x00, 0x4F, 0xFF, 0x00, 0x00, 0x00, 0x4F, 0xFF,
	0x00, 0x00, 0x00, 0x4F, 0xFF, 0x00, 0x00, 0x00, 0x4F, 0xFF, 0x88, 0x88, 0x88, 0x4F, 0xFF, 0xFF, 0xFF, 0xFF, 0x4F, 0xFF, 0xFF, 0xFF, 0xFF, 0x00,
	0x00, 0x00, 0x00, 0x00, 0x00, 0x00, 0x00, 0x4F, 0xFF, 0xF4, 0x00, 0x00, 0x5F, 0xFF, 0xF4, 0x4F, 0xFF, 0xF9, 0x00, 0x00, 0xBF, 0xFF, 0xF4, 0x4F,
	0xFF, 0xFF, 0x20, 0x02, 0xFF, 0xFF, 0xF4, 0x4F, 0xFD, 0xFF, 0x80, 0x09, 0xFE, 0xFF, 0xF4, 0x4F, 0xFB, 0x9F, 0xD0, 0x1E, 0xF9, 0xFF, 0xF4, 0x4F,
	0xFB, 0x4F, 0xF6, 0x7F, 0xF2, 0xFF, 0xF4, 0x4F, 0xFB, 0x0C, 0xFB, 0xDF, 0xB0, 0xFF, 0xF4, 0x4F, 0xFB, 0x06, 0xFF, 0xFF, 0x50, 0xFF, 0xF4, 0x4F,
	0xFB, 0x00, 0xEF, 0xFD, 0x00, 0xFF, 0xF4, 0x4F, 0xFB, 0x00, 0x8F, 0xF7, 0x00, 0xFF, 0xF4, 0x4F, 0xFB, 0x00, 0x28, 0x81, 0x00, 0xFF, 0xF4, 0x4F,
	0xFB, 0x00, 0x00, 0x00, 0x00, 0xFF, 0xF4, 0x4F, 0xFB, 0x00, 0x00, 0x00, 0x00, 0xFF, 0xF4, 0x00, 0x00, 0x00, 0x00, 0x00, 0x00, 0x00, 0x4F, 0xFF,
	0xB0, 0x00, 0x0B, 0xFF, 0x80, 0x4F, 0xFF, 0xF4, 0x00, 0x0B, 0xFF, 0x80, 0x4F, 0xFF, 0xFC, 0x00, 0x0B, 0xFF, 0x80, 0x4F, 0xFF, 0xFF, 0x60, 0x0B,
	0xFF, 0x80, 0x4F, 0xFB, 0xDF, 0xD0, 0x0B, 0xFF, 0x80, 0x4F, 0xFB, 0x6F, 0xF6, 0x0B, 0xFF, 0x80, 0x4F, 0xFB, 0x0C, 0xFE, 0x1B, 0xFF, 0x80, 0x4F,
	0xFB, 0x04, 0xFF, 0x8B, 0xFF, 0x80, 0x4F, 0xFB, 0x00, 0xBF, 0xEC, 0xFF, 0x80, 0x4F, 0xFB, 0x00, 0x4F, 0xFF, 0xFF, 0x80, 0x4F, 0xFB, 0x00, 0x0B,
	0xFF, 0xFF, 0x80, 0x4F, 0xFB, 0x00, 0x02, 0xFF, 0xFF, 0x80, 0x4F, 0xFB, 0x00, 0x00, 0x9F, 0xFF, 0x80, 0x00, 0x00, 0x02, 0x44, 0x43, 0x00, 0x00,
	0x00, 0x00, 0x03, 0xBF, 0xFF, 0xFF, 0xD6, 0x00, 0x00, 0x00, 0x6F, 0xFF, 0xFF, 0xFF, 0xFF, 0x90, 0x00, 0x02, 0xEF, 0xFC, 0x51, 0x4A, 0xFF, 0xF7,
	0x00, 0x09, 0xFF, 0xE2, 0x00, 0x00, 0xBF, 0xFD, 0x00, 0x0E, 0xFF, 0x90, 0x00, 0x00, 0x6F, 0xFF, 0x30, 0x0F, 0xFF, 0x80, 0x00, 0x00, 0x3F, 0xFF,
	0x50, 0x0F, 0xFF, 0x80, 0x00, 0x00, 0x0F, 0xFF, 0x80, 0x0F, 0xFF, 0x80, 0x00, 0x00, 0x3F, 0xFF, 0x40, 0x0D, 0xFF, 0xA0, 0x00, 0x00, 0x6F, 0xFF,
	0x30, 0x08, 0xFF, 0xF3, 0x00, 0x01, 0xCF, 0xFD, 0x00, 0x02, 0xEF, 0xFE, 0x64, 0x5C, 0xFF, 0xF5, 0x00, 0x00, 0x3E, 0xFF, 0xFF, 0xFF, 0xFF, 0x90,
	0x00, 0x00, 0x02, 0x9F, 0xFF, 0xFF, 0xC4, 0x00, 0x00, 0x00, 0x00, 0x00, 0x44, 0x41, 0x00, 0x00, 0x00, 0x00, 0x00, 0x00, 0x00, 0x00, 0x00, 0x4F,
	0xFF, 0xFF, 0xFF, 0xC6, 0x00, 0x4F, 0xFF, 0xFF, 0xFF, 0xFF, 0x90, 0x4F, 0xFF, 0x44, 0x6C, 0xFF, 0xF3, 0x4F, 0xFF, 0x00, 0x02, 0xFF, 0xF7, 0x4F,
	0xFF, 0x00, 0x01, 0xFF, 0xF8, 0x4F, 0xFF, 0x00, 0x19, 0xFF, 0xF4, 0x4F, 0xFF, 0xFF, 0xFF, 0xFF, 0xC0, 0x4F, 0xFF, 0xFF, 0xFF, 0xFB, 0x10, 0x4F,
	0xFF, 0x88, 0x86, 0x20, 0x00, 0x4F, 0xFF, 0x00, 0x00, 0x00, 0x00, 0x4F, 0xFF, 0x00, 0x00, 0x00, 0x00, 0x4F, 0xFF, 0x00, 0x00, 0x00, 0x00, 0x4F,
	0xFF, 0x00, 0x00, 0x00, 0x00, 0x00, 0x00, 0x02, 0x44, 0x43, 0x00, 0x00, 0x00, 0x00, 0x03, 0xBF, 0xFF, 0xFF, 0xD7, 0x00, 0x00, 0x00, 0x6F, 0xFF,
	0xFF, 0xFF, 0xFF, 0x90, 0x00, 0x02, 0xEF, 0xFC, 0x51, 0x4A, 0xFF, 0xF7, 0x00, 0x09, 0xFF, 0xE2, 0x00, 0x00, 0xBF, 0xFD, 0x00, 0x0E, 0xFF, 0x90,
	0x00, 0x00, 0x6F, 0xFF, 0x30, 0x0F, 0xFF, 0x80, 0x00, 0x00, 0x3F, 0xFF, 0x50, 0x0F, 0xFF, 0x80, 0x00, 0x00, 0x0F, 0xFF, 0x80, 0x0F, 0xFF, 0x80,
	0x00, 0x00, 0x3F, 0xFF, 0x40, 0x0D, 0xFF, 0x90, 0x00, 0x00, 0x6F, 0xFF, 0x30, 0x08, 0xFF, 0xF3, 0x00, 0x01, 0xCF, 0xFD, 0x00, 0x02, 0xEF, 0xFE,
	0x64, 0x5C, 0xFF, 0xF5, 0x00, 0x00, 0x3E, 0xFF, 0xFF, 0xFF, 0xFF, 0x60, 0x00, 0x00, 0x02, 0x9E, 0xFF, 0xFF, 0xE4, 0x00, 0x00, 0x00, 0x00, 0x00,
	0x34, 0xBF, 0xF7, 0x00, 0x00, 0x00, 0x00, 0x00, 0x00, 0x1C, 0xFF, 0x60, 0x00, 0x00, 0x00, 0x00, 0x00, 0x01, 0xAB, 0xB2, 0x00, 0x00, 0x00, 0x00,
	0x00, 0x00, 0x00, 0x00, 0x4F, 0xFF, 0xFF, 0xFF, 0xC5, 0x00, 0x00, 0x4F, 0xFF, 0xFF, 0xFF, 0xFF, 0x50, 0x00, 0x4F, 0xFF, 0x44, 0x8E, 0xFF, 0xA0,
	0x00, 0x4F, 0xFF, 0x00, 0x09, 0xFF, 0xB0, 0x00, 0x4F, 0xFF, 0x00, 0x08, 0xFF, 0xA0, 0x00, 0x4F, 0xFF, 0x44, 0x7E, 0xFF, 0x40, 0x00, 0x4F, 0xFF,
	0xFF, 0xFF, 0xC5, 0x00, 0x00, 0x4F, 0xFF, 0xFF, 0xFF, 0xF6, 0x00, 0x00, 0x4F, 0xFF, 0x01, 0x9F, 0xFF, 0x40, 0x00, 0x4F, 0xFF, 0x00, 0x0D, 0xFF,
	0xB0, 0x00, 0x4F, 0xFF, 0x00, 0x06, 0xFF, 0xF4, 0x00, 0x4F, 0xFF, 0x00, 0x00, 0xDF, 0xFB, 0x00, 0x4F, 0xFF, 0x00, 0x00, 0x6F, 0xFF, 0x40, 0x00,
	0x03, 0x44, 0x44, 0x00, 0x00, 0x04, 0xDF, 0xFF, 0xFF, 0xF8, 0x00, 0x2E, 0xFF, 0xFF, 0xFF, 0xFB, 0x00, 0x8F, 0xFC, 0x40, 0x25, 0x8A, 0x00, 0xBF,
	0xF6, 0x00, 0x00, 0x00, 0x00, 0x9F, 0xFD, 0x62, 0x00, 0x00, 0x00, 0x4F, 0xFF, 0xFF, 0xEA, 0x60, 0x00, 0x06, 0xEF, 0xFF, 0xFF, 0xFB, 0x00, 0x00,
	0x16, 0x9D, 0xFF, 0xFF, 0x60, 0x00, 0x00, 0x00, 0x2D, 0xFF, 0x90, 0x31, 0x00, 0x00, 0x0A, 0xFF, 0x90, 0x8E, 0x96, 0x44, 0x6E, 0xFF, 0x70, 0x8F,
	0xFF, 0xFF, 0xFF, 0xFE, 0x10, 0x4A, 0xEF, 0xFF, 0xFF, 0xA2, 0x00, 0x00, 0x02, 0x44, 0x40, 0x00, 0x00, 0x00, 0x00, 0x00, 0x00, 0x00, 0x00, 0x00,
	0xFF, 0xFF, 0xFF, 0xFF, 0xFF, 0xFF, 0x40, 0xFF, 0xFF, 0xFF, 0xFF, 0xFF, 0xFF, 0x40, 0x88, 0x88, 0xBF, 0xFD, 0x88, 0x88, 0x20, 0x00, 0x00, 0x8F,
	0xFB, 0x00, 0x00, 0x00, 0x00, 0x00, 0x8F, 0xFB, 0x00, 0x00, 0x00, 0x00, 0x00, 0x8F, 0xFB, 0x00, 0x00, 0x00, 0x00, 0x00, 0x8F, 0xFB, 0x00, 0x00,
	0x00, 0x00, 0x00, 0x8F, 0xFB, 0x00, 0x00, 0x00, 0x00, 0x00, 0x8F, 0xFB, 0x00, 0x00, 0x00, 0x00, 0x00, 0x8F, 0xFB, 0x00, 0x00, 0x00, 0x00, 0x00,
	0x8F, 0xFB, 0x00, 0x00, 0x00, 0x00, 0x00, 0x8F, 0xFB, 0x00, 0x00, 0x00, 0x00, 0x00, 0x8F, 0xFB, 0x00, 0x00, 0x00, 0x00, 0x00, 0x00, 0x00, 0x00,
	0x00, 0x4F, 0xFF, 0x00, 0x00, 0x8F, 0xFF, 0x4F, 0xFF, 0x00, 0x00, 0x8F, 0xFF, 0x4F, 0xFF, 0x00, 0x00, 0x8F, 0xFF, 0x4F, 0xFF, 0x00, 0x00, 0x8F,
	0xFF, 0x4F, 0xFF, 0x00, 0x00, 0x8F, 0xFF, 0x4F, 0xFF, 0x00, 0x00, 0x8F, 0xFF, 0x4F, 0xFF, 0x00, 0x00, 0x8F, 0xFF, 0x4F, 0xFF, 0x00, 0x00, 0x8F,
	0xFF, 0x4F, 0xFF, 0x00, 0x00, 0x8F, 0xFF, 0x3F, 0xFF, 0x50, 0x00, 0x9F, 0xFB, 0x0D, 0xFF, 0xD5, 0x48, 0xFF, 0xF8, 0x05, 0xFF, 0xFF, 0xFF, 0xFF,
	0xC1, 0x00, 0x4C, 0xFF, 0xFF, 0xF9, 0x10, 0x00, 0x00, 0x14, 0x44, 0x00, 0x00, 0x00, 0x00, 0x00, 0x00, 0x00, 0x00, 0x00, 0xAF, 0xFA, 0x00, 0x00,
	0x00, 0xCF, 0xF9, 0x5F, 0xFF, 0x10, 0x00, 0x02, 0xFF, 0xF4, 0x0E, 0xFF, 0x70, 0x00, 0x08, 0xFF, 0xD0, 0x08, 0xFF, 0xC0, 0x00, 0x0D, 0xFF, 0x80,
	0x03, 0xFF, 0xF2, 0x00, 0x3F, 0xFF, 0x20, 0x00, 0xDF, 0xF8, 0x00, 0x8F, 0xFB, 0x00, 0x00, 0x7F, 0xFD, 0x00, 0xEF, 0xF6, 0x00, 0x00, 0x2F, 0xFF,
	0x35, 0xFF, 0xF1, 0x00, 0x00, 0x0A, 0xFF, 0x99, 0xFF, 0x90, 0x00, 0x00, 0x06, 0xFF, 0xEE, 0xFF, 0x50, 0x00, 0x00, 0x00, 0xEF, 0xFF, 0xFD, 0x00,
	0x00, 0x00, 0x00, 0x9F, 0xFF, 0xF8, 0x00, 0x00, 0x00, 0x00, 0x4F, 0xFF, 0xF2, 0x00, 0x00, 0x00, 0x00, 0x00, 0x00, 0x00, 0x00, 0x00, 0x00, 0x00,
	0x00, 0x5F, 0xFE, 0x00, 0x00, 0xDF, 0xFA, 0x00, 0x01, 0xFF, 0xF2, 0x1F, 0xFF, 0x30, 0x01, 0xFF, 0xFE, 0x00, 0x05, 0xFF, 0xE0, 0x0C, 0xFF, 0x60,
	0x05, 0xFF, 0xFF, 0x30, 0x08, 0xFF, 0xA0, 0x09, 0xFF, 0x90, 0x08, 0xFC, 0xFF, 0x70, 0x0C, 0xFF, 0x70, 0x06, 0xFF, 0xD0, 0x0C, 0xF8, 0xBF, 0x90,
	0x0F, 0xFF, 0x30, 0x02, 0xFF, 0xF2, 0x0F, 0xF5, 0x8F, 0xD0, 0x4F, 0xFF, 0x00, 0x00, 0xDF, 0xF6, 0x4F, 0xF1, 0x4F, 0xF2, 0x8F, 0xFB, 0x00, 0x00,
	0x9F, 0xF8, 0x8F, 0xD0, 0x0F, 0xF6, 0xBF, 0xF8, 0x00, 0x00, 0x7F, 0xFC, 0xBF, 0x90, 0x0B, 0xF8, 0xFF, 0xF4, 0x00, 0x00, 0x3F, 0xFF, 0xFF, 0x60,
	0x08, 0xFE, 0xFF, 0xF0, 0x00, 0x00, 0x0E, 0xFF, 0xFF, 0x20, 0x05, 0xFF, 0xFF, 0xC0, 0x00, 0x00, 0x0A, 0xFF, 0xFE, 0x00, 0x01, 0xFF, 0xFF, 0x80,
	0x00, 0x00, 0x07, 0xFF, 0xFA, 0x00, 0x00, 0xCF, 0xFF, 0x50, 0x00, 0x00, 0x00, 0x00, 0x00, 0x00, 0x00, 0x00, 0x2E, 0xFF, 0x80, 0x00, 0x0A, 0xFF,
	0xD1, 0x06, 0xFF, 0xF3, 0x00, 0x5F, 0xFF, 0x40, 0x00, 0xAF, 0xFC, 0x01, 0xEF, 0xF8, 0x00, 0x00, 0x1E, 0xFF, 0x8A, 0xFF, 0xC1, 0x00, 0x00, 0x05,
	0xFF, 0xFF, 0xFF, 0x30, 0x00, 0x00, 0x00, 0xAF, 0xFF, 0xF8, 0x00, 0x00, 0x00, 0x00, 0x5F, 0xFF, 0xF2, 0x00, 0x00, 0x00, 0x01, 0xDF, 0xFF, 0xFB,
	0x00, 0x00, 0x00, 0x08, 0xFF, 0xDE, 0xFF, 0x70, 0x00, 0x00, 0x4F, 0xFF, 0x47, 0xFF, 0xF3, 0x00, 0x01, 0xDF, 0xF8, 0x00, 0xBF, 0xFC, 0x00, 0x0A,
	0xFF, 0xD1, 0x00, 0x1E, 0xFF, 0x80, 0x5F, 0xFF, 0x40, 0x00, 0x05, 0xFF, 0xF3, 0x00, 0x00, 0x00, 0x00, 0x00, 0x00, 0x00, 0x00, 0x0B, 0xFF, 0xD1,
	0x00, 0x01, 0xDF, 0xFC, 0x00, 0x02, 0xEF, 0xF8, 0x00, 0x08, 0xFF, 0xF3, 0x00, 0x00, 0x7F, 0xFF, 0x30, 0x3F, 0xFF, 0x80, 0x00, 0x00, 0x0B, 0xFF,
	0xC0, 0xCF, 0xFC, 0x00, 0x00, 0x00, 0x03, 0xFF, 0xFC, 0xFF, 0xF3, 0x00, 0x00, 0x00, 0x00, 0x8F, 0xFF, 0xFF, 0x80, 0x00, 0x00, 0x00, 0x00, 0x0C,
	0xFF, 0xFC, 0x00, 0x00, 0x00, 0x00, 0x00, 0x05, 0xFF, 0xF5, 0x00, 0x00, 0x00, 0x00, 0x00, 0x04, 0xFF, 0xF4, 0x00, 0x00, 0x00, 0x00, 0x00, 0x04,
	0xFF, 0xF4, 0x00, 0x00, 0x00, 0x00, 0x00, 0x04, 0xFF, 0xF4, 0x00, 0x00, 0x00, 0x00, 0x00, 0x04, 0xFF, 0xF4, 0x00, 0x00, 0x00, 0x00, 0x00, 0x04,
	0xFF, 0xF4, 0x00, 0x00, 0x00, 0x00, 0x00, 0x00, 0x00, 0x00, 0x00, 0x00, 0x0F, 0xFF, 0xFF, 0xFF, 0xFF, 0xFF, 0x00, 0x0F, 0xFF, 0xFF, 0xFF, 0xFF,
	0xFF, 0x00, 0x08, 0x88, 0x88, 0x8A, 0xFF, 0xF9, 0x00, 0x00, 0x00, 0x00, 0x2E, 0xFF, 0xB0, 0x00, 0x00, 0x00, 0x01, 0xCF, 0xFC, 0x10, 0x00, 0x00,
	0x00, 0x09, 0xFF, 0xE3, 0x00, 0x00, 0x00, 0x00, 0x8F, 0xFF, 0x40, 0x00, 0x00, 0x00, 0x06, 0xFF, 0xF6, 0x00, 0x00, 0x00, 0x00, 0x3E, 0xFF, 0x90,
	0x00, 0x00, 0x00, 0x01, 0xEF, 0xFC, 0x00, 0x00, 0x00, 0x00, 0x1C, 0xFF, 0xF8, 0x88, 0x88, 0x88, 0x20, 0x4F, 0xFF, 0xFF, 0xFF, 0xFF, 0xFF, 0x40,
	0x4F, 0xFF, 0xFF, 0xFF, 0xFF, 0xFF, 0x40, 0x6B, 0xBB, 0xBB, 0x00, 0x8F, 0xFF, 0xFF, 0x00, 0x8F, 0xF9, 0x44, 0x00, 0x8F, 0xF8, 0x00, 0x00, 0x8F,
	0xF8, 0x00, 0x00, 0x8F, 0xF8, 0x00, 0x00, 0x8F, 0xF8, 0x00, 0x00, 0x8F, 0xF8, 0x00, 0x00, 0x8F, 0xF8, 0x00, 0x00, 0x8F, 0xF8, 0x00, 0x00, 0x8F,
	0xF8, 0x00, 0x00, 0x8F, 0xF8, 0x00, 0x00, 0x8F, 0xF8, 0x00, 0x00, 0x8F, 0xF8, 0x00, 0x00, 0x8F, 0xFB, 0x88, 0x00, 0x8F, 0xFF, 0xFF, 0x00, 0x24,
	0x44, 0x44, 0x00, 0x00, 0x00, 0x00, 0x00, 0xCF, 0x20, 0x00, 0x00, 0x8F, 0x70, 0x00, 0x00, 0x3F, 0xC0, 0x00, 0x00, 0x0D, 0xF1, 0x00, 0x00, 0x08,
	0xF6, 0x00, 0x00, 0x04, 0xFA, 0x00, 0x00, 0x00, 0xEF, 0x10, 0x00, 0x00, 0x9F, 0x50, 0x00, 0x00, 0x5F, 0x90, 0x00, 0x00, 0x0F, 0xE0, 0x00, 0x00,
	0x0A, 0xF5, 0x00, 0x00, 0x06, 0xF8, 0x00, 0x00, 0x01, 0xFD, 0x00, 0x00, 0x00, 0xBF, 0x30, 0x00, 0x00, 0x6B, 0x60, 0x8B, 0xBB, 0xB8, 0xBF, 0xFF,
	0xFB, 0x34, 0x7F, 0xFB, 0x00, 0x4F, 0xFB, 0x00, 0x4F, 0xFB, 0x00, 0x4F, 0xFB, 0x00, 0x4F, 0xFB, 0x00, 0x4F, 0xFB, 0x00, 0x4F, 0xFB, 0x00, 0x4F,
	0xFB, 0x00, 0x4F, 0xFB, 0x00, 0x4F, 0xFB, 0x00, 0x4F, 0xFB, 0x00, 0x4F, 0xFB, 0x68, 0x9F, 0xFB, 0xBF, 0xFF, 0xFB, 0x34, 0x44, 0x43, 0x00, 0x00,
	0x00, 0x00, 0x00, 0x00, 0x00, 0x00, 0x00, 0x3E, 0xFE, 0x30, 0x00, 0x00, 0x00, 0x03, 0xEF, 0xFF, 0xE3, 0x00, 0x00, 0x00, 0x3E, 0xFC, 0x5C, 0xFE,
	0x30, 0x00, 0x01, 0xCF, 0x91, 0x00, 0x8F, 0xE3, 0x00, 0x08, 0xB6, 0x00, 0x00, 0x05, 0xBA, 0x00, 0x88, 0x88, 0x88, 0x88, 0x80, 0xFF, 0xFF, 0xFF,
	0xFF, 0xF0, 0x44, 0x44, 0x44, 0x44, 0x40, 0x18, 0x83, 0x00, 0x06, 0xFE, 0x10, 0x00, 0x6F, 0xB0, 0x00, 0x06, 0xF8, 0x00, 0x00, 0x00, 0x00, 0x00,
	0x00, 0x03, 0xBF, 0xFF, 0xFE, 0x92, 0x00, 0x04, 0xFF, 0xFF, 0xFF, 0xFE, 0x10, 0x03, 0x73, 0x00, 0x3C, 0xFF, 0x70, 0x00, 0x01, 0x44, 0x49, 0xFF,
	0xB0, 0x03, 0xBF, 0xFF, 0xFF, 0xFF, 0xB0, 0x0D, 0xFF, 0xD8, 0x8B, 0xFF, 0xB0, 0x3F, 0xFF, 0x10, 0x08, 0xFF, 0xB0, 0x4F, 0xFF, 0x30, 0x3E, 0xFF,
	0xB0, 0x0D, 0xFF, 0xFC, 0xFE, 0xFF, 0xB0, 0x03, 0xDF, 0xFF, 0x88, 0xFF, 0xB0, 0x00, 0x03, 0x41, 0x00, 0x00, 0x00, 0x6B, 0xB8, 0x00, 0x00, 0x00,
	0x00, 0x8F, 0xFB, 0x00, 0x00, 0x00, 0x00, 0x8F, 0xFB, 0x00, 0x00, 0x00, 0x00, 0x8F, 0xFB, 0x00, 0x00, 0x00, 0x00, 0x8F, 0xFB, 0x5D, 0xFF, 0xB3,
	0x00, 0x8F, 0xFE, 0xFF, 0xFF, 0xFE, 0x10, 0x8F, 0xFF, 0xA4, 0x6E, 0xFF, 0x90, 0x8F, 0xFD, 0x00, 0x06, 0xFF, 0xE0, 0x8F, 0xFB, 0x00, 0x04, 0xFF,
	0xF0, 0x8F, 0xFB, 0x00, 0x04, 0xFF, 0xF0, 0x8F, 0xFD, 0x00, 0x06, 0xFF, 0xE0, 0x8F, 0xFF, 0x80, 0x2D, 0xFF, 0x90, 0x8F, 0xFE, 0xFF, 0xFF, 0xFE,
	0x20, 0x8F, 0xFB, 0x6E, 0xFF, 0xD4, 0x00, 0x00, 0x00, 0x01, 0x44, 0x00, 0x00, 0x00, 0x00, 0x00, 0x00, 0x00, 0x00, 0x18, 0xDF, 0xFF, 0xC5, 0x01,
	0xCF, 0xFF, 0xFF, 0xF8, 0x09, 0xFF, 0xE8, 0x44, 0x87, 0x0F, 0xFF, 0x70, 0x00, 0x00, 0x4F, 0xFF, 0x10, 0x00, 0x00, 0x4F, 0xFF, 0x00, 0x00, 0x00,
	0x1F, 0xFF, 0x50, 0x00, 0x00, 0x0B, 0xFF, 0xE4, 0x00, 0x56, 0x03, 0xEF, 0xFF, 0xFF, 0xF8, 0x00, 0x29, 0xFF, 0xFF, 0xF6, 0x00, 0x00, 0x04, 0x44,
	0x00, 0x00, 0x00, 0x00, 0x00, 0x8B, 0xB3, 0x00, 0x00, 0x00, 0x00, 0xBF, 0xF4, 0x00, 0x00, 0x00, 0x00, 0xBF, 0xF4, 0x00, 0x00, 0x00, 0x00, 0xBF,
	0xF4, 0x00, 0x3B, 0xFF, 0xB3, 0xBF, 0xF4, 0x03, 0xEF, 0xFF, 0xFE, 0xDF, 0xF4, 0x0A, 0xFF, 0xE5, 0x4B, 0xFF, 0xF4, 0x0F, 0xFF, 0x50, 0x01, 0xFF,
	0xF4, 0x4F, 0xFF, 0x10, 0x00, 0xBF, 0xF4, 0x4F, 0xFF, 0x00, 0x00, 0xBF, 0xF4, 0x0F, 0xFF, 0x50, 0x00, 0xFF, 0xF4, 0x0B, 0xFF, 0xC2, 0x19, 0xFF,
	0xF4, 0x04, 0xFF, 0xFF, 0xFF, 0xEF, 0xF4, 0x00, 0x6E, 0xFF, 0xE6, 0xBF, 0xF4, 0x00, 0x00, 0x44, 0x00, 0x00, 0x00, 0x00, 0x00, 0x00, 0x00, 0x00,
	0x00, 0x00, 0x18, 0xDF, 0xFE, 0x92, 0x00, 0x01, 0xCF, 0xFF, 0xFF, 0xFE, 0x30, 0x09, 0xFF, 0xC2, 0x08, 0xFF, 0xB0, 0x0F, 0xFF, 0x20, 0x00, 0xFF,
	0xF2, 0x4F, 0xFF, 0xFF, 0xFF, 0xFF, 0xF4, 0x4F, 0xFF, 0xFF, 0xFF, 0xFF, 0xF4, 0x1F, 0xFF, 0x10, 0x00, 0x00, 0x00, 0x0B, 0xFF, 0x91, 0x00, 0x16,
	0x90, 0x03, 0xEF, 0xFF, 0xBD, 0xFF, 0xB0, 0x00, 0x2A, 0xFF, 0xFF, 0xFC, 0x70, 0x00, 0x00, 0x04, 0x44, 0x10, 0x00, 0x00, 0x06, 0x8B, 0xBB, 0x00,
	0x8F, 0xFF, 0xFF, 0x00, 0xFF, 0xF9, 0x88, 0x00, 0xFF, 0xF0, 0x00, 0x8B, 0xFF, 0xFB, 0xB8, 0xBF, 0xFF, 0xFF, 0xFB, 0x68, 0xFF, 0xF8, 0x86, 0x00,
	0xFF, 0xF0, 0x00, 0x00, 0xFF, 0xF0, 0x00, 0x00, 0xFF, 0xF0, 0x00, 0x00, 0xFF, 0xF0, 0x00, 0x00, 0xFF, 0xF0, 0x00, 0x00, 0xFF, 0xF0, 0x00, 0x00,
	0xFF, 0xF0, 0x00, 0x00, 0x00, 0x00, 0x00, 0x00, 0x00, 0x00, 0x3B, 0xFF, 0xB3, 0x8B, 0xB3, 0x03, 0xEF, 0xFF, 0xFE, 0xDF, 0xF4, 0x0A, 0xFF, 0xE5,
	0x4B, 0xFF, 0xF4, 0x0F, 0xFF, 0x50, 0x01, 0xFF, 0xF4, 0x4F, 0xFF, 0x10, 0x00, 0xBF, 0xF4, 0x4F, 0xFF, 0x10, 0x00, 0xBF, 0xF4, 0x0F, 0xFF, 0x50,
	0x01, 0xFF, 0xF4, 0x09, 0xFF, 0xE6, 0x5C, 0xFF, 0xF4, 0x02, 0xEF, 0xFF, 0xFE, 0xDF, 0xF4, 0x00, 0x3A, 0xFF, 0xA3, 0xBF, 0xF4, 0x00, 0x00, 0x00,
	0x02, 0xFF, 0xF3, 0x00, 0xD7, 0x44, 0x6C, 0xFF, 0xB0, 0x00, 0xFF, 0xFF, 0xFF, 0xFD, 0x20, 0x00, 0x7A, 0xBE, 0xBA, 0x61, 0x00, 0x6B, 0xB8, 0x00,
	0x00, 0x00, 0x00, 0x8F, 0xFB, 0x00, 0x00, 0x00, 0x00, 0x8F, 0xFB, 0x00, 0x00, 0x00, 0x00, 0x8F, 0xFB, 0x00, 0x00, 0x00, 0x00, 0x8F, 0xFB, 0x4C,
	0xFF, 0xB3, 0x00, 0x8F, 0xFE, 0xFF, 0xFF, 0xFD, 0x00, 0x8F, 0xFF, 0xB5, 0x8F, 0xFF, 0x40, 0x8F, 0xFE, 0x10, 0x0C, 0xFF, 0x70, 0x8F, 0xFB, 0x00,
	0x0B, 0xFF, 0x80, 0x8F, 0xFB, 0x00, 0x0B, 0xFF, 0x80, 0x8F, 0xFB, 0x00, 0x0B, 0xFF, 0x80, 0x8F, 0xFB, 0x00, 0x0B, 0xFF, 0x80, 0x8F, 0xFB, 0x00,
	0x0B, 0xFF, 0x80, 0x8F, 0xFB, 0x00, 0x0B, 0xFF, 0x80, 0x6B, 0xB8, 0x8F, 0xFB, 0x8F, 0xFB, 0x00, 0x00, 0x6B, 0xB8, 0x8F, 0xFB, 0x8F, 0xFB, 0x8F,
	0xFB, 0x8F, 0xFB, 0x8F, 0xFB, 0x8F, 0xFB, 0x8F, 0xFB, 0x8F, 0xFB, 0x8F, 0xFB, 0x00, 0x6B, 0xB8, 0x00, 0x8F, 0xFB, 0x00, 0x8F, 0xFB, 0x00, 0x00,
	0x00, 0x00, 0x6B, 0xB8, 0x00, 0x8F, 0xFB, 0x00, 0x8F, 0xFB, 0x00, 0x8F, 0xFB, 0x00, 0x8F, 0xFB, 0x00, 0x8F, 0xFB, 0x00, 0x8F, 0xFB, 0x00, 0x8F,
	0xFB, 0x00, 0x8F, 0xFB, 0x00, 0x8F, 0xFB, 0x00, 0x8F, 0xF9, 0x24, 0xDF, 0xF7, 0x8F, 0xFF, 0xE1, 0x8F, 0xC9, 0x20, 0x6B, 0xB8, 0x00, 0x00, 0x00,
	0x00, 0x8F, 0xFB, 0x00, 0x00, 0x00, 0x00, 0x8F, 0xFB, 0x00, 0x00, 0x00, 0x00, 0x8F, 0xFB, 0x00, 0x00, 0x00, 0x00, 0x8F, 0xFB, 0x00, 0x3B, 0xBB,
	0x60, 0x8F, 0xFB, 0x03, 0xEF, 0xF8, 0x00, 0x8F, 0xFB, 0x3E, 0xFF, 0x60, 0x00, 0x8F, 0xFD, 0xEF, 0xF6, 0x00, 0x00, 0x8F, 0xFF, 0xFF, 0x70, 0x00,
	0x00, 0x8F, 0xFF, 0xFF, 0xC1, 0x00, 0x00, 0x8F, 0xFC, 0xCF, 0xFC, 0x10, 0x00, 0x8F, 0xFB, 0x1C, 0xFF, 0xC1, 0x00, 0x8F, 0xFB, 0x01, 0xCF, 0xFC,
	0x10, 0x8F, 0xFB, 0x00, 0x1C, 0xFF, 0xC1, 0x6B, 0xB8, 0x8F, 0xFB, 0x8F, 0xFB, 0x8F, 0xFB, 0x8F, 0xFB, 0x8F, 0xFB, 0x8F, 0xFB, 0x8F, 0xFB, 0x8F,
	0xFB, 0x8F, 0xFB, 0x8F, 0xFB, 0x8F, 0xFB, 0x8F, 0xFB, 0x8F, 0xFB, 0x00, 0x00, 0x00, 0x00, 0x00, 0x00, 0x00, 0x00, 0x00, 0x6B, 0xB8, 0x5D, 0xFE,
	0x80, 0x3C, 0xFF, 0xB1, 0x00, 0x8F, 0xFE, 0xFF, 0xFF, 0xF9, 0xEF, 0xFF, 0xFB, 0x00, 0x8F, 0xFF, 0xA4, 0xBF, 0xFF, 0xC5, 0x7F, 0xFF, 0x30, 0x8F,
	0xFD, 0x00, 0x4F, 0xFF, 0x50, 0x0D, 0xFF, 0x40, 0x8F, 0xFB, 0x00, 0x4F, 0xFF, 0x00, 0x0B, 0xFF, 0x40, 0x8F, 0xFB, 0x00, 0x4F, 0xFF, 0x00, 0x0B,
	0xFF, 0x40, 0x8F, 0xFB, 0x00, 0x4F, 0xFF, 0x00, 0x0B, 0xFF, 0x40, 0x8F, 0xFB, 0x00, 0x4F, 0xFF, 0x00, 0x0B, 0xFF, 0x40, 0x8F, 0xFB, 0x00, 0x4F,
	0xFF, 0x00, 0x0B, 0xFF, 0x40, 0x8F, 0xFB, 0x00, 0x4F, 0xFF, 0x00, 0x0B, 0xFF, 0x40, 0x00, 0x00, 0x00, 0x00, 0x00, 0x00, 0x6B, 0xB8, 0x4C, 0xFF,
	0xB3, 0x00, 0x8F, 0xFE, 0xFF, 0xFF, 0xFD, 0x00, 0x8F, 0xFF, 0xB5, 0x8F, 0xFF, 0x40, 0x8F, 0xFE, 0x10, 0x0C, 0xFF, 0x70, 0x8F, 0xFB, 0x00, 0x0B,
	0xFF, 0x80, 0x8F, 0xFB, 0x00, 0x0B, 0xFF, 0x80, 0x8F, 0xFB, 0x00, 0x0B, 0xFF, 0x80, 0x8F, 0xFB, 0x00, 0x0B, 0xFF, 0x80, 0x8F, 0xFB, 0x00, 0x0B,
	0xFF, 0x80, 0x8F, 0xFB, 0x00, 0x0B, 0xFF, 0x80, 0x00, 0x00, 0x00, 0x00, 0x00, 0x00, 0x00, 0x18, 0xDF, 0xFF, 0xA4, 0x00, 0x01, 0xCF, 0xFF, 0xFF,
	0xFF, 0x60, 0x09, 0xFF, 0xD5, 0x49, 0xFF, 0xE1, 0x0F, 0xFF, 0x50, 0x00, 0xEF, 0xF7, 0x4F, 0xFF, 0x10, 0x00, 0xBF, 0xF8, 0x4F, 0xFF, 0x00, 0x00,
	0xBF, 0xF8, 0x1F, 0xFF, 0x50, 0x00, 0xDF, 0xF7, 0x0B, 0xFF, 0xC2, 0x08, 0xFF, 0xF2, 0x03, 0xEF, 0xFF, 0xFF, 0xFF, 0x80, 0x00, 0x3B, 0xFF, 0xFF,
	0xD6, 0x00, 0x00, 0x00, 0x14, 0x42, 0x00, 0x00, 0x00, 0x00, 0x00, 0x00, 0x00, 0x00, 0x6B, 0xB8, 0x5D, 0xFF, 0xB3, 0x00, 0x8F, 0xFE, 0xFF, 0xFF,
	0xFE, 0x10, 0x8F, 0xFF, 0xA4, 0x6E, 0xFF, 0x90, 0x8F, 0xFD, 0x00, 0x06, 0xFF, 0xE0, 0x8F, 0xFB, 0x00, 0x04, 0xFF, 0xF0, 0x8F, 0xFB, 0x00, 0x04,
	0xFF, 0xF0, 0x8F, 0xFD, 0x00, 0x06, 0xFF, 0xE0, 0x8F, 0xFF, 0x80, 0x2D, 0xFF, 0x90, 0x8F, 0xFE, 0xFF, 0xFF, 0xFE, 0x20, 0x8F, 0xFB, 0x6E, 0xFF,
	0xD4, 0x00, 0x8F, 0xFB, 0x01, 0x44, 0x00, 0x00, 0x8F, 0xFB, 0x00, 0x00, 0x00, 0x00, 0x8F, 0xFB, 0x00, 0x00, 0x00, 0x00, 0x6B, 0xB8, 0x00, 0x00,
	0x00, 0x00, 0x00, 0x00, 0x00, 0x00, 0x00, 0x00, 0x00, 0x3B, 0xFF, 0xB3, 0x8B, 0xB3, 0x02, 0xEF, 0xFF, 0xFE, 0xDF, 0xF4, 0x0A, 0xFF, 0xE5, 0x4B,
	0xFF, 0xF4, 0x0F, 0xFF, 0x50, 0x01, 0xFF, 0xF4, 0x4F, 0xFF, 0x10, 0x00, 0xBF, 0xF4, 0x4F, 0xFF, 0x00, 0x00, 0xBF, 0xF4, 0x0F, 0xFF, 0x50, 0x00,
	0xFF, 0xF4, 0x0B, 0xFF, 0xC2, 0x19, 0xFF, 0xF4, 0x04, 0xFF, 0xFF, 0xFF, 0xEF, 0xF4, 0x00, 0x6E, 0xFF, 0xE6, 0xBF, 0xF4, 0x00, 0x00, 0x44, 0x00,
	0xBF, 0xF4, 0x00, 0x00, 0x00, 0x00, 0xBF, 0xF4, 0x00, 0x00, 0x00, 0x00, 0xBF, 0xF4, 0x00, 0x00, 0x00, 0x00, 0x8B, 0xB3, 0x00, 0x00, 0x00, 0x00,
	0x6B, 0xB8, 0x3D, 0xFB, 0x8F, 0xFD, 0xEF, 0xFB, 0x8F, 0xFF, 0xE8, 0x88, 0x8F, 0xFF, 0x30, 0x00, 0x8F, 0xFB, 0x00, 0x00, 0x8F, 0xFB, 0x00, 0x00,
	0x8F, 0xFB, 0x00, 0x00, 0x8F, 0xFB, 0x00, 0x00, 0x8F, 0xFB, 0x00, 0x00, 0x8F, 0xFB, 0x00, 0x00, 0x00, 0x00, 0x00, 0x00, 0x00, 0x01, 0x9E, 0xFF,
	0xFD, 0xA2, 0x0B, 0xFF, 0xFF, 0xFF, 0xF4, 0x0F, 0xFD, 0x20, 0x15, 0x93, 0x0F, 0xFE, 0x53, 0x00, 0x00, 0x0B, 0xFF, 0xFF, 0xFC, 0x60, 0x01, 0x9E,
	0xFF, 0xFF, 0xF8, 0x00, 0x00, 0x14, 0x8F, 0xFB, 0x08, 0x30, 0x00, 0x5F, 0xFB, 0x0F, 0xFF, 0xCC, 0xFF, 0xF8, 0x0B, 0xFF, 0xFF, 0xFE, 0x80, 0x00,
	0x02, 0x44, 0x40, 0x00, 0x03, 0xBB, 0xB0, 0x00, 0x00, 0x04, 0xFF, 0xF0, 0x00, 0x00, 0x04, 0xFF, 0xF0, 0x00, 0x00, 0x8C, 0xFF, 0xFB, 0xBB, 0x30,
	0xBF, 0xFF, 0xFF, 0xFF, 0x40, 0x69, 0xFF, 0xF8, 0x88, 0x20, 0x04, 0xFF, 0xF0, 0x00, 0x00, 0x04, 0xFF, 0xF0, 0x00, 0x00, 0x04, 0xFF, 0xF0, 0x00,
	0x00, 0x04, 0xFF, 0xF0, 0x00, 0x00, 0x02, 0xFF, 0xF6, 0x44, 0x00, 0x00, 0xDF, 0xFF, 0xFF, 0x00, 0x00, 0x3A, 0xFF, 0xFF, 0x00, 0x6B, 0xB6, 0x00,
	0x08, 0xBB, 0x30, 0x8F, 0xF8, 0x00, 0x0B, 0xFF, 0x40, 0x8F, 0xF8, 0x00, 0x0B, 0xFF, 0x40, 0x8F, 0xF8, 0x00, 0x0B, 0xFF, 0x40, 0x8F, 0xF8, 0x00,
	0x0B, 0xFF, 0x40, 0x8F, 0xF8, 0x00, 0x0D, 0xFF, 0x40, 0x8F, 0xF9, 0x00, 0x2F, 0xFF, 0x40, 0x8F, 0xFE, 0x54, 0xCF, 0xFF, 0x40, 0x2F, 0xFF, 0xFF,
	0xFD, 0xFF, 0x40, 0x06, 0xEF, 0xFD, 0x4B, 0xFF, 0x40, 0x00, 0x14, 0x40, 0x00, 0x00, 0x00, 0x7B, 0xB7, 0x00, 0x00, 0x9B, 0xB4, 0x3F, 0xFD, 0x00,
	0x02, 0xFF, 0xE0, 0x0C, 0xFF, 0x50, 0x08, 0xFF, 0x80, 0x06, 0xFF, 0x90, 0x0D, 0xFF, 0x20, 0x01, 0xEF, 0xE0, 0x4F, 0xFB, 0x00, 0x00, 0x9F, 0xF6,
	0x9F, 0xF6, 0x00, 0x00, 0x4F, 0xFA, 0xEF, 0xE0, 0x00, 0x00, 0x0D, 0xFF, 0xFF, 0x90, 0x00, 0x00, 0x07, 0xFF, 0xFF, 0x30, 0x00, 0x00, 0x01, 0xFF,
	0xFC, 0x00, 0x00, 0x3B, 0xB8, 0x00, 0x1B, 0xB8, 0x00, 0x2B, 0xBA, 0x00, 0x0F, 0xFF, 0x00, 0x5F, 0xFE, 0x00, 0x6F, 0xF9, 0x00, 0x0B, 0xFF, 0x40,
	0x8F, 0xFF, 0x30, 0x9F, 0xF6, 0x00, 0x08, 0xFF, 0x80, 0xCF, 0xDF, 0x70, 0xDF, 0xF2, 0x00, 0x03, 0xFF, 0xB1, 0xFF, 0x6F, 0xA2, 0xFF, 0xD0, 0x00,
	0x00, 0xEF, 0xF5, 0xFB, 0x2F, 0xE6, 0xFF, 0x90, 0x00, 0x00, 0xAF, 0xFC, 0xF8, 0x0D, 0xFC, 0xFF, 0x50, 0x00, 0x00, 0x7F, 0xFF, 0xF4, 0x09, 0xFF,
	0xFF, 0x10, 0x00, 0x00, 0x3F, 0xFF, 0xF0, 0x06, 0xFF, 0xFC, 0x00, 0x00, 0x00, 0x0D, 0xFF, 0xC0, 0x02, 0xFF, 0xF8, 0x00, 0x00, 0x3B, 0xBB, 0x10,
	0x06, 0xBB, 0x90, 0x08, 0xFF, 0xA0, 0x2E, 0xFF, 0x30, 0x00, 0xCF, 0xF7, 0xCF, 0xF7, 0x00, 0x00, 0x2E, 0xFF, 0xFF, 0xA0, 0x00, 0x00, 0x05, 0xFF,
	0xFD, 0x10, 0x00, 0x00, 0x06, 0xFF, 0xFE, 0x10, 0x00, 0x00, 0x3E, 0xFF, 0xFF, 0xB0, 0x00, 0x01, 0xCF, 0xF6, 0xBF, 0xF8, 0x00, 0x09, 0xFF, 0xA0,
	0x2E, 0xFF, 0x40, 0x6F, 0xFD, 0x10, 0x05, 0xFF, 0xE1, 0x7B, 0xB7, 0x00, 0x00, 0xAB, 0xB3, 0x3F, 0xFD, 0x00, 0x03, 0xFF, 0xD0, 0x0B, 0xFF, 0x50,
	0x08, 0xFF, 0x80, 0x06, 0xFF, 0xA0, 0x0D, 0xFF, 0x20, 0x00, 0xDF, 0xF2, 0x3F, 0xFB, 0x00, 0x00, 0x8F, 0xF8, 0x8F, 0xF6, 0x00, 0x00, 0x1F, 0xFD,
	0xDF, 0xE0, 0x00, 0x00, 0x09, 0xFF, 0xFF, 0x90, 0x00, 0x00, 0x03, 0xFF, 0xFF, 0x30, 0x00, 0x00, 0x00, 0xBF, 0xFC, 0x00, 0x00, 0x00, 0x00, 0x8F,
	0xF7, 0x00, 0x00, 0x01, 0x45, 0xDF, 0xE1, 0x00, 0x00, 0x04, 0xFF, 0xFF, 0x80, 0x00, 0x00, 0x04, 0xFF, 0xB7, 0x00, 0x00, 0x00, 0x0B, 0xBB, 0xBB,
	0xBB, 0xB6, 0x0F, 0xFF, 0xFF, 0xFF, 0xF8, 0x08, 0x88, 0x8A, 0xFF, 0xF5, 0x00, 0x00, 0x3E, 0xFF, 0x80, 0x00, 0x03, 0xEF, 0xF9, 0x00, 0x00, 0x1C,
	0xFF, 0x90, 0x00, 0x01, 0xCF, 0xF9, 0x00, 0x00, 0x1C, 0xFF, 0xC4, 0x44, 0x42, 0x4F, 0xFF, 0xFF, 0xFF, 0xF8, 0x4F, 0xFF, 0xFF, 0xFF, 0xF8, 0x00,
	0x00, 0x48, 0xBB, 0x60, 0x00, 0x08, 0xFF, 0xFF, 0x80, 0x00, 0x0E, 0xFF, 0xA4, 0x20, 0x00, 0x0F, 0xFF, 0x00, 0x00, 0x00, 0x0F, 0xFF, 0x00, 0x00,
	0x00, 0x0F, 0xFF, 0x00, 0x00, 0x00, 0x2F, 0xFF, 0x00, 0x00, 0x36, 0xCF, 0xFA, 0x00, 0x00, 0xBF, 0xFF, 0xC1, 0x00, 0x00, 0x8B, 0xFF, 0xF8, 0x00,
	0x00, 0x00, 0x5F, 0xFE, 0x00, 0x00, 0x00, 0x0F, 0xFF, 0x00, 0x00, 0x00, 0x0F, 0xFF, 0x00, 0x00, 0x00, 0x0F, 0xFF, 0x00, 0x00, 0x00, 0x0F, 0xFF,
	0x70, 0x00, 0x00, 0x09, 0xFF, 0xFF, 0x80, 0x00, 0x01, 0x8C, 0xFF, 0x80, 0x8B, 0x30, 0xBF, 0x40, 0xBF, 0x40, 0xBF, 0x40, 0xBF, 0x40, 0xBF, 0x40,
	0xBF, 0x40, 0xBF, 0x40, 0xBF, 0x40, 0xBF, 0x40, 0xBF, 0x40, 0xBF, 0x40, 0xBF, 0x40, 0xBF, 0x40, 0xBF, 0x40, 0xBF, 0x40, 0xBF, 0x40, 0xBF, 0x40,
	0x34, 0x10, 0x8B, 0xB8, 0x40, 0x00, 0x00, 0xBF, 0xFF, 0xF5, 0x00, 0x00, 0x35, 0xBF, 0xFA, 0x00, 0x00, 0x00, 0x4F, 0xFB, 0x00, 0x00, 0x00, 0x4F,
	0xFB, 0x00, 0x00, 0x00, 0x4F, 0xFB, 0x00, 0x00, 0x00, 0x2F, 0xFF, 0x00, 0x00, 0x00, 0x0D, 0xFF, 0xA5, 0x20, 0x00, 0x02, 0xDF, 0xFF, 0x80, 0x00,
	0x0B, 0xFF, 0xEB, 0x60, 0x00, 0x1F, 0xFF, 0x20, 0x00, 0x00, 0x4F, 0xFC, 0x00, 0x00, 0x00, 0x4F, 0xFB, 0x00, 0x00, 0x00, 0x4F, 0xFB, 0x00, 0x00,
	0x01, 0x8F, 0xFB, 0x00, 0x00, 0xBF, 0xFF, 0xF7, 0x00, 0x00, 0xBF, 0xFC, 0x80, 0x00, 0x00, 0x00, 0x03, 0x41, 0x00, 0x00, 0x01, 0x20, 0x05, 0xDF,
	0xFF, 0xB6, 0x21, 0x6D, 0x40, 0x0F, 0xFC, 0xCF, 0xFF, 0xFF, 0xFF, 0x30, 0x0B, 0x20, 0x01, 0x6B, 0xFE, 0x92, 0x00, 0x00, 0x00, 0x00, 0x00, 0x00,
	0x00, 0x00, 0x4F, 0xFF, 0x00, 0x4F, 0xFF, 0x00, 0x4F, 0xFF, 0x00, 0x28, 0x88, 0x00,
};
static const tr_glyph_t tr_font_small_glyphs[96] = {
	{0, 0, 0, 0, 6, 0}, /* 0x20 */
	{4, 14, 2, 3, 8, 0}, /* 0x21 */
	{7, 6, 1, 3, 9, 28}, /* 0x22 */
	{13, 13, 1, 4, 15, 52}, /* 0x23 */
	{11, 17, 1, 3, 13, 143}, /* 0x24 */
	{18, 15, 0, 3, 18, 245}, /* 0x25 */
	{14, 15, 1, 3, 16, 380}, /* 0x26 */
	{3, 6, 1, 3, 6, 485}, /* 0x27 */
	{6, 17, 1, 3, 8, 497}, /* 0x28 */
	{6, 17, 1, 3, 8, 548}, /* 0x29 */
	{10, 9, 0, 3, 9, 599}, /* 0x2A */
	{13, 12, 1, 5, 15, 644}, /* 0x2B */
	{6, 7, 0, 13, 7, 728}, /* 0x2C */
	{7, 4, 0, 10, 7, 749}, /* 0x2D */
	{5, 4, 1, 13, 7, 765}, /* 0x2E */
	{7, 16, 0, 3, 7, 777}, /* 0x2F */
	{12, 15, 0, 3, 13, 841}, /* 0x30 */
	{10, 14, 2, 3, 13, 931}, /* 0x31 */
	{10, 14, 1, 3, 13, 1001}, /* 0x32 */
	{11, 15, 1, 3, 13, 1071}, /* 0x33 */
	{12, 14, 0, 3, 13, 1161}, /* 0x34 */
	{11, 15, 1, 3, 13, 1245}, /* 0x35 */
	{11, 15, 1, 3, 13, 1335}, /* 0x36 */
	{11, 14, 1, 3, 13, 1425}, /* 0x37 */
	{11, 15, 1, 3, 13, 1509}, /* 0x38 */
	{12, 15, 0, 3, 13, 1599}, /* 0x39 */
	{4, 10, 2, 7, 7, 1689}, /* 0x3A */
	{5, 13, 1, 7, 7, 1709}, /* 0x3B */
	{13, 11, 1, 6, 15, 1748}, /* 0x3C */
	{13, 7, 1, 8, 15, 1825}, /* 0x3D */
	{13, 11, 1, 6, 15, 1874}, /* 0x3E */
	{9, 14, 1, 3, 10, 1951}, /* 0x3F */
	{16, 17, 1, 4, 18, 2021}, /* 0x40 */
	{14, 14, 0, 3, 14, 2157}, /* 0x41 */
	{12, 14, 1, 3, 14, 2255}, /* 0x42 */
	{13, 15, 0, 3, 13, 2339}, /* 0x43 */
	{14, 14, 1, 3, 15, 2444}, /* 0x44 */
	{10, 14, 1, 3, 12, 2542}, /* 0x45 */
	{10, 14, 1, 3, 12, 2612}, /* 0x46 */
	{14, 15, 0, 3, 15, 2682}, /* 0x47 */
	{13, 14, 1, 3, 15, 2787}, /* 0x48 */
	{5, 14, 1, 3, 7, 2885}, /* 0x49 */
	{8, 18, -2, 3, 7, 2927}, /* 0x4A */
	{14, 14, 1, 3, 14, 2999}, /* 0x4B */
	{10, 14, 1, 3, 11, 3097}, /* 0x4C */
	{16, 14, 1, 3, 18, 3167}, /* 0x4D */
	{13, 14, 1, 3, 15, 3279}, /* 0x4E */
	{15, 15, 0, 3, 15, 3377}, /* 0x4F */
	{12, 14, 1, 3, 13, 3497}, /* 0x50 */
	{15, 17, 0, 3, 15, 3581}, /* 0x51 */
	{13, 14, 1, 3, 14, 3717}, /* 0x52 */
	{11, 15, 1, 3, 13, 3815}, /* 0x53 */
	{13, 14, 0, 3, 12, 3905}, /* 0x54 */
	{12, 15, 1, 3, 15, 4003}, /* 0x55 */
	{14, 14, 0, 3, 14, 4093}, /* 0x56 */
	{20, 14, 0, 3, 20, 4191}, /* 0x57 */
	{14, 14, 0, 3, 14, 4331}, /* 0x58 */
	{15, 14, -1, 3, 13, 4429}, /* 0x59 */
	{13, 14, 0, 3, 13, 4541}, /* 0x5A */
	{7, 17, 1, 3, 8, 4639}, /* 0x5B */
	{7, 16, 0, 3, 7, 4707}, /* 0x5C */
	{6, 17, 1, 3, 8, 4771}, /* 0x5D */
	{13, 6, 1, 3, 15, 4822}, /* 0x5E */
	{9, 3, 0, 19, 9, 4864}, /* 0x5F */
	{6, 4, 0, 2, 9, 4879}, /* 0x60 */
	{11, 12, 0, 6, 12, 4891}, /* 0x61 */
	{12, 15, 1, 3, 13, 4963}, /* 0x62 */
	{10, 12, 0, 6, 11, 5053}, /* 0x63 */
	{12, 15, 0, 3, 13, 5113}, /* 0x64 */
	{12, 12, 0, 6, 12, 5203}, /* 0x65 */
	{8, 14, 0, 3, 8, 5275}, /* 0x66 */
	{12, 15, 0, 6, 13, 5331}, /* 0x67 */
	{11, 14, 1, 3, 13, 5421}, /* 0x68 */
	{4, 14, 1, 3, 6, 5505}, /* 0x69 */
	{6, 18, -1, 3, 6, 5533}, /* 0x6A */
	{12, 14, 1, 3, 12, 5587}, /* 0x6B */
	{4, 14, 1, 3, 6, 5671}, /* 0x6C */
	{17, 11, 1, 6, 19, 5699}, /* 0x6D */
	{11, 11, 1, 6, 13, 5798}, /* 0x6E */
	{12, 12, 0, 6, 12, 5864}, /* 0x6F */
	{12, 15, 1, 6, 13, 5936}, /* 0x70 */
	{12, 15, 0, 6, 13, 6026}, /* 0x71 */
	{8, 11, 1, 6, 9, 6116}, /* 0x72 */
	{10, 12, 0, 6, 11, 6160}, /* 0x73 */
	{9, 13, 0, 4, 9, 6220}, /* 0x74 */
	{11, 11, 1, 7, 13, 6285}, /* 0x75 */
	{12, 10, 0, 7, 12, 6351}, /* 0x76 */
	{17, 10, 0, 7, 17, 6411}, /* 0x77 */
	{12, 10, 0, 7, 12, 6501}, /* 0x78 */
	{12, 14, 0, 7, 12, 6561}, /* 0x79 */
	{10, 10, 0, 7, 10, 6645}, /* 0x7A */
	{9, 17, 2, 3, 13, 6695}, /* 0x7B */
	{3, 19, 2, 3, 7, 6780}, /* 0x7C */
	{9, 17, 2, 3, 13, 6818}, /* 0x7D */
	{13, 5, 1, 9, 15, 6903}, /* 0x7E */
	{5, 4, 1, 9, 7, 6938}, /* 0x7F */
};
static const tr_font_t tr_font_small = {17, 21, tr_font_small_glyphs, tr_font_small_bits};

static const uint8_t tr_font_med_bits[11290] = {
	0x3B, 0xBB, 0xBB, 0x80, 0x4F, 0xFF, 0xFF, 0xB0, 0x4F, 0xFF, 0xFF, 0xB0, 0x4F, 0xFF, 0xFF, 0xB0, 0x4F, 0xFF, 0xFF, 0xB0, 0x4F, 0xFF, 0xFF, 0xB0,
	0x4F, 0xFF, 0xFF, 0xB0, 0x4F, 0xFF, 0xFF, 0xB0, 0x4F, 0xFF, 0xFF, 0xB0, 0x4F, 0xFF, 0xFF, 0xB0, 0x3F, 0xFF, 0xFF, 0xA0, 0x0F, 0xFF, 0xFF, 0x80,
	0x0E, 0xFF, 0xFF, 0x70, 0x0B, 0xFF, 0xFF, 0x40, 0x0A, 0xFF, 0xFF, 0x30, 0x08, 0xFF, 0xFF, 0x00, 0x06, 0xBB, 0xBB, 0x00, 0x00, 0x00, 0x00, 0x00,
	0x00, 0x00, 0x00, 0x00, 0x4F, 0xFF, 0xFF, 0xB0, 0x4F, 0xFF, 0xFF, 0xB0, 0x4F, 0xFF, 0xFF, 0xB0, 0x4F, 0xFF, 0xFF, 0xB0, 0x4F, 0xFF, 0xFF, 0xB0,
	0x4F, 0xFF, 0xFF, 0xB0, 0x00, 0x00, 0x00, 0x00, 0x03, 0x44, 0x41, 0x00, 0x00, 0x00, 0x00, 0x00, 0x00, 0x00, 0x00, 0x0B, 0xFF, 0xF4, 0x00, 0x00,
	0x00, 0x00, 0x00, 0x00, 0x00, 0x00, 0x0B, 0xFF, 0xF4, 0x00, 0x00, 0x00, 0x00, 0x00, 0x00, 0x00, 0x00, 0x0B, 0xFF, 0xF4, 0x00, 0x00, 0x00, 0x00,
	0x00, 0x00, 0x00, 0x00, 0x0B, 0xFF, 0xF4, 0x00, 0x00, 0x00, 0x00, 0x00, 0x00, 0x00, 0x00, 0x0B, 0xFF, 0xF4, 0x00, 0x00, 0x00, 0x00, 0x00, 0x00,
	0x00, 0x00, 0x0B, 0xFF, 0xF4, 0x00, 0x00, 0x00, 0x00, 0x00, 0x00, 0x00, 0x00, 0x0B, 0xFF, 0xF4, 0x00, 0x00, 0x00, 0x00, 0x00, 0x00, 0x00, 0x00,
	0x0B, 0xFF, 0xF4, 0x00, 0x00, 0x00, 0x00, 0x48, 0x88, 0x88, 0x88, 0x8D, 0xFF, 0xF9, 0x88, 0x88, 0x88, 0x88, 0x8F, 0xFF, 0xFF, 0xFF, 0xFF, 0xFF,
	0xFF, 0xFF, 0xFF, 0xFF, 0xFF, 0x8F, 0xFF, 0xFF, 0xFF, 0xFF, 0xFF, 0xFF, 0xFF, 0xFF, 0xFF, 0xFF, 0x8F, 0xFF, 0xFF, 0xFF, 0xFF, 0xFF, 0xFF, 0xFF,
	0xFF, 0xFF, 0xFF, 0x24, 0x44, 0x44, 0x44, 0x4C, 0xFF, 0xF7, 0x44, 0x44, 0x44, 0x44, 0x00, 0x00, 0x00, 0x00, 0x0B, 0xFF, 0xF4, 0x00, 0x00, 0x00,
	0x00, 0x00, 0x00, 0x00, 0x00, 0x0B, 0xFF, 0xF4, 0x00, 0x00, 0x00, 0x00, 0x00, 0x00, 0x00, 0x00, 0x0B, 0xFF, 0xF4, 0x00, 0x00, 0x00, 0x00, 0x00,
	0x00, 0x00, 0x00, 0x0B, 0xFF, 0xF4, 0x00, 0x00, 0x00, 0x00, 0x00, 0x00, 0x00, 0x00, 0x0B, 0xFF, 0xF4, 0x00, 0x00, 0x00, 0x00, 0x00, 0x00, 0x00,
	0x00, 0x0B, 0xFF, 0xF4, 0x00, 0x00, 0x00, 0x00, 0x00, 0x00, 0x00, 0x00, 0x0B, 0xFF, 0xF4, 0x00, 0x00, 0x00, 0x00, 0x00, 0x00, 0x00, 0x00, 0x0B,
	0xFF, 0xF4, 0x00, 0x00, 0x00, 0x00, 0x00, 0x48, 0x88, 0x88, 0x40, 0x00, 0x8F, 0xFF, 0xFF, 0x80, 0x00, 0x8F, 0xFF, 0xFF, 0x80, 0x00, 0x8F, 0xFF,
	0xFF, 0x80, 0x00, 0x8F, 0xFF, 0xFF, 0x80, 0x00, 0x8F, 0xFF, 0xFF, 0x70, 0x00, 0xBF, 0xFF, 0xFD, 0x00, 0x01, 0xFF, 0xFF, 0xF4, 0x00, 0x05, 0xFF,
	0xFF, 0x80, 0x00, 0x08, 0xFF, 0xFD, 0x10, 0x00, 0x0C, 0xFF, 0xF4, 0x00, 0x00, 0x1B, 0xBB, 0x80, 0x00, 0x00, 0x14, 0x44, 0x44, 0x44, 0x44, 0x41,
	0x4F, 0xFF, 0xFF, 0xFF, 0xFF, 0xF4, 0x4F, 0xFF, 0xFF, 0xFF, 0xFF, 0xF4, 0x4F, 0xFF, 0xFF, 0xFF, 0xFF, 0xF4, 0x4F, 0xFF, 0xFF, 0xFF, 0xFF, 0xF4,
	0x3B, 0xBB, 0xBB, 0xBB, 0xBB, 0xB3, 0x48, 0x88, 0x88, 0x40, 0x8F, 0xFF, 0xFF, 0x80, 0x8F, 0xFF, 0xFF, 0x80, 0x8F, 0xFF, 0xFF, 0x80, 0x8F, 0xFF,
	0xFF, 0x80, 0x8F, 0xFF, 0xFF, 0x80, 0x8F, 0xFF, 0xFF, 0x80, 0x00, 0x00, 0x00, 0x00, 0x03, 0x44, 0x20, 0x00, 0x00, 0x00, 0x00, 0x00, 0x00, 0x00,
	0x6B, 0xFF, 0xFF, 0xFE, 0x94, 0x00, 0x00, 0x00, 0x00, 0x00, 0x3C, 0xFF, 0xFF, 0xFF, 0xFF, 0xFF, 0x91, 0x00, 0x00, 0x00, 0x03, 0xEF, 0xFF, 0xFF,
	0xFF, 0xFF, 0xFF, 0xFC, 0x10, 0x00, 0x00, 0x1E, 0xFF, 0xFF, 0xFF, 0xFF, 0xFF, 0xFF, 0xFF, 0xA0, 0x00, 0x00, 0x9F, 0xFF, 0xFF, 0xE6, 0x44, 0x8F,
	0xFF, 0xFF, 0xF4, 0x00, 0x02, 0xFF, 0xFF, 0xFF, 0x30, 0x00, 0x08, 0xFF, 0xFF, 0xFB, 0x00, 0x07, 0xFF, 0xFF, 0xFA, 0x00, 0x00, 0x01, 0xFF, 0xFF,
	0xFF, 0x20, 0x0C, 0xFF, 0xFF, 0xF7, 0x00, 0x00, 0x00, 0xBF, 0xFF, 0xFF, 0x70, 0x0F, 0xFF, 0xFF, 0xF4, 0x00, 0x00, 0x00, 0x8F, 0xFF, 0xFF, 0xA0,
	0x3F, 0xFF, 0xFF, 0xF3, 0x00, 0x00, 0x00, 0x8F, 0xFF, 0xFF, 0xC0, 0x4F, 0xFF, 0xFF, 0xF0, 0x00, 0x00, 0x00, 0x8F, 0xFF, 0xFF, 0xF0, 0x4F, 0xFF,
	0xFF, 0xF0, 0x00, 0x00, 0x00, 0x6F, 0xFF, 0xFF, 0xF0, 0x4F, 0xFF, 0xFF, 0xF0, 0x00, 0x00, 0x00, 0x4F, 0xFF, 0xFF, 0xF0, 0x4F, 0xFF, 0xFF, 0xF0,
	0x00, 0x00, 0x00, 0x5F, 0xFF, 0xFF, 0xF0, 0x4F, 0xFF, 0xFF, 0xF0, 0x00, 0x00, 0x00, 0x8F, 0xFF, 0xFF, 0xF0, 0x4F, 0xFF, 0xFF, 0xF2, 0x00, 0x00,
	0x00, 0x8F, 0xFF, 0xFF, 0xD0, 0x0F, 0xFF, 0xFF, 0xF4, 0x00, 0x00, 0x00, 0x8F, 0xFF, 0xFF, 0xB0, 0x0D, 0xFF, 0xFF, 0xF6, 0x00, 0x00, 0x00, 0xBF,
	0xFF, 0xFF, 0x80, 0x08, 0xFF, 0xFF, 0xF9, 0x00, 0x00, 0x00, 0xEF, 0xFF, 0xFF, 0x30, 0x03, 0xFF, 0xFF, 0xFE, 0x10, 0x00, 0x07, 0xFF, 0xFF, 0xFD,
	0x00, 0x00, 0xBF, 0xFF, 0xFF, 0xC2, 0x00, 0x5E, 0xFF, 0xFF, 0xF6, 0x00, 0x00, 0x3F, 0xFF, 0xFF, 0xFF, 0xEF, 0xFF, 0xFF, 0xFF, 0xC0, 0x00, 0x00,
	0x06, 0xFF, 0xFF, 0xFF, 0xFF, 0xFF, 0xFF, 0xFE, 0x30, 0x00, 0x00, 0x00, 0x6E, 0xFF, 0xFF, 0xFF, 0xFF, 0xFF, 0xC3, 0x00, 0x00, 0x00, 0x00, 0x02,
	0x9F, 0xFF, 0xFF, 0xFF, 0xD8, 0x10, 0x00, 0x00, 0x00, 0x00, 0x00, 0x00, 0x47, 0x88, 0x63, 0x00, 0x00, 0x00, 0x00, 0x00, 0x02, 0x68, 0xBB, 0xBB,
	0xBB, 0x80, 0x00, 0x00, 0x00, 0x2B, 0xEF, 0xFF, 0xFF, 0xFF, 0xFF, 0xB0, 0x00, 0x00, 0x00, 0x4F, 0xFF, 0xFF, 0xFF, 0xFF, 0xFF, 0xB0, 0x00, 0x00,
	0x00, 0x4F, 0xFF, 0xFF, 0xFF, 0xFF, 0xFF, 0xB0, 0x00, 0x00, 0x00, 0x4F, 0xFF, 0xFB, 0xAF, 0xFF, 0xFF, 0xB0, 0x00, 0x00, 0x00, 0x39, 0x74, 0x00,
	0x4F, 0xFF, 0xFF, 0xB0, 0x00, 0x00, 0x00, 0x00, 0x00, 0x00, 0x4F, 0xFF, 0xFF, 0xB0, 0x00, 0x00, 0x00, 0x00, 0x00, 0x00, 0x4F, 0xFF, 0xFF, 0xB0,
	0x00, 0x00, 0x00, 0x00, 0x00, 0x00, 0x4F, 0xFF, 0xFF, 0xB0, 0x00, 0x00, 0x00, 0x00, 0x00, 0x00, 0x4F, 0xFF, 0xFF, 0xB0, 0x00, 0x00, 0x00, 0x00,
	0x00, 0x00, 0x4F, 0xFF, 0xFF, 0xB0, 0x00, 0x00, 0x00, 0x00, 0x00, 0x00, 0x4F, 0xFF, 0xFF, 0xB0, 0x00, 0x00, 0x00, 0x00, 0x00, 0x00, 0x4F, 0xFF,
	0xFF, 0xB0, 0x00, 0x00, 0x00, 0x00, 0x00, 0x00, 0x4F, 0xFF, 0xFF, 0xB0, 0x00, 0x00, 0x00, 0x00, 0x00, 0x00, 0x4F, 0xFF, 0xFF, 0xB0, 0x00, 0x00,
	0x00, 0x00, 0x00, 0x00, 0x4F, 0xFF, 0xFF, 0xB0, 0x00, 0x00, 0x00, 0x00, 0x00, 0x00, 0x4F, 0xFF, 0xFF, 0xB0, 0x00, 0x00, 0x00, 0x00, 0x00, 0x00,
	0x4F, 0xFF, 0xFF, 0xB0, 0x00, 0x00, 0x00, 0x00, 0x00, 0x00, 0x4F, 0xFF, 0xFF, 0xB0, 0x00, 0x00, 0x00, 0x00, 0x00, 0x00, 0x4F, 0xFF, 0xFF, 0xB0,
	0x00, 0x00, 0x00, 0x08, 0x88, 0x88, 0x9F, 0xFF, 0xFF, 0xD8, 0x88, 0x88, 0x20, 0x0F, 0xFF, 0xFF, 0xFF, 0xFF, 0xFF, 0xFF, 0xFF, 0xFF, 0x40, 0x0F,
	0xFF, 0xFF, 0xFF, 0xFF, 0xFF, 0xFF, 0xFF, 0xFF, 0x40, 0x0F, 0xFF, 0xFF, 0xFF, 0xFF, 0xFF, 0xFF, 0xFF, 0xFF, 0x40, 0x0F, 0xFF, 0xFF, 0xFF, 0xFF,
	0xFF, 0xFF, 0xFF, 0xFF, 0x40, 0x00, 0x00, 0x00, 0x04, 0x44, 0x40, 0x00, 0x00, 0x00, 0x00, 0x00, 0x58, 0xBF, 0xFF, 0xFF, 0xFF, 0xD9, 0x40, 0x00,
	0x00, 0x3F, 0xFF, 0xFF, 0xFF, 0xFF, 0xFF, 0xFF, 0xFA, 0x10, 0x00, 0x4F, 0xFF, 0xFF, 0xFF, 0xFF, 0xFF, 0xFF, 0xFF, 0xC1, 0x00, 0x4F, 0xFF, 0xFF,
	0xFF, 0xFF, 0xFF, 0xFF, 0xFF, 0xF8, 0x00, 0x4F, 0xFF, 0xC8, 0x44, 0x46, 0xDF, 0xFF, 0xFF, 0xFF, 0x20, 0x4F, 0xA3, 0x00, 0x00, 0x00, 0x1C, 0xFF,
	0xFF, 0xFF, 0x60, 0x24, 0x00, 0x00, 0x00, 0x00, 0x02, 0xFF, 0xFF, 0xFF, 0x80, 0x00, 0x00, 0x00, 0x00, 0x00, 0x00, 0xFF, 0xFF, 0xFF, 0x80, 0x00,
	0x00, 0x00, 0x00, 0x00, 0x00, 0xFF, 0xFF, 0xFF, 0x70, 0x00, 0x00, 0x00, 0x00, 0x00, 0x02, 0xFF, 0xFF, 0xFF, 0x20, 0x00, 0x00, 0x00, 0x00, 0x00,
	0x0A, 0xFF, 0xFF, 0xFB, 0x00, 0x00, 0x00, 0x00, 0x00, 0x00, 0x6F, 0xFF, 0xFF, 0xE3, 0x00, 0x00, 0x00, 0x00, 0x00, 0x07, 0xFF, 0xFF, 0xFF, 0x60,
	0x00, 0x00, 0x00, 0x00, 0x00, 0x9F, 0xFF, 0xFF, 0xF6, 0x00, 0x00, 0x00, 0x00, 0x00, 0x1A, 0xFF, 0xFF, 0xFF, 0x60, 0x00, 0x00, 0x00, 0x00, 0x01,
	0xCF, 0xFF, 0xFF, 0xE5, 0x00, 0x00, 0x00, 0x00, 0x00, 0x3C, 0xFF, 0xFF, 0xFE, 0x30, 0x00, 0x00, 0x00, 0x00, 0x03, 0xEF, 0xFF, 0xFF, 0xC3, 0x00,
	0x00, 0x00, 0x00, 0x00, 0x6E, 0xFF, 0xFF, 0xFC, 0x10, 0x00, 0x00, 0x00, 0x00, 0x06, 0xFF, 0xFF, 0xFF, 0x91, 0x00, 0x00, 0x00, 0x00, 0x00, 0x3F,
	0xFF, 0xFF, 0xFF, 0xBB, 0xBB, 0xBB, 0xBB, 0xBB, 0x80, 0x4F, 0xFF, 0xFF, 0xFF, 0xFF, 0xFF, 0xFF, 0xFF, 0xFF, 0xB0, 0x4F, 0xFF, 0xFF, 0xFF, 0xFF,
	0xFF, 0xFF, 0xFF, 0xFF, 0xB0, 0x4F, 0xFF, 0xFF, 0xFF, 0xFF, 0xFF, 0xFF, 0xFF, 0xFF, 0xB0, 0x4F, 0xFF, 0xFF, 0xFF, 0xFF, 0xFF, 0xFF, 0xFF, 0xFF,
	0xB0, 0x00, 0x00, 0x00, 0x24, 0x44, 0x40, 0x00, 0x00, 0x00, 0x00, 0x03, 0x8A, 0xDF, 0xFF, 0xFF, 0xFF, 0xEA, 0x60, 0x00, 0x00, 0x0B, 0xFF, 0xFF,
	0xFF, 0xFF, 0xFF, 0xFF, 0xFD, 0x40, 0x00, 0x0B, 0xFF, 0xFF, 0xFF, 0xFF, 0xFF, 0xFF, 0xFF, 0xF3, 0x00, 0x0B, 0xFF, 0xFF, 0xFF, 0xFF, 0xFF, 0xFF,
	0xFF, 0xFD, 0x00, 0x0B, 0xFB, 0x84, 0x44, 0x46, 0xBF, 0xFF, 0xFF, 0xFF, 0x30, 0x05, 0x10, 0x00, 0x00, 0x00, 0x09, 0xFF, 0xFF, 0xFF, 0x40, 0x00,
	0x00, 0x00, 0x00, 0x00, 0x01, 0xFF, 0xFF, 0xFF, 0x40, 0x00, 0x00, 0x00, 0x00, 0x00, 0x00, 0xFF, 0xFF, 0xFF, 0x40, 0x00, 0x00, 0x00, 0x00, 0x00,
	0x06, 0xFF, 0xFF, 0xFE, 0x00, 0x00, 0x00, 0x00, 0x00, 0x01, 0x7E, 0xFF, 0xFF, 0xF5, 0x00, 0x00, 0x00, 0x6B, 0xBB, 0xEF, 0xFF, 0xFF, 0xFE, 0x60,
	0x00, 0x00, 0x00, 0x8F, 0xFF, 0xFF, 0xFF, 0xFF, 0x81, 0x00, 0x00, 0x00, 0x00, 0x8F, 0xFF, 0xFF, 0xFF, 0xFF, 0xFB, 0x30, 0x00, 0x00, 0x00, 0x8F,
	0xFF, 0xFF, 0xFF, 0xFF, 0xFF, 0xF6, 0x00, 0x00, 0x00, 0x24, 0x44, 0x68, 0xDF, 0xFF, 0xFF, 0xFE, 0x20, 0x00, 0x00, 0x00, 0x00, 0x00, 0x07, 0xFF,
	0xFF, 0xFF, 0x80, 0x00, 0x00, 0x00, 0x00, 0x00, 0x00, 0x9F, 0xFF, 0xFF, 0xC0, 0x00, 0x00, 0x00, 0x00, 0x00, 0x00, 0x8F, 0xFF, 0xFF, 0xF0, 0x00,
	0x00, 0x00, 0x00, 0x00, 0x00, 0x8F, 0xFF, 0xFF, 0xF0, 0x72, 0x00, 0x00, 0x00, 0x00, 0x01, 0xEF, 0xFF, 0xFF, 0xB0, 0xBF, 0xA7, 0x30, 0x00, 0x01,
	0x6D, 0xFF, 0xFF, 0xFF, 0x80, 0xBF, 0xFF, 0xFF, 0xFD, 0xFF, 0xFF, 0xFF, 0xFF, 0xFE, 0x20, 0xBF, 0xFF, 0xFF, 0xFF, 0xFF, 0xFF, 0xFF, 0xFF, 0xF6,
	0x00, 0xBF, 0xFF, 0xFF, 0xFF, 0xFF, 0xFF, 0xFF, 0xFD, 0x50, 0x00, 0x49, 0xDF, 0xFF, 0xFF, 0xFF, 0xFF, 0xFC, 0x61, 0x00, 0x00, 0x00, 0x01, 0x45,
	0x88, 0x88, 0x54, 0x00, 0x00, 0x00, 0x00, 0x00, 0x00, 0x00, 0x00, 0x00, 0x9B, 0xBB, 0xBB, 0xB6, 0x00, 0x00, 0x00, 0x00, 0x00, 0x00, 0x07, 0xFF,
	0xFF, 0xFF, 0xF8, 0x00, 0x00, 0x00, 0x00, 0x00, 0x00, 0x2E, 0xFF, 0xFF, 0xFF, 0xF8, 0x00, 0x00, 0x00, 0x00, 0x00, 0x00, 0xBF, 0xFF, 0xFF, 0xFF,
	0xF8, 0x00, 0x00, 0x00, 0x00, 0x00, 0x07, 0xFF, 0xFF, 0xFF, 0xFF, 0xF8, 0x00, 0x00, 0x00, 0x00, 0x00, 0x2E, 0xFF, 0xFE, 0xFF, 0xFF, 0xF8, 0x00,
	0x00, 0x00, 0x00, 0x00, 0xBF, 0xFF, 0xC8, 0xFF, 0xFF, 0xF8, 0x00, 0x00, 0x00, 0x00, 0x07, 0xFF, 0xFF, 0x38, 0xFF, 0xFF, 0xF8, 0x00, 0x00, 0x00,
	0x00, 0x2E, 0xFF, 0xF8, 0x08, 0xFF, 0xFF, 0xF8, 0x00, 0x00, 0x00, 0x00, 0xBF, 0xFF, 0xC0, 0x08, 0xFF, 0xFF, 0xF8, 0x00, 0x00, 0x00, 0x07, 0xFF,
	0xFE, 0x30, 0x08, 0xFF, 0xFF, 0xF8, 0x00, 0x00, 0x00, 0x2E, 0xFF, 0xF7, 0x00, 0x08, 0xFF, 0xFF, 0xF8, 0x00, 0x00, 0x00, 0xBF, 0xFF, 0xB0, 0x00,
	0x08, 0xFF, 0xFF, 0xF8, 0x00, 0x00, 0x08, 0xFF, 0xFE, 0x20, 0x00, 0x08, 0xFF, 0xFF, 0xF8, 0x00, 0x00, 0x3F, 0xFF, 0xF7, 0x00, 0x00, 0x08, 0xFF,
	0xFF, 0xF8, 0x00, 0x00, 0x8F, 0xFF, 0xD4, 0x44, 0x44, 0x49, 0xFF, 0xFF, 0xF9, 0x44, 0x40, 0x8F, 0xFF, 0xFF, 0xFF, 0xFF, 0xFF, 0xFF, 0xFF, 0xFF,
	0xFF, 0xF0, 0x8F, 0xFF, 0xFF, 0xFF, 0xFF, 0xFF, 0xFF, 0xFF, 0xFF, 0xFF, 0xF0, 0x8F, 0xFF, 0xFF, 0xFF, 0xFF, 0xFF, 0xFF, 0xFF, 0xFF, 0xFF, 0xF0,
	0x8F, 0xFF, 0xFF, 0xFF, 0xFF, 0xFF, 0xFF, 0xFF, 0xFF, 0xFF, 0xF0, 0x48, 0x88, 0x88, 0x88, 0x88, 0x8B, 0xFF, 0xFF, 0xFB, 0x88, 0x80, 0x00, 0x00,
	0x00, 0x00, 0x00, 0x08, 0xFF, 0xFF, 0xF8, 0x00, 0x00, 0x00, 0x00, 0x00, 0x00, 0x00, 0x08, 0xFF, 0xFF, 0xF8, 0x00, 0x00, 0x00, 0x00, 0x00, 0x00,
	0x00, 0x08, 0xFF, 0xFF, 0xF8, 0x00, 0x00, 0x00, 0x00, 0x00, 0x00, 0x00, 0x08, 0xFF, 0xFF, 0xF8, 0x00, 0x00, 0x06, 0xBB, 0xBB, 0xBB, 0xBB, 0xBB,
	0xBB, 0xBB, 0xB6, 0x00, 0x08, 0xFF, 0xFF, 0xFF, 0xFF, 0xFF, 0xFF, 0xFF, 0xF8, 0x00, 0x08, 0xFF, 0xFF, 0xFF, 0xFF, 0xFF, 0xFF, 0xFF, 0xF8, 0x00,
	0x08, 0xFF, 0xFF, 0xFF, 0xFF, 0xFF, 0xFF, 0xFF, 0xF8, 0x00, 0x08, 0xFF, 0xFF, 0xFF, 0xFF, 0xFF, 0xFF, 0xFF, 0xF8, 0x00, 0x08, 0xFF, 0xFF, 0xB0,
	0x00, 0x00, 0x00, 0x00, 0x00, 0x00, 0x08, 0xFF, 0xFF, 0xB0, 0x00, 0x00, 0x00, 0x00, 0x00, 0x00, 0x08, 0xFF, 0xFF, 0xB0, 0x00, 0x00, 0x00, 0x00,
	0x00, 0x00, 0x08, 0xFF, 0xFF, 0xC7, 0x8B, 0xB8, 0x73, 0x00, 0x00, 0x00, 0x08, 0xFF, 0xFF, 0xFF, 0xFF, 0xFF, 0xFF, 0xC5, 0x00, 0x00, 0x08, 0xFF,
	0xFF, 0xFF, 0xFF, 0xFF, 0xFF, 0xFF, 0x90, 0x00, 0x08, 0xFF, 0xFF, 0xFF, 0xFF, 0xFF, 0xFF, 0xFF, 0xF9, 0x00, 0x08, 0xFF, 0xFE, 0xBB, 0xBD, 0xFF,
	0xFF, 0xFF, 0xFF, 0x40, 0x08, 0xC7, 0x30, 0x00, 0x00, 0x3C, 0xFF, 0xFF, 0xFF, 0xA0, 0x01, 0x00, 0x00, 0x00, 0x00, 0x01, 0xCF, 0xFF, 0xFF, 0xF0,
	0x00, 0x00, 0x00, 0x00, 0x00, 0x00, 0x5F, 0xFF, 0xFF, 0xF4, 0x00, 0x00, 0x00, 0x00, 0x00, 0x00, 0x2F, 0xFF, 0xFF, 0xF4, 0x00, 0x00, 0x00, 0x00,
	0x00, 0x00, 0x3F, 0xFF, 0xFF, 0xF4, 0x10, 0x00, 0x00, 0x00, 0x00, 0x00, 0x6F, 0xFF, 0xFF, 0xF3, 0x8B, 0x40, 0x00, 0x00, 0x00, 0x01, 0xDF, 0xFF,
	0xFF, 0xE0, 0x8F, 0xFC, 0x73, 0x00, 0x01, 0x6D, 0xFF, 0xFF, 0xFF, 0x90, 0x8F, 0xFF, 0xFF, 0xFD, 0xFF, 0xFF, 0xFF, 0xFF, 0xFE, 0x20, 0x8F, 0xFF,
	0xFF, 0xFF, 0xFF, 0xFF, 0xFF, 0xFF, 0xF5, 0x00, 0x7F, 0xFF, 0xFF, 0xFF, 0xFF, 0xFF, 0xFF, 0xFD, 0x30, 0x00, 0x03, 0x8C, 0xFF, 0xFF, 0xFF, 0xFF,
	0xFC, 0x71, 0x00, 0x00, 0x00, 0x00, 0x04, 0x58, 0x88, 0x74, 0x20, 0x00, 0x00, 0x00, 0x00, 0x00, 0x00, 0x00, 0x00, 0x34, 0x42, 0x00, 0x00, 0x00,
	0x00, 0x00, 0x00, 0x28, 0xCF, 0xFF, 0xFF, 0xFC, 0x96, 0x10, 0x00, 0x00, 0x18, 0xFF, 0xFF, 0xFF, 0xFF, 0xFF, 0xFF, 0x40, 0x00, 0x01, 0xCF, 0xFF,
	0xFF, 0xFF, 0xFF, 0xFF, 0xFF, 0x40, 0x00, 0x1C, 0xFF, 0xFF, 0xFF, 0xFF, 0xFF, 0xFF, 0xFF, 0x40, 0x00, 0xAF, 0xFF, 0xFF, 0xF9, 0x40, 0x00, 0x37,
	0xAF, 0x40, 0x04, 0xFF, 0xFF, 0xFE, 0x30, 0x00, 0x00, 0x00, 0x02, 0x20, 0x0B, 0xFF, 0xFF, 0xF5, 0x00, 0x00, 0x00, 0x00, 0x00, 0x00, 0x2F, 0xFF,
	0xFF, 0xC0, 0x00, 0x00, 0x00, 0x00, 0x00, 0x00, 0x6F, 0xFF, 0xFF, 0x80, 0x03, 0x44, 0x42, 0x00, 0x00, 0x00, 0x8F, 0xFF, 0xFF, 0x58, 0xEF, 0xFF,
	0xFF, 0xD8, 0x10, 0x00, 0xBF, 0xFF, 0xFF, 0xEF, 0xFF, 0xFF, 0xFF, 0xFF, 0xD3, 0x00, 0xBF, 0xFF, 0xFF, 0xFF, 0xFF, 0xFF, 0xFF, 0xFF, 0xFE, 0x20,
	0xDF, 0xFF, 0xFF, 0xFF, 0xFC, 0xBE, 0xFF, 0xFF, 0xFF, 0xB0, 0xDF, 0xFF, 0xFF, 0xFE, 0x40, 0x00, 0x8F, 0xFF, 0xFF, 0xF4, 0xBF, 0xFF, 0xFF, 0xF6,
	0x00, 0x00, 0x0C, 0xFF, 0xFF, 0xF8, 0xBF, 0xFF, 0xFF, 0xF1, 0x00, 0x00, 0x08, 0xFF, 0xFF, 0xFB, 0x9F, 0xFF, 0xFF, 0xF0, 0x00, 0x00, 0x05, 0xFF,
	0xFF, 0xFB, 0x7F, 0xFF, 0xFF, 0xF0, 0x00, 0x00, 0x04, 0xFF, 0xFF, 0xFB, 0x2F, 0xFF, 0xFF, 0xF1, 0x00, 0x00, 0x08, 0xFF, 0xFF, 0xFA, 0x0C, 0xFF,
	0xFF, 0xF5, 0x00, 0x00, 0x0A, 0xFF, 0xFF, 0xF7, 0x06, 0xFF, 0xFF, 0xFC, 0x10, 0x00, 0x6F, 0xFF, 0xFF, 0xF2, 0x00, 0xBF, 0xFF, 0xFF, 0xE9, 0x8A,
	0xFF, 0xFF, 0xFF, 0x80, 0x00, 0x1D, 0xFF, 0xFF, 0xFF, 0xFF, 0xFF, 0xFF, 0xFC, 0x00, 0x00, 0x02, 0xCF, 0xFF, 0xFF, 0xFF, 0xFF, 0xFF, 0x91, 0x00,
	0x00, 0x00, 0x07, 0xDF, 0xFF, 0xFF, 0xFF, 0xB4, 0x00, 0x00, 0x00, 0x00, 0x00, 0x03, 0x58, 0x88, 0x41, 0x00, 0x00, 0x00, 0x8B, 0xBB, 0xBB, 0xBB,
	0xBB, 0xBB, 0xBB, 0xBB, 0xBB, 0xB0, 0xBF, 0xFF, 0xFF, 0xFF, 0xFF, 0xFF, 0xFF, 0xFF, 0xFF, 0xF0, 0xBF, 0xFF, 0xFF, 0xFF, 0xFF, 0xFF, 0xFF, 0xFF,
	0xFF, 0xF0, 0xBF, 0xFF, 0xFF, 0xFF, 0xFF, 0xFF, 0xFF, 0xFF, 0xFF, 0xF0, 0xBF, 0xFF, 0xFF, 0xFF, 0xFF, 0xFF, 0xFF, 0xFF, 0xFF, 0x90, 0x00, 0x00,
	0x00, 0x00, 0x00, 0x01, 0xFF, 0xFF, 0xFF, 0x30, 0x00, 0x00, 0x00, 0x00, 0x00, 0x08, 0xFF, 0xFF, 0xFB, 0x00, 0x00, 0x00, 0x00, 0x00, 0x00, 0x1E,
	0xFF, 0xFF, 0xF4, 0x00, 0x00, 0x00, 0x00, 0x00, 0x00, 0x6F, 0xFF, 0xFF, 0xC0, 0x00, 0x00, 0x00, 0x00, 0x00, 0x00, 0xDF, 0xFF, 0xFF, 0x60, 0x00,
	0x00, 0x00, 0x00, 0x00, 0x06, 0xFF, 0xFF, 0xFD, 0x00, 0x00, 0x00, 0x00, 0x00, 0x00, 0x0B, 0xFF, 0xFF, 0xF7, 0x00, 0x00, 0x00, 0x00, 0x00, 0x00,
	0x4F, 0xFF, 0xFF, 0xE1, 0x00, 0x00, 0x00, 0x00, 0x00, 0x00, 0xAF, 0xFF, 0xFF, 0x80, 0x00, 0x00, 0x00, 0x00, 0x00, 0x02, 0xFF, 0xFF, 0xFF, 0x20,
	0x00, 0x00, 0x00, 0x00, 0x00, 0x09, 0xFF, 0xFF, 0xF9, 0x00, 0x00, 0x00, 0x00, 0x00, 0x00, 0x1F, 0xFF, 0xFF, 0xF2, 0x00, 0x00, 0x00, 0x00, 0x00,
	0x00, 0x8F, 0xFF, 0xFF, 0xB0, 0x00, 0x00, 0x00, 0x00, 0x00, 0x01, 0xEF, 0xFF, 0xFF, 0x40, 0x00, 0x00, 0x00, 0x00, 0x00, 0x07, 0xFF, 0xFF, 0xFC,
	0x00, 0x00, 0x00, 0x00, 0x00, 0x00, 0x0D, 0xFF, 0xFF, 0xF6, 0x00, 0x00, 0x00, 0x00, 0x00, 0x00, 0x6F, 0xFF, 0xFF, 0xD0, 0x00, 0x00, 0x00, 0x00,
	0x00, 0x00, 0xCF, 0xFF, 0xFF, 0x60, 0x00, 0x00, 0x00, 0x00, 0x00, 0x04, 0xFF, 0xFF, 0xFE, 0x10, 0x00, 0x00, 0x00, 0x00, 0x00, 0x0B, 0xFF, 0xFF,
	0xF8, 0x00, 0x00, 0x00, 0x00, 0x00, 0x00, 0x00, 0x00, 0x01, 0x44, 0x44, 0x00, 0x00, 0x00, 0x00, 0x00, 0x00, 0x6A, 0xFF, 0xFF, 0xFF, 0xFD, 0x94,
	0x00, 0x00, 0x00, 0x3D, 0xFF, 0xFF, 0xFF, 0xFF, 0xFF, 0xFF, 0xB1, 0x00, 0x03, 0xEF, 0xFF, 0xFF, 0xFF, 0xFF, 0xFF, 0xFF, 0xFC, 0x00, 0x0B, 0xFF,
	0xFF, 0xFF, 0xFB, 0xCF, 0xFF, 0xFF, 0xFF, 0x70, 0x3F, 0xFF, 0xFF, 0xF9, 0x10, 0x02, 0xCF, 0xFF, 0xFF, 0xC0, 0x4F, 0xFF, 0xFF, 0xD0, 0x00, 0x00,
	0x5F, 0xFF, 0xFF, 0xF0, 0x4F, 0xFF, 0xFF, 0xB0, 0x00, 0x00, 0x0F, 0xFF, 0xFF, 0xF0, 0x4F, 0xFF, 0xFF, 0xB0, 0x00, 0x00, 0x1F, 0xFF, 0xFF, 0xD0,
	0x0E, 0xFF, 0xFF, 0xE1, 0x00, 0x00, 0x7F, 0xFF, 0xFF, 0x90, 0x06, 0xFF, 0xFF, 0xFC, 0x51, 0x28, 0xEF, 0xFF, 0xFE, 0x10, 0x00, 0x6F, 0xFF, 0xFF,
	0xFF, 0xFF, 0xFF, 0xFF, 0xD3, 0x00, 0x00, 0x02, 0x8F, 0xFF, 0xFF, 0xFF, 0xFF, 0xE6, 0x00, 0x00, 0x00, 0x18, 0xEF, 0xFF, 0xFF, 0xFF, 0xFF, 0xFD,
	0x60, 0x00, 0x03, 0xEF, 0xFF, 0xFF, 0xFF, 0xFF, 0xFF, 0xFF, 0xF9, 0x00, 0x1D, 0xFF, 0xFF, 0xF8, 0x10, 0x03, 0xCF, 0xFF, 0xFF, 0x80, 0x7F, 0xFF,
	0xFF, 0xA0, 0x00, 0x00, 0x1E, 0xFF, 0xFF, 0xF2, 0xBF, 0xFF, 0xFF, 0x40, 0x00, 0x00, 0x09, 0xFF, 0xFF, 0xF6, 0xEF, 0xFF, 0xFF, 0x20, 0x00, 0x00,
	0x08, 0xFF, 0xFF, 0xF8, 0xFF, 0xFF, 0xFF, 0x40, 0x00, 0x00, 0x08, 0xFF, 0xFF, 0xF8, 0xBF, 0xFF, 0xFF, 0x70, 0x00, 0x00, 0x0C, 0xFF, 0xFF, 0xF7,
	0x8F, 0xFF, 0xFF, 0xE3, 0x00, 0x00, 0x8F, 0xFF, 0xFF, 0xF3, 0x2F, 0xFF, 0xFF, 0xFF, 0xA8, 0x8C, 0xFF, 0xFF, 0xFF, 0xC0, 0x08, 0xFF, 0xFF, 0xFF,
	0xFF, 0xFF, 0xFF, 0xFF, 0xFE, 0x30, 0x00, 0x8F, 0xFF, 0xFF, 0xFF, 0xFF, 0xFF, 0xFF, 0xE4, 0x00, 0x00, 0x04, 0x9E, 0xFF, 0xFF, 0xFF, 0xFF, 0xD8,
	0x10, 0x00, 0x00, 0x00, 0x00, 0x35, 0x88, 0x88, 0x42, 0x00, 0x00, 0x00, 0x00, 0x00, 0x00, 0x00, 0x04, 0x43, 0x00, 0x00, 0x00, 0x00, 0x00, 0x00,
	0x00, 0x04, 0x9E, 0xFF, 0xFF, 0xFB, 0x71, 0x00, 0x00, 0x00, 0x00, 0x01, 0xAF, 0xFF, 0xFF, 0xFF, 0xFF, 0xFD, 0x40, 0x00, 0x00, 0x00, 0x1C, 0xFF,
	0xFF, 0xFF, 0xFF, 0xFF, 0xFF, 0xF6, 0x00, 0x00, 0x00, 0xBF, 0xFF, 0xFF, 0xFD, 0xBF, 0xFF, 0xFF, 0xFE, 0x30, 0x00, 0x06, 0xFF, 0xFF, 0xFE, 0x40,
	0x01, 0x9F, 0xFF, 0xFF, 0xB0, 0x00, 0x0C, 0xFF, 0xFF, 0xF6, 0x00, 0x00, 0x0D, 0xFF, 0xFF, 0xF4, 0x00, 0x0F, 0xFF, 0xFF, 0xF1, 0x00, 0x00, 0x08,
	0xFF, 0xFF, 0xF9, 0x00, 0x4F, 0xFF, 0xFF, 0xF0, 0x00, 0x00, 0x06, 0xFF, 0xFF, 0xFE, 0x00, 0x4F, 0xFF, 0xFF, 0xF0, 0x00, 0x00, 0x04, 0xFF, 0xFF,
	0xFF, 0x30, 0x4F, 0xFF, 0xFF, 0xF0, 0x00, 0x00, 0x08, 0xFF, 0xFF, 0xFF, 0x40, 0x0F, 0xFF, 0xFF, 0xF5, 0x00, 0x00, 0x0A, 0xFF, 0xFF, 0xFF, 0x70,
	0x0C, 0xFF, 0xFF, 0xFC, 0x10, 0x00, 0x5F, 0xFF, 0xFF, 0xFF, 0x80, 0x06, 0xFF, 0xFF, 0xFF, 0xD8, 0x89, 0xFF, 0xFF, 0xFF, 0xFF, 0x80, 0x00, 0xBF,
	0xFF, 0xFF, 0xFF, 0xFF, 0xFF, 0xFF, 0xFF, 0xFF, 0x80, 0x00, 0x1C, 0xFF, 0xFF, 0xFF, 0xFF, 0xFF, 0xFF, 0xFF, 0xFF, 0x60, 0x00, 0x00, 0x8E, 0xFF,
	0xFF, 0xFF, 0xF8, 0xBF, 0xFF, 0xFF, 0x40, 0x00, 0x00, 0x01, 0x58, 0xAB, 0x86, 0x10, 0xCF, 0xFF, 0xFF, 0x00, 0x00, 0x00, 0x00, 0x00, 0x00, 0x00,
	0x02, 0xFF, 0xFF, 0xFC, 0x00, 0x00, 0x00, 0x00, 0x00, 0x00, 0x00, 0x09, 0xFF, 0xFF, 0xF7, 0x00, 0x00, 0x00, 0x00, 0x00, 0x00, 0x00, 0x6F, 0xFF,
	0xFF, 0xE1, 0x00, 0x00, 0x89, 0x50, 0x00, 0x00, 0x18, 0xFF, 0xFF, 0xFF, 0x70, 0x00, 0x00, 0x8F, 0xFF, 0xCB, 0xBC, 0xFF, 0xFF, 0xFF, 0xFB, 0x00,
	0x00, 0x00, 0x8F, 0xFF, 0xFF, 0xFF, 0xFF, 0xFF, 0xFF, 0xC1, 0x00, 0x00, 0x00, 0x8F, 0xFF, 0xFF, 0xFF, 0xFF, 0xFF, 0xF8, 0x10, 0x00, 0x00, 0x00,
	0x4C, 0xFF, 0xFF, 0xFF, 0xFF, 0xFA, 0x40, 0x00, 0x00, 0x00, 0x00, 0x00, 0x04, 0x58, 0x88, 0x64, 0x00, 0x00, 0x00, 0x00, 0x00, 0x28, 0x88, 0x88,
	0x60, 0x4F, 0xFF, 0xFF, 0xB0, 0x4F, 0xFF, 0xFF, 0xB0, 0x4F, 0xFF, 0xFF, 0xB0, 0x4F, 0xFF, 0xFF, 0xB0, 0x4F, 0xFF, 0xFF, 0xB0, 0x3B, 0xBB, 0xBB,
	0x80, 0x00, 0x00, 0x00, 0x00, 0x00, 0x00, 0x00, 0x00, 0x00, 0x00, 0x00, 0x00, 0x00, 0x00, 0x00, 0x00, 0x00, 0x00, 0x00, 0x00, 0x28, 0x88, 0x88,
	0x60, 0x4F, 0xFF, 0xFF, 0xB0, 0x4F, 0xFF, 0xFF, 0xB0, 0x4F, 0xFF, 0xFF, 0xB0, 0x4F, 0xFF, 0xFF, 0xB0, 0x4F, 0xFF, 0xFF, 0xB0, 0x4F, 0xFF, 0xFF,
	0xB0, 0x00, 0x00, 0x00, 0x00, 0x09, 0xBB, 0xBB, 0xBB, 0xB1, 0x00, 0x00, 0x00, 0x00, 0x00, 0x00, 0x00, 0x00, 0x00, 0x2F, 0xFF, 0xFF, 0xFF, 0xF7,
	0x00, 0x00, 0x00, 0x00, 0x00, 0x00, 0x00, 0x00, 0x00, 0x8F, 0xFF, 0xFF, 0xFF, 0xFC, 0x00, 0x00, 0x00, 0x00, 0x00, 0x00, 0x00, 0x00, 0x00, 0xDF,
	0xFF, 0xFF, 0xFF, 0xFF, 0x30, 0x00, 0x00, 0x00, 0x00, 0x00, 0x00, 0x00, 0x04, 0xFF, 0xFF, 0xFF, 0xFF, 0xFF, 0x80, 0x00, 0x00, 0x00, 0x00, 0x00,
	0x00, 0x00, 0x09, 0xFF, 0xFF, 0xFF, 0xFF, 0xFF, 0xE0, 0x00, 0x00, 0x00, 0x00, 0x00, 0x00, 0x00, 0x0E, 0xFF, 0xFF, 0xEB, 0xFF, 0xFF, 0xF5, 0x00,
	0x00, 0x00, 0x00, 0x00, 0x00, 0x00, 0x6F, 0xFF, 0xFF, 0x95, 0xFF, 0xFF, 0xF9, 0x00, 0x00, 0x00, 0x00, 0x00, 0x00, 0x00, 0xAF, 0xFF, 0xFF, 0x50,
	0xEF, 0xFF, 0xFF, 0x10, 0x00, 0x00, 0x00, 0x00, 0x00, 0x02, 0xFF, 0xFF, 0xFE, 0x00, 0x9F, 0xFF, 0xFF, 0x60, 0x00, 0x00, 0x00, 0x00, 0x00, 0x07,
	0xFF, 0xFF, 0xF9, 0x00, 0x5F, 0xFF, 0xFF, 0xC0, 0x00, 0x00, 0x00, 0x00, 0x00, 0x0D, 0xFF, 0xFF, 0xF5, 0x00, 0x0E, 0xFF, 0xFF, 0xF2, 0x00, 0x00,
	0x00, 0x00, 0x00, 0x3F, 0xFF, 0xFF, 0xE0, 0x00, 0x09, 0xFF, 0xFF, 0xF8, 0x00, 0x00, 0x00, 0x00, 0x00, 0x8F, 0xFF, 0xFF, 0x90, 0x00, 0x05, 0xFF,
	0xFF, 0xFD, 0x00, 0x00, 0x00, 0x00, 0x00, 0xEF, 0xFF, 0xFF, 0x30, 0x00, 0x00, 0xEF, 0xFF, 0xFF, 0x40, 0x00, 0x00, 0x00, 0x05, 0xFF, 0xFF, 0xFD,
	0x00, 0x00, 0x00, 0x8F, 0xFF, 0xFF, 0x90, 0x00, 0x00, 0x00, 0x0A, 0xFF, 0xFF, 0xFF, 0xFF, 0xFF, 0xFF, 0xFF, 0xFF, 0xFF, 0xE1, 0x00, 0x00, 0x00,
	0x1F, 0xFF, 0xFF, 0xFF, 0xFF, 0xFF, 0xFF, 0xFF, 0xFF, 0xFF, 0xF6, 0x00, 0x00, 0x00, 0x7F, 0xFF, 0xFF, 0xFF, 0xFF, 0xFF, 0xFF, 0xFF, 0xFF, 0xFF,
	0xFB, 0x00, 0x00, 0x00, 0xCF, 0xFF, 0xFF, 0xFF, 0xFF, 0xFF, 0xFF, 0xFF, 0xFF, 0xFF, 0xFF, 0x20, 0x00, 0x02, 0xFF, 0xFF, 0xFF, 0x88, 0x88, 0x88,
	0x88, 0x88, 0xDF, 0xFF, 0xFF, 0x70, 0x00, 0x08, 0xFF, 0xFF, 0xFC, 0x00, 0x00, 0x00, 0x00, 0x00, 0x7F, 0xFF, 0xFF, 0xD0, 0x00, 0x0D, 0xFF, 0xFF,
	0xF7, 0x00, 0x00, 0x00, 0x00, 0x00, 0x2F, 0xFF, 0xFF, 0xF3, 0x00, 0x5F, 0xFF, 0xFF, 0xF2, 0x00, 0x00, 0x00, 0x00, 0x00, 0x0C, 0xFF, 0xFF, 0xF9,
	0x00, 0x9F, 0xFF, 0xFF, 0xC0, 0x00, 0x00, 0x00, 0x00, 0x00, 0x07, 0xFF, 0xFF, 0xFE, 0x00, 0xBB, 0xBB, 0xBB, 0xBB, 0xBB, 0xBB, 0xA8, 0x51, 0x00,
	0x00, 0x00, 0xFF, 0xFF, 0xFF, 0xFF, 0xFF, 0xFF, 0xFF, 0xFF, 0x91, 0x00, 0x00, 0xFF, 0xFF, 0xFF, 0xFF, 0xFF, 0xFF, 0xFF, 0xFF, 0xFE, 0x20, 0x00,
	0xFF, 0xFF, 0xFF, 0xFF, 0xFF, 0xFF, 0xFF, 0xFF, 0xFF, 0xB0, 0x00, 0xFF, 0xFF, 0xFF, 0xB8, 0x88, 0x8C, 0xFF, 0xFF, 0xFF, 0xF3, 0x00, 0xFF, 0xFF,
	0xFF, 0x80, 0x00, 0x00, 0x7F, 0xFF, 0xFF, 0xF7, 0x00, 0xFF, 0xFF, 0xFF, 0x80, 0x00, 0x00, 0x0F, 0xFF, 0xFF, 0xF8, 0x00, 0xFF, 0xFF, 0xFF, 0x80,
	0x00, 0x00, 0x0F, 0xFF, 0xFF, 0xF8, 0x00, 0xFF, 0xFF, 0xFF, 0x80, 0x00, 0x00, 0x3F, 0xFF, 0xFF, 0xF5, 0x00, 0xFF, 0xFF, 0xFF, 0x94, 0x44, 0x46,
	0xEF, 0xFF, 0xFF, 0xD0, 0x00, 0xFF, 0xFF, 0xFF, 0xFF, 0xFF, 0xFF, 0xFF, 0xFF, 0xFE, 0x30, 0x00, 0xFF, 0xFF, 0xFF, 0xFF, 0xFF, 0xFF, 0xFF, 0xFF,
	0xC2, 0x00, 0x00, 0xFF, 0xFF, 0xFF, 0xFF, 0xFF, 0xFF, 0xFF, 0xFF, 0xFB, 0x20, 0x00, 0xFF, 0xFF, 0xFF, 0xFF, 0xFF, 0xFF, 0xFF, 0xFF, 0xFF, 0xE2,
	0x00, 0xFF, 0xFF, 0xFF, 0x94, 0x44, 0x44, 0x8F, 0xFF, 0xFF, 0xFB, 0x00, 0xFF, 0xFF, 0xFF, 0x80, 0x00, 0x00, 0x07, 0xFF, 0xFF, 0xFF, 0x20, 0xFF,
	0xFF, 0xFF, 0x80, 0x00, 0x00, 0x00, 0xFF, 0xFF, 0xFF, 0x70, 0xFF, 0xFF, 0xFF, 0x80, 0x00, 0x00, 0x00, 0xEF, 0xFF, 0xFF, 0x80, 0xFF, 0xFF, 0xFF,
	0x80, 0x00, 0x00, 0x01, 0xFF, 0xFF, 0xFF, 0x80, 0xFF, 0xFF, 0xFF, 0x80, 0x00, 0x00, 0x08, 0xFF, 0xFF, 0xFF, 0x60, 0xFF, 0xFF, 0xFF, 0x94, 0x44,
	0x48, 0xBF, 0xFF, 0xFF, 0xFF, 0x20, 0xFF, 0xFF, 0xFF, 0xFF, 0xFF, 0xFF, 0xFF, 0xFF, 0xFF, 0xF9, 0x00, 0xFF, 0xFF, 0xFF, 0xFF, 0xFF, 0xFF, 0xFF,
	0xFF, 0xFF, 0xC1, 0x00, 0xFF, 0xFF, 0xFF, 0xFF, 0xFF, 0xFF, 0xFF, 0xFF, 0xF9, 0x10, 0x00, 0xFF, 0xFF, 0xFF, 0xFF, 0xFF, 0xFF, 0xFC, 0xA7, 0x20,
	0x00, 0x00, 0x00, 0x00, 0x00, 0x00, 0x00, 0x00, 0x34, 0x44, 0x00, 0x00, 0x00, 0x00, 0x00, 0x00, 0x00, 0x69, 0xDF, 0xFF, 0xFF, 0xFE, 0xA6, 0x10,
	0x00, 0x00, 0x00, 0x6D, 0xFF, 0xFF, 0xFF, 0xFF, 0xFF, 0xFF, 0xE7, 0x00, 0x00, 0x1B, 0xFF, 0xFF, 0xFF, 0xFF, 0xFF, 0xFF, 0xFF, 0xFB, 0x00, 0x01,
	0xCF, 0xFF, 0xFF, 0xFF, 0xFF, 0xFF, 0xFF, 0xFF, 0xFB, 0x00, 0x0C, 0xFF, 0xFF, 0xFF, 0xFE, 0xA8, 0x88, 0x8B, 0xFF, 0xFB, 0x00, 0x8F, 0xFF, 0xFF,
	0xFF, 0x81, 0x00, 0x00, 0x00, 0x17, 0xEB, 0x01, 0xEF, 0xFF, 0xFF, 0xF6, 0x00, 0x00, 0x00, 0x00, 0x00, 0x16, 0x07, 0xFF, 0xFF, 0xFF, 0x80, 0x00,
	0x00, 0x00, 0x00, 0x00, 0x00, 0x0B, 0xFF, 0xFF, 0xFF, 0x10, 0x00, 0x00, 0x00, 0x00, 0x00, 0x00, 0x0F, 0xFF, 0xFF, 0xFA, 0x00, 0x00, 0x00, 0x00,
	0x00, 0x00, 0x00, 0x3F, 0xFF, 0xFF, 0xF8, 0x00, 0x00, 0x00, 0x00, 0x00, 0x00, 0x00, 0x4F, 0xFF, 0xFF, 0xF5, 0x00, 0x00, 0x00, 0x00, 0x00, 0x00,
	0x00, 0x4F, 0xFF, 0xFF, 0xF4, 0x00, 0x00, 0x00, 0x00, 0x00, 0x00, 0x00, 0x4F, 0xFF, 0xFF, 0xF4, 0x00, 0x00, 0x00, 0x00, 0x00, 0x00, 0x00, 0x4F,
	0xFF, 0xFF, 0xF8, 0x00, 0x00, 0x00, 0x00, 0x00, 0x00, 0x00, 0x0F, 0xFF, 0xFF, 0xF9, 0x00, 0x00, 0x00, 0x00, 0x00, 0x00, 0x00, 0x0D, 0xFF, 0xFF,
	0xFE, 0x00, 0x00, 0x00, 0x00, 0x00, 0x00, 0x00, 0x08, 0xFF, 0xFF, 0xFF, 0x70, 0x00, 0x00, 0x00, 0x00, 0x00, 0x00, 0x02, 0xFF, 0xFF, 0xFF, 0xE3,
	0x00, 0x00, 0x00, 0x00, 0x00, 0x03, 0x00, 0x9F, 0xFF, 0xFF, 0xFE, 0x40, 0x00, 0x00, 0x00, 0x03, 0xBB, 0x00, 0x1E, 0xFF, 0xFF, 0xFF, 0xFB, 0x74,
	0x44, 0x48, 0xCF, 0xFB, 0x00, 0x03, 0xEF, 0xFF, 0xFF, 0xFF, 0xFF, 0xFF, 0xFF, 0xFF, 0xFB, 0x00, 0x00, 0x3E, 0xFF, 0xFF, 0xFF, 0xFF, 0xFF, 0xFF,
	0xFF, 0xFB, 0x00, 0x00, 0x01, 0x9F, 0xFF, 0xFF, 0xFF, 0xFF, 0xFF, 0xFF, 0xF9, 0x00, 0x00, 0x00, 0x02, 0x9D, 0xFF, 0xFF, 0xFF, 0xFF, 0xE9, 0x40,
	0x00, 0x00, 0x00, 0x00, 0x00, 0x24, 0x78, 0x88, 0x43, 0x00, 0x00, 0xBB, 0xBB, 0xBB, 0xBB, 0xBB, 0xB8, 0x86, 0x30, 0x00, 0x00, 0x00, 0x00, 0xFF,
	0xFF, 0xFF, 0xFF, 0xFF, 0xFF, 0xFF, 0xFD, 0x82, 0x00, 0x00, 0x00, 0xFF, 0xFF, 0xFF, 0xFF, 0xFF, 0xFF, 0xFF, 0xFF, 0xFE, 0x80, 0x00, 0x00, 0xFF,
	0xFF, 0xFF, 0xFF, 0xFF, 0xFF, 0xFF, 0xFF, 0xFF, 0xF9, 0x10, 0x00, 0xFF, 0xFF, 0xFF, 0xFF, 0xFF, 0xFF, 0xFF, 0xFF, 0xFF, 0xFF, 0xA0, 0x00, 0xFF,
	0xFF, 0xFF, 0x80, 0x00, 0x35, 0x9E, 0xFF, 0xFF, 0xFF, 0xF8, 0x00, 0xFF, 0xFF, 0xFF, 0x80, 0x00, 0x00, 0x01, 0xAF, 0xFF, 0xFF, 0xFF, 0x20, 0xFF,
	0xFF, 0xFF, 0x80, 0x00, 0x00, 0x00, 0x0A, 0xFF, 0xFF, 0xFF, 0x80, 0xFF, 0xFF, 0xFF, 0x80, 0x00, 0x00, 0x00, 0x01, 0xEF, 0xFF, 0xFF, 0xD0, 0xFF,
	0xFF, 0xFF, 0x80, 0x00, 0x00, 0x00, 0x00, 0x9F, 0xFF, 0xFF, 0xF2, 0xFF, 0xFF, 0xFF, 0x80, 0x00, 0x00, 0x00, 0x00, 0x5F, 0xFF, 0xFF, 0xF4, 0xFF,
	0xFF, 0xFF, 0x80, 0x00, 0x00, 0x00, 0x00, 0x4F, 0xFF, 0xFF, 0xF8, 0xFF, 0xFF, 0xFF, 0x80, 0x00, 0x00, 0x00, 0x00, 0x4F, 0xFF, 0xFF, 0xF8, 0xFF,
	0xFF, 0xFF, 0x80, 0x00, 0x00, 0x00, 0x00, 0x4F, 0xFF, 0xFF, 0xF8, 0xFF, 0xFF, 0xFF, 0x80, 0x00, 0x00, 0x00, 0x00, 0x5F, 0xFF, 0xFF, 0xF5, 0xFF,
	0xFF, 0xFF, 0x80, 0x00, 0x00, 0x00, 0x00, 0x8F, 0xFF, 0xFF, 0xF3, 0xFF, 0xFF, 0xFF, 0x80, 0x00, 0x00, 0x00, 0x01, 0xEF, 0xFF, 0xFF, 0xE0, 0xFF,
	0xFF, 0xFF, 0x80, 0x00, 0x00, 0x00, 0x09, 0xFF, 0xFF, 0xFF, 0x90, 0xFF, 0xFF, 0xFF, 0x80, 0x00, 0x00, 0x00, 0x8F, 0xFF, 0xFF, 0xFF, 0x40, 0xFF,
	0xFF, 0xFF, 0x80, 0x00, 0x02, 0x6D, 0xFF, 0xFF, 0xFF, 0xF8, 0x00, 0xFF, 0xFF, 0xFF, 0xDB, 0xBB, 0xFF, 0xFF, 0xFF, 0xFF, 0xFF, 0xC1, 0x00, 0xFF,
	0xFF, 0xFF, 0xFF, 0xFF, 0xFF, 0xFF, 0xFF, 0xFF, 0xFC, 0x10, 0x00, 0xFF, 0xFF, 0xFF, 0xFF, 0xFF, 0xFF, 0xFF, 0xFF, 0xFF, 0xA1, 0x00, 0x00, 0xFF,
	0xFF, 0xFF, 0xFF, 0xFF, 0xFF, 0xFF, 0xFF, 0xB4, 0x00, 0x00, 0x00, 0xFF, 0xFF, 0xFF, 0xFF, 0xFF, 0xEB, 0xB8, 0x62, 0x00, 0x00, 0x00, 0x00, 0xBB,
	0xBB, 0xBB, 0xBB, 0xBB, 0xBB, 0xBB, 0xBB, 0xB3, 0xFF, 0xFF, 0xFF, 0xFF, 0xFF, 0xFF, 0xFF, 0xFF, 0xF4, 0xFF, 0xFF, 0xFF, 0xFF, 0xFF, 0xFF, 0xFF,
	0xFF, 0xF4, 0xFF, 0xFF, 0xFF, 0xFF, 0xFF, 0xFF, 0xFF, 0xFF, 0xF4, 0xFF, 0xFF, 0xFF, 0xFF, 0xFF, 0xFF, 0xFF, 0xFF, 0xF4, 0xFF, 0xFF, 0xFF, 0x80,
	0x00, 0x00, 0x00, 0x00, 0x00, 0xFF, 0xFF, 0xFF, 0x80, 0x00, 0x00, 0x00, 0x00, 0x00, 0xFF, 0xFF, 0xFF, 0x80, 0x00, 0x00, 0x00, 0x00, 0x00, 0xFF,
	0xFF, 0xFF, 0x80, 0x00, 0x00, 0x00, 0x00, 0x00, 0xFF, 0xFF, 0xFF, 0x94, 0x44, 0x44, 0x44, 0x44, 0x30, 0xFF, 0xFF, 0xFF, 0xFF, 0xFF, 0xFF, 0xFF,
	0xFF, 0xB0, 0xFF, 0xFF, 0xFF, 0xFF, 0xFF, 0xFF, 0xFF, 0xFF, 0xB0, 0xFF, 0xFF, 0xFF, 0xFF, 0xFF, 0xFF, 0xFF, 0xFF, 0xB0, 0xFF, 0xFF, 0xFF, 0xFF,
	0xFF, 0xFF, 0xFF, 0xFF, 0xB0, 0xFF, 0xFF, 0xFF, 0xB8, 0x88, 0x88, 0x88, 0x88, 0x60, 0xFF, 0xFF, 0xFF, 0x80, 0x00, 0x00, 0x00, 0x00, 0x00, 0xFF,
	0xFF, 0xFF, 0x80, 0x00, 0x00, 0x00, 0x00, 0x00, 0xFF, 0xFF, 0xFF, 0x80, 0x00, 0x00, 0x00, 0x00, 0x00, 0xFF, 0xFF, 0xFF, 0x80, 0x00, 0x00, 0x00,
	0x00, 0x00, 0xFF, 0xFF, 0xFF, 0x80, 0x00, 0x00, 0x00, 0x00, 0x00, 0xFF, 0xFF, 0xFF, 0xDB, 0xBB, 0xBB, 0xBB, 0xBB, 0xB8, 0xFF, 0xFF, 0xFF, 0xFF,
	0xFF, 0xFF, 0xFF, 0xFF, 0xFB, 0xFF, 0xFF, 0xFF, 0xFF, 0xFF, 0xFF, 0xFF, 0xFF, 0xFB, 0xFF, 0xFF, 0xFF, 0xFF, 0xFF, 0xFF, 0xFF, 0xFF, 0xFB, 0xFF,
	0xFF, 0xFF, 0xFF, 0xFF, 0xFF, 0xFF, 0xFF, 0xFB, 0xBB, 0xBB, 0xBB, 0xBB, 0xBB, 0xBB, 0xBB, 0xBB, 0xB3, 0xFF, 0xFF, 0xFF, 0xFF, 0xFF, 0xFF, 0xFF,
	0xFF, 0xF4, 0xFF, 0xFF, 0xFF, 0xFF, 0xFF, 0xFF, 0xFF, 0xFF, 0xF4, 0xFF, 0xFF, 0xFF, 0xFF, 0xFF, 0xFF, 0xFF, 0xFF, 0xF4, 0xFF, 0xFF, 0xFF, 0xFF,
	0xFF, 0xFF, 0xFF, 0xFF, 0xF4, 0xFF, 0xFF, 0xFF, 0x80, 0x00, 0x00, 0x00, 0x00, 0x00, 0xFF, 0xFF, 0xFF, 0x80, 0x00, 0x00, 0x00, 0x00, 0x00, 0xFF,
	0xFF, 0xFF, 0x80, 0x00, 0x00, 0x00, 0x00, 0x00, 0xFF, 0xFF, 0xFF, 0x80, 0x00, 0x00, 0x00, 0x00, 0x00, 0xFF, 0xFF, 0xFF, 0x94, 0x44, 0x44, 0x44,
	0x44, 0x30, 0xFF, 0xFF, 0xFF, 0xFF, 0xFF, 0xFF, 0xFF, 0xFF, 0xB0, 0xFF, 0xFF, 0xFF, 0xFF, 0xFF, 0xFF, 0xFF, 0xFF, 0xB0, 0xFF, 0xFF, 0xFF, 0xFF,
	0xFF, 0xFF, 0xFF, 0xFF, 0xB0, 0xFF, 0xFF, 0xFF, 0xFF, 0xFF, 0xFF, 0xFF, 0xFF, 0xB0, 0xFF, 0xFF, 0xFF, 0xB8, 0x88, 0x88, 0x88, 0x88, 0x60, 0xFF,
	0xFF, 0xFF, 0x80, 0x00, 0x00, 0x00, 0x00, 0x00, 0xFF, 0xFF, 0xFF, 0x80, 0x00, 0x00, 0x00, 0x00, 0x00, 0xFF, 0xFF, 0xFF, 0x80, 0x00, 0x00, 0x00,
	0x00, 0x00, 0xFF, 0xFF, 0xFF, 0x80, 0x00, 0x00, 0x00, 0x00, 0x00, 0xFF, 0xFF, 0xFF, 0x80, 0x00, 0x00, 0x00, 0x00, 0x00, 0xFF, 0xFF, 0xFF, 0x80,
	0x00, 0x00, 0x00, 0x00, 0x00, 0xFF, 0xFF, 0xFF, 0x80, 0x00, 0x00, 0x00, 0x00, 0x00, 0xFF, 0xFF, 0xFF, 0x80, 0x00, 0x00, 0x00, 0x00, 0x00, 0xFF,
	0xFF, 0xFF, 0x80, 0x00, 0x00, 0x00, 0x00, 0x00, 0xFF, 0xFF, 0xFF, 0x80, 0x00, 0x00, 0x00, 0x00, 0x00, 0x00, 0x00, 0x00, 0x00, 0x00, 0x00, 0x24,
	0x44, 0x30, 0x00, 0x00, 0x00, 0x00, 0x00, 0x00, 0x00, 0x00, 0x59, 0xCF, 0xFF, 0xFF, 0xFF, 0xEA, 0x72, 0x00, 0x00, 0x00, 0x00, 0x00, 0x5D, 0xFF,
	0xFF, 0xFF, 0xFF, 0xFF, 0xFF, 0xFF, 0xC4, 0x00, 0x00, 0x00, 0x1A, 0xFF, 0xFF, 0xFF, 0xFF, 0xFF, 0xFF, 0xFF, 0xFF, 0xF8, 0x00, 0x00, 0x01, 0xCF,
	0xFF, 0xFF, 0xFF, 0xFF, 0xFF, 0xFF, 0xFF, 0xFF, 0xF8, 0x00, 0x00, 0x0C, 0xFF, 0xFF, 0xFF, 0xFF, 0xB8, 0x88, 0x88, 0xBF, 0xFF, 0xF8, 0x00, 0x00,
	0x8F, 0xFF, 0xFF, 0xFF, 0xA2, 0x00, 0x00, 0x00, 0x01, 0x6B, 0xF8, 0x00, 0x01, 0xEF, 0xFF, 0xFF, 0xF6, 0x00, 0x00, 0x00, 0x00, 0x00, 0x00, 0x45,
	0x00, 0x07, 0xFF, 0xFF, 0xFF, 0x90, 0x00, 0x00, 0x00, 0x00, 0x00, 0x00, 0x00, 0x00, 0x0B, 0xFF, 0xFF, 0xFF, 0x10, 0x00, 0x00, 0x00, 0x00, 0x00,
	0x00, 0x00, 0x00, 0x0F, 0xFF, 0xFF, 0xFA, 0x00, 0x00, 0x00, 0x00, 0x00, 0x00, 0x00, 0x00, 0x00, 0x3F, 0xFF, 0xFF, 0xF8, 0x00, 0x00, 0x00, 0x00,
	0x00, 0x00, 0x00, 0x00, 0x00, 0x4F, 0xFF, 0xFF, 0xF5, 0x00, 0x00, 0x00, 0x6B, 0xBB, 0xBB, 0xBB, 0xBB, 0x60, 0x4F, 0xFF, 0xFF, 0xF4, 0x00, 0x00,
	0x00, 0x8F, 0xFF, 0xFF, 0xFF, 0xFF, 0x80, 0x4F, 0xFF, 0xFF, 0xF4, 0x00, 0x00, 0x00, 0x8F, 0xFF, 0xFF, 0xFF, 0xFF, 0x80, 0x4F, 0xFF, 0xFF, 0xF8,
	0x00, 0x00, 0x00, 0x8F, 0xFF, 0xFF, 0xFF, 0xFF, 0x80, 0x0F, 0xFF, 0xFF, 0xF9, 0x00, 0x00, 0x00, 0x48, 0x88, 0xDF, 0xFF, 0xFF, 0x80, 0x0D, 0xFF,
	0xFF, 0xFE, 0x00, 0x00, 0x00, 0x00, 0x00, 0xBF, 0xFF, 0xFF, 0x80, 0x08, 0xFF, 0xFF, 0xFF, 0x70, 0x00, 0x00, 0x00, 0x00, 0xBF, 0xFF, 0xFF, 0x80,
	0x02, 0xFF, 0xFF, 0xFF, 0xE3, 0x00, 0x00, 0x00, 0x00, 0xBF, 0xFF, 0xFF, 0x80, 0x00, 0x9F, 0xFF, 0xFF, 0xFE, 0x40, 0x00, 0x00, 0x00, 0xBF, 0xFF,
	0xFF, 0x80, 0x00, 0x1E, 0xFF, 0xFF, 0xFF, 0xFC, 0x74, 0x44, 0x47, 0xDF, 0xFF, 0xFF, 0x80, 0x00, 0x03, 0xEF, 0xFF, 0xFF, 0xFF, 0xFF, 0xFF, 0xFF,
	0xFF, 0xFF, 0xFF, 0x80, 0x00, 0x00, 0x3E, 0xFF, 0xFF, 0xFF, 0xFF, 0xFF, 0xFF, 0xFF, 0xFF, 0xFF, 0x80, 0x00, 0x00, 0x01, 0x9F, 0xFF, 0xFF, 0xFF,
	0xFF, 0xFF, 0xFF, 0xFF, 0xE8, 0x20, 0x00, 0x00, 0x00, 0x02, 0x9D, 0xFF, 0xFF, 0xFF, 0xFF, 0xFD, 0x95, 0x00, 0x00, 0x00, 0x00, 0x00, 0x00, 0x00,
	0x24, 0x78, 0x88, 0x64, 0x10, 0x00, 0x00, 0x00, 0xBB, 0xBB, 0xBB, 0x60, 0x00, 0x00, 0x00, 0x00, 0xBB, 0xBB, 0xBB, 0x30, 0xFF, 0xFF, 0xFF, 0x80,
	0x00, 0x00, 0x00, 0x00, 0xFF, 0xFF, 0xFF, 0x40, 0xFF, 0xFF, 0xFF, 0x80, 0x00, 0x00, 0x00, 0x00, 0xFF, 0xFF, 0xFF, 0x40, 0xFF, 0xFF, 0xFF, 0x80,
	0x00, 0x00, 0x00, 0x00, 0xFF, 0xFF, 0xFF, 0x40, 0xFF, 0xFF, 0xFF, 0x80, 0x00, 0x00, 0x00, 0x00, 0xFF, 0xFF, 0xFF, 0x40, 0xFF, 0xFF, 0xFF, 0x80,
	0x00, 0x00, 0x00, 0x00, 0xFF, 0xFF, 0xFF, 0x40, 0xFF, 0xFF, 0xFF, 0x80, 0x00, 0x00, 0x00, 0x00, 0xFF, 0xFF, 0xFF, 0x40, 0xFF, 0xFF, 0xFF, 0x80,
	0x00, 0x00, 0x00, 0x00, 0xFF, 0xFF, 0xFF, 0x40, 0xFF, 0xFF, 0xFF, 0x80, 0x00, 0x00, 0x00, 0x00, 0xFF, 0xFF, 0xFF, 0x40, 0xFF, 0xFF, 0xFF, 0x94,
	0x44, 0x44, 0x44, 0x44, 0xFF, 0xFF, 0xFF, 0x40, 0xFF, 0xFF, 0xFF, 0xFF, 0xFF, 0xFF, 0xFF, 0xFF, 0xFF, 0xFF, 0xFF, 0x40, 0xFF, 0xFF, 0xFF, 0xFF,
	0xFF, 0xFF, 0xFF, 0xFF, 0xFF, 0xFF, 0xFF, 0x40, 0xFF, 0xFF, 0xFF, 0xFF, 0xFF, 0xFF, 0xFF, 0xFF, 0xFF, 0xFF, 0xFF, 0x40, 0xFF, 0xFF, 0xFF, 0xFF,
	0xFF, 0xFF, 0xFF, 0xFF, 0xFF, 0xFF, 0xFF, 0x40, 0xFF, 0xFF, 0xFF, 0xB8, 0x88, 0x88, 0x88, 0x88, 0xFF, 0xFF, 0xFF, 0x40, 0xFF, 0xFF, 0xFF, 0x80,
	0x00, 0x00, 0x00, 0x00, 0xFF, 0xFF, 0xFF, 0x40, 0xFF, 0xFF, 0xFF, 0x80, 0x00, 0x00, 0x00, 0x00, 0xFF, 0xFF, 0xFF, 0x40, 0xFF, 0xFF, 0xFF, 0x80,
	0x00, 0x00, 0x00, 0x00, 0xFF, 0xFF, 0xFF, 0x40, 0xFF, 0xFF, 0xFF, 0x80, 0x00, 0x00, 0x00, 0x00, 0xFF, 0xFF, 0xFF, 0x40, 0xFF, 0xFF, 0xFF, 0x80,
	0x00, 0x00, 0x00, 0x00, 0xFF, 0xFF, 0xFF, 0x40, 0xFF, 0xFF, 0xFF, 0x80, 0x00, 0x00, 0x00, 0x00, 0xFF, 0xFF, 0xFF, 0x40, 0xFF, 0xFF, 0xFF, 0x80,
	0x00, 0x00, 0x00, 0x00, 0xFF, 0xFF, 0xFF, 0x40, 0xFF, 0xFF, 0xFF, 0x80, 0x00, 0x00, 0x00, 0x00, 0xFF, 0xFF, 0xFF, 0x40, 0xFF, 0xFF, 0xFF, 0x80,
	0x00, 0x00, 0x00, 0x00, 0xFF, 0xFF, 0xFF, 0x40, 0xFF, 0xFF, 0xFF, 0x80, 0x00, 0x00, 0x00, 0x00, 0xFF, 0xFF, 0xFF, 0x40, 0xBB, 0xBB, 0xBB, 0x60,
	0xFF, 0xFF, 0xFF, 0x80, 0xFF, 0xFF, 0xFF, 0x80, 0xFF, 0xFF, 0xFF, 0x80, 0xFF, 0xFF, 0xFF, 0x80, 0xFF, 0xFF, 0xFF, 0x80, 0xFF, 0xFF, 0xFF, 0x80,
	0xFF, 0xFF, 0xFF, 0x80, 0xFF, 0xFF, 0xFF, 0x80, 0xFF, 0xFF, 0xFF, 0x80, 0xFF, 0xFF, 0xFF, 0x80, 0xFF, 0xFF, 0xFF, 0x80, 0xFF, 0xFF, 0xFF, 0x80,
	0xFF, 0xFF, 0xFF, 0x80, 0xFF, 0xFF, 0xFF, 0x80, 0xFF, 0xFF, 0xFF, 0x80, 0xFF, 0xFF, 0xFF, 0x80, 0xFF, 0xFF, 0xFF, 0x80, 0xFF, 0xFF, 0xFF, 0x80,
	0xFF, 0xFF, 0xFF, 0x80, 0xFF, 0xFF, 0xFF, 0x80, 0xFF, 0xFF, 0xFF, 0x80, 0xFF, 0xFF, 0xFF, 0x80, 0xFF, 0xFF, 0xFF, 0x80, 0xFF, 0xFF, 0xFF, 0x80,
	0x00, 0x00, 0x0B, 0xBB, 0xBB, 0xB6, 0x00, 0x00, 0x0F, 0xFF, 0xFF, 0xF8, 0x00, 0x00, 0x0F, 0xFF, 0xFF, 0xF8, 0x00, 0x00, 0x0F, 0xFF, 0xFF, 0xF8,
	0x00, 0x00, 0x0F, 0xFF, 0xFF, 0xF8, 0x00, 0x00, 0x0F, 0xFF, 0xFF, 0xF8, 0x00, 0x00, 0x0F, 0xFF, 0xFF, 0xF8, 0x00, 0x00, 0x0F, 0xFF, 0xFF, 0xF8,
	0x00, 0x00, 0x0F, 0xFF, 0xFF, 0xF8, 0x00, 0x00, 0x0F, 0xFF, 0xFF, 0xF8, 0x00, 0x00, 0x0F, 0xFF, 0xFF, 0xF8, 0x00, 0x00, 0x0F, 0xFF, 0xFF, 0xF8,
	0x00, 0x00, 0x0F, 0xFF, 0xFF, 0xF8, 0x00, 0x00, 0x0F, 0xFF, 0xFF, 0xF8, 0x00, 0x00, 0x0F, 0xFF, 0xFF, 0xF8, 0x00, 0x00, 0x0F, 0xFF, 0xFF, 0xF8,
	0x00, 0x00, 0x0F, 0xFF, 0xFF, 0xF8, 0x00, 0x00, 0x0F, 0xFF, 0xFF, 0xF8, 0x00, 0x00, 0x0F, 0xFF, 0xFF, 0xF8, 0x00, 0x00, 0x0F, 0xFF, 0xFF, 0xF8,
	0x00, 0x00, 0x0F, 0xFF, 0xFF, 0xF8, 0x00, 0x00, 0x0F, 0xFF, 0xFF, 0xF8, 0x00, 0x00, 0x0F, 0xFF, 0xFF, 0xF8, 0x00, 0x00, 0x0F, 0xFF, 0xFF, 0xF8,
	0x00, 0x00, 0x2F, 0xFF, 0xFF, 0xF6, 0x00, 0x00, 0xAF, 0xFF, 0xFF, 0xF3, 0x00, 0x3A, 0xFF, 0xFF, 0xFF, 0xE0, 0xFF, 0xFF, 0xFF, 0xFF, 0xFF, 0x80,
	0xFF, 0xFF, 0xFF, 0xFF, 0xFC, 0x10, 0xFF, 0xFF, 0xFF, 0xFF, 0xC3, 0x00, 0xFF, 0xFF, 0xFF, 0xE8, 0x10, 0x00, 0xBB, 0xBB, 0x85, 0x10, 0x00, 0x00,
	0xBB, 0xBB, 0xBB, 0x60, 0x00, 0x00, 0x00, 0x08, 0xBB, 0xBB, 0xBB, 0x80, 0x00, 0xFF, 0xFF, 0xFF, 0x80, 0x00, 0x00, 0x00, 0x9F, 0xFF, 0xFF, 0xFC,
	0x10, 0x00, 0xFF, 0xFF, 0xFF, 0x80, 0x00, 0x00, 0x09, 0xFF, 0xFF, 0xFF, 0xC1, 0x00, 0x00, 0xFF, 0xFF, 0xFF, 0x80, 0x00, 0x00, 0x9F, 0xFF, 0xFF,
	0xFC, 0x10, 0x00, 0x00, 0xFF, 0xFF, 0xFF, 0x80, 0x00, 0x09, 0xFF, 0xFF, 0xFF, 0xC1, 0x00, 0x00, 0x00, 0xFF, 0xFF, 0xFF, 0x80, 0x00, 0x9F, 0xFF,
	0xFF, 0xFC, 0x10, 0x00, 0x00, 0x00, 0xFF, 0xFF, 0xFF, 0x80, 0x09, 0xFF, 0xFF, 0xFF, 0xB1, 0x00, 0x00, 0x00, 0x00, 0xFF, 0xFF, 0xFF, 0x80, 0x9F,
	0xFF, 0xFF, 0xF9, 0x00, 0x00, 0x00, 0x00, 0x00, 0xFF, 0xFF, 0xFF, 0x89, 0xFF, 0xFF, 0xFF, 0x90, 0x00, 0x00, 0x00, 0x00, 0x00, 0xFF, 0xFF, 0xFF,
	0xEF, 0xFF, 0xFF, 0xF9, 0x00, 0x00, 0x00, 0x00, 0x00, 0x00, 0xFF, 0xFF, 0xFF, 0xFF, 0xFF, 0xFF, 0x90, 0x00, 0x00, 0x00, 0x00, 0x00, 0x00, 0xFF,
	0xFF, 0xFF, 0xFF, 0xFF, 0xF9, 0x00, 0x00, 0x00, 0x00, 0x00, 0x00, 0x00, 0xFF, 0xFF, 0xFF, 0xFF, 0xFF, 0xFC, 0x10, 0x00, 0x00, 0x00, 0x00, 0x00,
	0x00, 0xFF, 0xFF, 0xFF, 0xFF, 0xFF, 0xFF, 0xC1, 0x00, 0x00, 0x00, 0x00, 0x00, 0x00, 0xFF, 0xFF, 0xFF, 0xFF, 0xFF, 0xFF, 0xFC, 0x10, 0x00, 0x00,
	0x00, 0x00, 0x00, 0xFF, 0xFF, 0xFF, 0xAE, 0xFF, 0xFF, 0xFF, 0xC1, 0x00, 0x00, 0x00, 0x00, 0x00, 0xFF, 0xFF, 0xFF, 0x83, 0xEF, 0xFF, 0xFF, 0xFC,
	0x10, 0x00, 0x00, 0x00, 0x00, 0xFF, 0xFF, 0xFF, 0x80, 0x3E, 0xFF, 0xFF, 0xFF, 0xC1, 0x00, 0x00, 0x00, 0x00, 0xFF, 0xFF, 0xFF, 0x80, 0x03, 0xEF,
	0xFF, 0xFF, 0xFC, 0x10, 0x00, 0x00, 0x00, 0xFF, 0xFF, 0xFF, 0x80, 0x00, 0x3E, 0xFF, 0xFF, 0xFF, 0xC1, 0x00, 0x00, 0x00, 0xFF, 0xFF, 0xFF, 0x80,
	0x00, 0x03, 0xEF, 0xFF, 0xFF, 0xFC, 0x10, 0x00, 0x00, 0xFF, 0xFF, 0xFF, 0x80, 0x00, 0x00, 0x3E, 0xFF, 0xFF, 0xFF, 0xC1, 0x00, 0x00, 0xFF, 0xFF,
	0xFF, 0x80, 0x00, 0x00, 0x03, 0xEF, 0xFF, 0xFF, 0xFC, 0x10, 0x00, 0xFF, 0xFF, 0xFF, 0x80, 0x00, 0x00, 0x00, 0x3E, 0xFF, 0xFF, 0xFF, 0xC1, 0x00,
	0xFF, 0xFF, 0xFF, 0x80, 0x00, 0x00, 0x00, 0x03, 0xEF, 0xFF, 0xFF, 0xFC, 0x10, 0xBB, 0xBB, 0xBB, 0x60, 0x00, 0x00, 0x00, 0x00, 0x00, 0xFF, 0xFF,
	0xFF, 0x80, 0x00, 0x00, 0x00, 0x00, 0x00, 0xFF, 0xFF, 0xFF, 0x80, 0x00, 0x00, 0x00, 0x00, 0x00, 0xFF, 0xFF, 0xFF, 0x80, 0x00, 0x00, 0x00, 0x00,
	0x00, 0xFF, 0xFF, 0xFF, 0x80, 0x00, 0x00, 0x00, 0x00, 0x00, 0xFF, 0xFF, 0xFF, 0x80, 0x00, 0x00, 0x00, 0x00, 0x00, 0xFF, 0xFF, 0xFF, 0x80, 0x00,
	0x00, 0x00, 0x00, 0x00, 0xFF, 0xFF, 0xFF, 0x80, 0x00, 0x00, 0x00, 0x00, 0x00, 0xFF, 0xFF, 0xFF, 0x80, 0x00, 0x00, 0x00, 0x00, 0x00, 0xFF, 0xFF,
	0xFF, 0x80, 0x00, 0x00, 0x00, 0x00, 0x00, 0xFF, 0xFF, 0xFF, 0x80, 0x00, 0x00, 0x00, 0x00, 0x00, 0xFF, 0xFF, 0xFF, 0x80, 0x00, 0x00, 0x00, 0x00,
	0x00, 0xFF, 0xFF, 0xFF, 0x80, 0x00, 0x00, 0x00, 0x00, 0x00, 0xFF, 0xFF, 0xFF, 0x80, 0x00, 0x00, 0x00, 0x00, 0x00, 0xFF, 0xFF, 0xFF, 0x80, 0x00,
	0x00, 0x00, 0x00, 0x00, 0xFF, 0xFF, 0xFF, 0x80, 0x00, 0x00, 0x00, 0x00, 0x00, 0xFF, 0xFF, 0xFF, 0x80, 0x00, 0x00, 0x00, 0x00, 0x00, 0xFF, 0xFF,
	0xFF, 0x80, 0x00, 0x00, 0x00, 0x00, 0x00, 0xFF, 0xFF, 0xFF, 0x80, 0x00, 0x00, 0x00, 0x00, 0x00, 0xFF, 0xFF, 0xFF, 0x80, 0x00, 0x00, 0x00, 0x00,
	0x00, 0xFF, 0xFF, 0xFF, 0xDB, 0xBB, 0xBB, 0xBB, 0xBB, 0xB8, 0xFF, 0xFF, 0xFF, 0xFF, 0xFF, 0xFF, 0xFF, 0xFF, 0xFB, 0xFF, 0xFF, 0xFF, 0xFF, 0xFF,
	0xFF, 0xFF, 0xFF, 0xFB, 0xFF, 0xFF, 0xFF, 0xFF, 0xFF, 0xFF, 0xFF, 0xFF, 0xFB, 0xFF, 0xFF, 0xFF, 0xFF, 0xFF, 0xFF, 0xFF, 0xFF, 0xFB, 0xBB, 0xBB,
	0xBB, 0xBB, 0x50, 0x00, 0x00, 0x00, 0x00, 0x07, 0xBB, 0xBB, 0xBB, 0xB8, 0xFF, 0xFF, 0xFF, 0xFF, 0xC0, 0x00, 0x00, 0x00, 0x00, 0x1E, 0xFF, 0xFF,
	0xFF, 0xFB, 0xFF, 0xFF, 0xFF, 0xFF, 0xF4, 0x00, 0x00, 0x00, 0x00, 0x6F, 0xFF, 0xFF, 0xFF, 0xFB, 0xFF, 0xFF, 0xFF, 0xFF, 0xF9, 0x00, 0x00, 0x00,
	0x00, 0xDF, 0xFF, 0xFF, 0xFF, 0xFB, 0xFF, 0xFF, 0xFF, 0xFF, 0xFF, 0x20, 0x00, 0x00, 0x04, 0xFF, 0xFF, 0xFF, 0xFF, 0xFB, 0xFF, 0xFF, 0xFF, 0xFF,
	0xFF, 0x80, 0x00, 0x00, 0x0A, 0xFF, 0xFF, 0xFF, 0xFF, 0xFB, 0xFF, 0xFF, 0xFF, 0xFF, 0xFF, 0xE0, 0x00, 0x00, 0x2F, 0xFF, 0xFF, 0xFF, 0xFF, 0xFB,
	0xFF, 0xFF, 0xFF, 0xCF, 0xFF, 0xF6, 0x00, 0x00, 0x8F, 0xFF, 0xF9, 0xFF, 0xFF, 0xFB, 0xFF, 0xFF, 0xFF, 0x6F, 0xFF, 0xFB, 0x00, 0x01, 0xEF, 0xFF,
	0xE4, 0xFF, 0xFF, 0xFB, 0xFF, 0xFF, 0xFF, 0x4A, 0xFF, 0xFF, 0x30, 0x06, 0xFF, 0xFF, 0x84, 0xFF, 0xFF, 0xFB, 0xFF, 0xFF, 0xFF, 0x44, 0xFF, 0xFF,
	0x90, 0x0D, 0xFF, 0xFF, 0x24, 0xFF, 0xFF, 0xFB, 0xFF, 0xFF, 0xFF, 0x40, 0xDF, 0xFF, 0xF1, 0x4F, 0xFF, 0xF9, 0x04, 0xFF, 0xFF, 0xFB, 0xFF, 0xFF,
	0xFF, 0x40, 0x6F, 0xFF, 0xF8, 0xAF, 0xFF, 0xF4, 0x04, 0xFF, 0xFF, 0xFB, 0xFF, 0xFF, 0xFF, 0x40, 0x1E, 0xFF, 0xFD, 0xFF, 0xFF, 0xC0, 0x04, 0xFF,
	0xFF, 0xFB, 0xFF, 0xFF, 0xFF, 0x40, 0x08, 0xFF, 0xFF, 0xFF, 0xFF, 0x60, 0x04, 0xFF, 0xFF, 0xFB, 0xFF, 0xFF, 0xFF, 0x40, 0x02, 0xFF, 0xFF, 0xFF,
	0xFE, 0x10, 0x04, 0xFF, 0xFF, 0xFB, 0xFF, 0xFF, 0xFF, 0x40, 0x00, 0xAF, 0xFF, 0xFF, 0xF8, 0x00, 0x04, 0xFF, 0xFF, 0xFB, 0xFF, 0xFF, 0xFF, 0x40,
	0x00, 0x4F, 0xFF, 0xFF, 0xF2, 0x00, 0x04, 0xFF, 0xFF, 0xFB, 0xFF, 0xFF, 0xFF, 0x40, 0x00, 0x0D, 0xFF, 0xFF, 0xA0, 0x00, 0x04, 0xFF, 0xFF, 0xFB,
	0xFF, 0xFF, 0xFF, 0x40, 0x00, 0x06, 0xFF, 0xFF, 0x40, 0x00, 0x04, 0xFF, 0xFF, 0xFB, 0xFF, 0xFF, 0xFF, 0x40, 0x00, 0x01, 0x44, 0x44, 0x00, 0x00,
	0x04, 0xFF, 0xFF, 0xFB, 0xFF, 0xFF, 0xFF, 0x40, 0x00, 0x00, 0x00, 0x00, 0x00, 0x00, 0x04, 0xFF, 0xFF, 0xFB, 0xFF, 0xFF, 0xFF, 0x40, 0x00, 0x00,
	0x00, 0x00, 0x00, 0x00, 0x04, 0xFF, 0xFF, 0xFB, 0xFF, 0xFF, 0xFF, 0x40, 0x00, 0x00, 0x00, 0x00, 0x00, 0x00, 0x04, 0xFF, 0xFF, 0xFB, 0xFF, 0xFF,
	0xFF, 0x40, 0x00, 0x00, 0x00, 0x00, 0x00, 0x00, 0x04, 0xFF, 0xFF, 0xFB, 0xBB, 0xBB, 0xBB, 0xB5, 0x00, 0x00, 0x00, 0x00, 0x8B, 0xBB, 0xBB, 0x30,
	0xFF, 0xFF, 0xFF, 0xFE, 0x10, 0x00, 0x00, 0x00, 0xBF, 0xFF, 0xFF, 0x40, 0xFF, 0xFF, 0xFF, 0xFF, 0x80, 0x00, 0x00, 0x00, 0xBF, 0xFF, 0xFF, 0x40,
	0xFF, 0xFF, 0xFF, 0xFF, 0xE1, 0x00, 0x00, 0x00, 0xBF, 0xFF, 0xFF, 0x40, 0xFF, 0xFF, 0xFF, 0xFF, 0xF8, 0x00, 0x00, 0x00, 0xBF, 0xFF, 0xFF, 0x40,
	0xFF, 0xFF, 0xFF, 0xFF, 0xFE, 0x20, 0x00, 0x00, 0xBF, 0xFF, 0xFF, 0x40, 0xFF, 0xFF, 0xFF, 0xFF, 0xFF, 0x90, 0x00, 0x00, 0xBF, 0xFF, 0xFF, 0x40,
	0xFF, 0xFF, 0xFF, 0xFF, 0xFF, 0xF2, 0x00, 0x00, 0xBF, 0xFF, 0xFF, 0x40, 0xFF, 0xFF, 0xFF, 0xBF, 0xFF, 0xF9, 0x00, 0x00, 0xBF, 0xFF, 0xFF, 0x40,
	0xFF, 0xFF, 0xFF, 0x5E, 0xFF, 0xFF, 0x30, 0x00, 0xBF, 0xFF, 0xFF, 0x40, 0xFF, 0xFF, 0xFF, 0x48, 0xFF, 0xFF, 0xB0, 0x00, 0xBF, 0xFF, 0xFF, 0x40,
	0xFF, 0xFF, 0xFF, 0x41, 0xEF, 0xFF, 0xF4, 0x00, 0xBF, 0xFF, 0xFF, 0x40, 0xFF, 0xFF, 0xFF, 0x40, 0x7F, 0xFF, 0xFB, 0x00, 0xBF, 0xFF, 0xFF, 0x40,
	0xFF, 0xFF, 0xFF, 0x40, 0x0D, 0xFF, 0xFF, 0x40, 0xBF, 0xFF, 0xFF, 0x40, 0xFF, 0xFF, 0xFF, 0x40, 0x06, 0xFF, 0xFF, 0xD0, 0xBF, 0xFF, 0xFF, 0x40,
	0xFF, 0xFF, 0xFF, 0x40, 0x00, 0xDF, 0xFF, 0xF6, 0xBF, 0xFF, 0xFF, 0x40, 0xFF, 0xFF, 0xFF, 0x40, 0x00, 0x5F, 0xFF, 0xFD, 0xBF, 0xFF, 0xFF, 0x40,
	0xFF, 0xFF, 0xFF, 0x40, 0x00, 0x0B, 0xFF, 0xFF, 0xFF, 0xFF, 0xFF, 0x40, 0xFF, 0xFF, 0xFF, 0x40, 0x00, 0x04, 0xFF, 0xFF, 0xFF, 0xFF, 0xFF, 0x40,
	0xFF, 0xFF, 0xFF, 0x40, 0x00, 0x00, 0xBF, 0xFF, 0xFF, 0xFF, 0xFF, 0x40, 0xFF, 0xFF, 0xFF, 0x40, 0x00, 0x00, 0x3F, 0xFF, 0xFF, 0xFF, 0xFF, 0x40,
	0xFF, 0xFF, 0xFF, 0x40, 0x00, 0x00, 0x09, 0xFF, 0xFF, 0xFF, 0xFF, 0x40, 0xFF, 0xFF, 0xFF, 0x40, 0x00, 0x00, 0x02, 0xFF, 0xFF, 0xFF, 0xFF, 0x40,
	0xFF, 0xFF, 0xFF, 0x40, 0x00, 0x00, 0x00, 0x9F, 0xFF, 0xFF, 0xFF, 0x40, 0xFF, 0xFF, 0xFF, 0x40, 0x00, 0x00, 0x00, 0x2E, 0xFF, 0xFF, 0xFF, 0x40,
	0x00, 0x00, 0x00, 0x00, 0x00, 0x02, 0x44, 0x42, 0x00, 0x00, 0x00, 0x00, 0x00, 0x00, 0x00, 0x00, 0x00, 0x02, 0x8B, 0xFF, 0xFF, 0xFF, 0xFB, 0x71,
	0x00, 0x00, 0x00, 0x00, 0x00, 0x00, 0x01, 0x9F, 0xFF, 0xFF, 0xFF, 0xFF, 0xFF, 0xFF, 0x81, 0x00, 0x00, 0x00, 0x00, 0x00, 0x3E, 0xFF, 0xFF, 0xFF,
	0xFF, 0xFF, 0xFF, 0xFF, 0xFD, 0x30, 0x00, 0x00, 0x00, 0x03, 0xEF, 0xFF, 0xFF, 0xFF, 0xFF, 0xFF, 0xFF, 0xFF, 0xFF, 0xE3, 0x00, 0x00, 0x00, 0x1E,
	0xFF, 0xFF, 0xFF, 0xFA, 0x88, 0x8A, 0xFF, 0xFF, 0xFF, 0xFD, 0x10, 0x00, 0x00, 0x9F, 0xFF, 0xFF, 0xFC, 0x20, 0x00, 0x00, 0x3D, 0xFF, 0xFF, 0xFF,
	0x80, 0x00, 0x02, 0xFF, 0xFF, 0xFF, 0xD1, 0x00, 0x00, 0x00, 0x02, 0xEF, 0xFF, 0xFF, 0xE1, 0x00, 0x08, 0xFF, 0xFF, 0xFF, 0x60, 0x00, 0x00, 0x00,
	0x00, 0x7F, 0xFF, 0xFF, 0xF7, 0x00, 0x0C, 0xFF, 0xFF, 0xFD, 0x00, 0x00, 0x00, 0x00, 0x00, 0x1F, 0xFF, 0xFF, 0xFA, 0x00, 0x0F, 0xFF, 0xFF, 0xF9,
	0x00, 0x00, 0x00, 0x00, 0x00, 0x0B, 0xFF, 0xFF, 0xFE, 0x00, 0x4F, 0xFF, 0xFF, 0xF8, 0x00, 0x00, 0x00, 0x00, 0x00, 0x08, 0xFF, 0xFF, 0xFF, 0x00,
	0x4F, 0xFF, 0xFF, 0xF4, 0x00, 0x00, 0x00, 0x00, 0x00, 0x08, 0xFF, 0xFF, 0xFF, 0x40, 0x4F, 0xFF, 0xFF, 0xF4, 0x00, 0x00, 0x00, 0x00, 0x00, 0x08,
	0xFF, 0xFF, 0xFF, 0x40, 0x4F, 0xFF, 0xFF, 0xF4, 0x00, 0x00, 0x00, 0x00, 0x00, 0x08, 0xFF, 0xFF, 0xFF, 0x40, 0x4F, 0xFF, 0xFF, 0xF7, 0x00, 0x00,
	0x00, 0x00, 0x00, 0x08, 0xFF, 0xFF, 0xFF, 0x10, 0x1F, 0xFF, 0xFF, 0xF8, 0x00, 0x00, 0x00, 0x00, 0x00, 0x0A, 0xFF, 0xFF, 0xFF, 0x00, 0x0D, 0xFF,
	0xFF, 0xFC, 0x00, 0x00, 0x00, 0x00, 0x00, 0x0E, 0xFF, 0xFF, 0xFB, 0x00, 0x09, 0xFF, 0xFF, 0xFF, 0x40, 0x00, 0x00, 0x00, 0x00, 0x5F, 0xFF, 0xFF,
	0xF8, 0x00, 0x04, 0xFF, 0xFF, 0xFF, 0xB0, 0x00, 0x00, 0x00, 0x01, 0xDF, 0xFF, 0xFF, 0xF2, 0x00, 0x00, 0xBF, 0xFF, 0xFF, 0xF9, 0x00, 0x00, 0x00,
	0x1A, 0xFF, 0xFF, 0xFF, 0x90, 0x00, 0x00, 0x3F, 0xFF, 0xFF, 0xFF, 0xD7, 0x44, 0x47, 0xDF, 0xFF, 0xFF, 0xFE, 0x20, 0x00, 0x00, 0x06, 0xFF, 0xFF,
	0xFF, 0xFF, 0xFF, 0xFF, 0xFF, 0xFF, 0xFF, 0xF6, 0x00, 0x00, 0x00, 0x00, 0x6F, 0xFF, 0xFF, 0xFF, 0xFF, 0xFF, 0xFF, 0xFF, 0xFF, 0x60, 0x00, 0x00,
	0x00, 0x00, 0x04, 0xDF, 0xFF, 0xFF, 0xFF, 0xFF, 0xFF, 0xFF, 0xC3, 0x00, 0x00, 0x00, 0x00, 0x00, 0x00, 0x06, 0xBF, 0xFF, 0xFF, 0xFF, 0xFF, 0xA5,
	0x00, 0x00, 0x00, 0x00, 0x00, 0x00, 0x00, 0x00, 0x00, 0x46, 0x88, 0x85, 0x40, 0x00, 0x00, 0x00, 0x00, 0x00, 0xBB, 0xBB, 0xBB, 0xBB, 0xBB, 0xBB,
	0xB8, 0x61, 0x00, 0x00, 0x00, 0xFF, 0xFF, 0xFF, 0xFF, 0xFF, 0xFF, 0xFF, 0xFF, 0x92, 0x00, 0x00, 0xFF, 0xFF, 0xFF, 0xFF, 0xFF, 0xFF, 0xFF, 0xFF,
	0xFE, 0x30, 0x00, 0xFF, 0xFF, 0xFF, 0xFF, 0xFF, 0xFF, 0xFF, 0xFF, 0xFF, 0xE2, 0x00, 0xFF, 0xFF, 0xFF, 0xDB, 0xBB, 0xCF, 0xFF, 0xFF, 0xFF, 0xFB,
	0x00, 0xFF, 0xFF, 0xFF, 0x80, 0x00, 0x01, 0x7F, 0xFF, 0xFF, 0xFF, 0x20, 0xFF, 0xFF, 0xFF, 0x80, 0x00, 0x00, 0x08, 0xFF, 0xFF, 0xFF, 0x60, 0xFF,
	0xFF, 0xFF, 0x80, 0x00, 0x00, 0x02, 0xFF, 0xFF, 0xFF, 0x80, 0xFF, 0xFF, 0xFF, 0x80, 0x00, 0x00, 0x00, 0xFF, 0xFF, 0xFF, 0x80, 0xFF, 0xFF, 0xFF,
	0x80, 0x00, 0x00, 0x04, 0xFF, 0xFF, 0xFF, 0x80, 0xFF, 0xFF, 0xFF, 0x80, 0x00, 0x00, 0x0B, 0xFF, 0xFF, 0xFF, 0x40, 0xFF, 0xFF, 0xFF, 0x94, 0x44,
	0x46, 0xDF, 0xFF, 0xFF, 0xFE, 0x00, 0xFF, 0xFF, 0xFF, 0xFF, 0xFF, 0xFF, 0xFF, 0xFF, 0xFF, 0xF8, 0x00, 0xFF, 0xFF, 0xFF, 0xFF, 0xFF, 0xFF, 0xFF,
	0xFF, 0xFF, 0xC0, 0x00, 0xFF, 0xFF, 0xFF, 0xFF, 0xFF, 0xFF, 0xFF, 0xFF, 0xFA, 0x10, 0x00, 0xFF, 0xFF, 0xFF, 0xFF, 0xFF, 0xFF, 0xFF, 0xFA, 0x40,
	0x00, 0x00, 0xFF, 0xFF, 0xFF, 0xB8, 0x88, 0x86, 0x43, 0x00, 0x00, 0x00, 0x00, 0xFF, 0xFF, 0xFF, 0x80, 0x00, 0x00, 0x00, 0x00, 0x00, 0x00, 0x00,
	0xFF, 0xFF, 0xFF, 0x80, 0x00, 0x00, 0x00, 0x00, 0x00, 0x00, 0x00, 0xFF, 0xFF, 0xFF, 0x80, 0x00, 0x00, 0x00, 0x00, 0x00, 0x00, 0x00, 0xFF, 0xFF,
	0xFF, 0x80, 0x00, 0x00, 0x00, 0x00, 0x00, 0x00, 0x00, 0xFF, 0xFF, 0xFF, 0x80, 0x00, 0x00, 0x00, 0x00, 0x00, 0x00, 0x00, 0xFF, 0xFF, 0xFF, 0x80,
	0x00, 0x00, 0x00, 0x00, 0x00, 0x00, 0x00, 0xFF, 0xFF, 0xFF, 0x80, 0x00, 0x00, 0x00, 0x00, 0x00, 0x00, 0x00, 0xFF, 0xFF, 0xFF, 0x80, 0x00, 0x00,
	0x00, 0x00, 0x00, 0x00, 0x00, 0x00, 0x00, 0x00, 0x00, 0x00, 0x02, 0x44, 0x42, 0x00, 0x00, 0x00, 0x00, 0x00, 0x00, 0x00, 0x00, 0x00, 0x02, 0x8B,
	0xFF, 0xFF, 0xFF, 0xFB, 0x72, 0x00, 0x00, 0x00, 0x00, 0x00, 0x00, 0x01, 0x9F, 0xFF, 0xFF, 0xFF, 0xFF, 0xFF, 0xFF, 0x91, 0x00, 0x00, 0x00, 0x00,
	0x00, 0x3E, 0xFF, 0xFF, 0xFF, 0xFF, 0xFF, 0xFF, 0xFF, 0xFD, 0x30, 0x00, 0x00, 0x00, 0x03, 0xEF, 0xFF, 0xFF, 0xFF, 0xFF, 0xFF, 0xFF, 0xFF, 0xFF,
	0xE3, 0x00, 0x00, 0x00, 0x1E, 0xFF, 0xFF, 0xFF, 0xFA, 0x88, 0x8A, 0xFF, 0xFF, 0xFF, 0xFD, 0x10, 0x00, 0x00, 0x9F, 0xFF, 0xFF, 0xFC, 0x20, 0x00,
	0x00, 0x3D, 0xFF, 0xFF, 0xFF, 0x80, 0x00, 0x02, 0xFF, 0xFF, 0xFF, 0xD1, 0x00, 0x00, 0x00, 0x02, 0xEF, 0xFF, 0xFF, 0xF1, 0x00, 0x08, 0xFF, 0xFF,
	0xFF, 0x60, 0x00, 0x00, 0x00, 0x00, 0x7F, 0xFF, 0xFF, 0xF7, 0x00, 0x0C, 0xFF, 0xFF, 0xFD, 0x00, 0x00, 0x00, 0x00, 0x00, 0x1F, 0xFF, 0xFF, 0xFB,
	0x00, 0x0F, 0xFF, 0xFF, 0xF9, 0x00, 0x00, 0x00, 0x00, 0x00, 0x0B, 0xFF, 0xFF, 0xFE, 0x00, 0x4F, 0xFF, 0xFF, 0xF8, 0x00, 0x00, 0x00, 0x00, 0x00,
	0x08, 0xFF, 0xFF, 0xFF, 0x00, 0x4F, 0xFF, 0xFF, 0xF4, 0x00, 0x00, 0x00, 0x00, 0x00, 0x08, 0xFF, 0xFF, 0xFF, 0x40, 0x4F, 0xFF, 0xFF, 0xF4, 0x00,
	0x00, 0x00, 0x00, 0x00, 0x08, 0xFF, 0xFF, 0xFF, 0x40, 0x4F, 0xFF, 0xFF, 0xF4, 0x00, 0x00, 0x00, 0x00, 0x00, 0x08, 0xFF, 0xFF, 0xFF, 0x40, 0x4F,
	0xFF, 0xFF, 0xF7, 0x00, 0x00, 0x00, 0x00, 0x00, 0x08, 0xFF, 0xFF, 0xFF, 0x10, 0x1F, 0xFF, 0xFF, 0xF8, 0x00, 0x00, 0x00, 0x00, 0x00, 0x0A, 0xFF,
	0xFF, 0xFF, 0x00, 0x0D, 0xFF, 0xFF, 0xFC, 0x00, 0x00, 0x00, 0x00, 0x00, 0x0E, 0xFF, 0xFF, 0xFB, 0x00, 0x09, 0xFF, 0xFF, 0xFF, 0x20, 0x00, 0x00,
	0x00, 0x00, 0x5F, 0xFF, 0xFF, 0xF7, 0x00, 0x04, 0xFF, 0xFF, 0xFF, 0xB0, 0x00, 0x00, 0x00, 0x01, 0xDF, 0xFF, 0xFF, 0xF2, 0x00, 0x00, 0xBF, 0xFF,
	0xFF, 0xF9, 0x00, 0x00, 0x00, 0x1A, 0xFF, 0xFF, 0xFF, 0x90, 0x00, 0x00, 0x3F, 0xFF, 0xFF, 0xFF, 0xD7, 0x44, 0x47, 0xDF, 0xFF, 0xFF, 0xFE, 0x10,
	0x00, 0x00, 0x06, 0xFF, 0xFF, 0xFF, 0xFF, 0xFF, 0xFF, 0xFF, 0xFF, 0xFF, 0xE3, 0x00, 0x00, 0x00, 0x00, 0x6F, 0xFF, 0xFF, 0xFF, 0xFF, 0xFF, 0xFF,
	0xFF, 0xFE, 0x30, 0x00, 0x00, 0x00, 0x00, 0x04, 0xDF, 0xFF, 0xFF, 0xFF, 0xFF, 0xFF, 0xFF, 0xB2, 0x00, 0x00, 0x00, 0x00, 0x00, 0x00, 0x05, 0xAF,
	0xFF, 0xFF, 0xFF, 0xFF, 0xF8, 0x00, 0x00, 0x00, 0x00, 0x00, 0x00, 0x00, 0x00, 0x00, 0x34, 0x88, 0xCF, 0xFF, 0xFF, 0x50, 0x00, 0x00, 0x00, 0x00,
	0x00, 0x00, 0x00, 0x00, 0x00, 0x00, 0x1C, 0xFF, 0xFF, 0xE3, 0x00, 0x00, 0x00, 0x00, 0x00, 0x00, 0x00, 0x00, 0x00, 0x00, 0x02, 0xEF, 0xFF, 0xFE,
	0x30, 0x00, 0x00, 0x00, 0x00, 0x00, 0x00, 0x00, 0x00, 0x00, 0x00, 0x3E, 0xFF, 0xFF, 0xC1, 0x00, 0x00, 0x00, 0x00, 0x00, 0x00, 0x00, 0x00, 0x00,
	0x00, 0x04, 0xFF, 0xFF, 0xFC, 0x10, 0x00, 0xBB, 0xBB, 0xBB, 0xBB, 0xBB, 0xBB, 0xA8, 0x50, 0x00, 0x00, 0x00, 0x00, 0xFF, 0xFF, 0xFF, 0xFF, 0xFF,
	0xFF, 0xFF, 0xFE, 0x80, 0x00, 0x00, 0x00, 0xFF, 0xFF, 0xFF, 0xFF, 0xFF, 0xFF, 0xFF, 0xFF, 0xFC, 0x00, 0x00, 0x00, 0xFF, 0xFF, 0xFF, 0xFF, 0xFF,
	0xFF, 0xFF, 0xFF, 0xFF, 0x80, 0x00, 0x00, 0xFF, 0xFF, 0xFF, 0xDB, 0xBB, 0xFF, 0xFF, 0xFF, 0xFF, 0xE0, 0x00, 0x00, 0xFF, 0xFF, 0xFF, 0x80, 0x00,
	0x04, 0xDF, 0xFF, 0xFF, 0xF4, 0x00, 0x00, 0xFF, 0xFF, 0xFF, 0x80, 0x00, 0x00, 0x5F, 0xFF, 0xFF, 0xF4, 0x00, 0x00, 0xFF, 0xFF, 0xFF, 0x80, 0x00,
	0x00, 0x0F, 0xFF, 0xFF, 0xF4, 0x00, 0x00, 0xFF, 0xFF, 0xFF, 0x80, 0x00, 0x00, 0x0F, 0xFF, 0xFF, 0xF4, 0x00, 0x00, 0xFF, 0xFF, 0xFF, 0x80, 0x00,
	0x00, 0x5F, 0xFF, 0xFF, 0xE0, 0x00, 0x00, 0xFF, 0xFF, 0xFF, 0x80, 0x00, 0x04, 0xCF, 0xFF, 0xFF, 0x80, 0x00, 0x00, 0xFF, 0xFF, 0xFF, 0xDB, 0xBB,
	0xEF, 0xFF, 0xFF, 0xFC, 0x10, 0x00, 0x00, 0xFF, 0xFF, 0xFF, 0xFF, 0xFF, 0xFF, 0xFF, 0xFF, 0x81, 0x00, 0x00, 0x00, 0xFF, 0xFF, 0xFF, 0xFF, 0xFF,
	0xFF, 0xFF, 0xE5, 0x00, 0x00, 0x00, 0x00, 0xFF, 0xFF, 0xFF, 0xFF, 0xFF, 0xFF, 0xFF, 0xFF, 0x90, 0x00, 0x00, 0x00, 0xFF, 0xFF, 0xFF, 0xB8, 0x9B,
	0xFF, 0xFF, 0xFF, 0xF8, 0x00, 0x00, 0x00, 0xFF, 0xFF, 0xFF, 0x80, 0x00, 0x2C, 0xFF, 0xFF, 0xFF, 0x40, 0x00, 0x00, 0xFF, 0xFF, 0xFF, 0x80, 0x00,
	0x02, 0xEF, 0xFF, 0xFF, 0xB0, 0x00, 0x00, 0xFF, 0xFF, 0xFF, 0x80, 0x00, 0x00, 0x8F, 0xFF, 0xFF, 0xF4, 0x00, 0x00, 0xFF, 0xFF, 0xFF, 0x80, 0x00,
	0x00, 0x1E, 0xFF, 0xFF, 0xFB, 0x00, 0x00, 0xFF, 0xFF, 0xFF, 0x80, 0x00, 0x00, 0x08, 0xFF, 0xFF, 0xFF, 0x40, 0x00, 0xFF, 0xFF, 0xFF, 0x80, 0x00,
	0x00, 0x01, 0xEF, 0xFF, 0xFF, 0xB0, 0x00, 0xFF, 0xFF, 0xFF, 0x80, 0x00, 0x00, 0x00, 0x8F, 0xFF, 0xFF, 0xF4, 0x00, 0xFF, 0xFF, 0xFF, 0x80, 0x00,
	0x00, 0x00, 0x1E, 0xFF, 0xFF, 0xFB, 0x00, 0xFF, 0xFF, 0xFF, 0x80, 0x00, 0x00, 0x00, 0x08, 0xFF, 0xFF, 0xFF, 0x40, 0x00, 0x00, 0x00, 0x01, 0x44,
	0x44, 0x10, 0x00, 0x00, 0x00, 0x00, 0x00, 0x49, 0xEF, 0xFF, 0xFF, 0xFF, 0xCA, 0x74, 0x00, 0x00, 0x1B, 0xFF, 0xFF, 0xFF, 0xFF, 0xFF, 0xFF, 0xFF,
	0x40, 0x01, 0xCF, 0xFF, 0xFF, 0xFF, 0xFF, 0xFF, 0xFF, 0xFF, 0x40, 0x09, 0xFF, 0xFF, 0xFF, 0xFF, 0xFF, 0xFF, 0xFF, 0xFF, 0x40, 0x1F, 0xFF, 0xFF,
	0xFE, 0x98, 0x88, 0x8A, 0xDF, 0xFF, 0x40, 0x6F, 0xFF, 0xFF, 0xB1, 0x00, 0x00, 0x00, 0x03, 0x8D, 0x40, 0x8F, 0xFF, 0xFF, 0x50, 0x00, 0x00, 0x00,
	0x00, 0x00, 0x10, 0x8F, 0xFF, 0xFF, 0x50, 0x00, 0x00, 0x00, 0x00, 0x00, 0x00, 0x8F, 0xFF, 0xFF, 0xC2, 0x00, 0x00, 0x00, 0x00, 0x00, 0x00, 0x5F,
	0xFF, 0xFF, 0xFF, 0xC8, 0x52, 0x00, 0x00, 0x00, 0x00, 0x0E, 0xFF, 0xFF, 0xFF, 0xFF, 0xFF, 0xEA, 0x71, 0x00, 0x00, 0x06, 0xFF, 0xFF, 0xFF, 0xFF,
	0xFF, 0xFF, 0xFF, 0x92, 0x00, 0x00, 0x6F, 0xFF, 0xFF, 0xFF, 0xFF, 0xFF, 0xFF, 0xFE, 0x30, 0x00, 0x03, 0xAF, 0xFF, 0xFF, 0xFF, 0xFF, 0xFF, 0xFF,
	0xE1, 0x00, 0x00, 0x02, 0x7A, 0xDF, 0xFF, 0xFF, 0xFF, 0xFF, 0xF8, 0x00, 0x00, 0x00, 0x00, 0x02, 0x59, 0xEF, 0xFF, 0xFF, 0xFC, 0x00, 0x00, 0x00,
	0x00, 0x00, 0x00, 0x1C, 0xFF, 0xFF, 0xFF, 0x00, 0x00, 0x00, 0x00, 0x00, 0x00, 0x04, 0xFF, 0xFF, 0xFF, 0x24, 0x00, 0x00, 0x00, 0x00, 0x00, 0x04,
	0xFF, 0xFF, 0xFF, 0x4F, 0xC6, 0x10, 0x00, 0x00, 0x00, 0x09, 0xFF, 0xFF, 0xFB, 0x4F, 0xFF, 0xFA, 0x84, 0x44, 0x46, 0xBF, 0xFF, 0xFF, 0xF8, 0x4F,
	0xFF, 0xFF, 0xFF, 0xFF, 0xFF, 0xFF, 0xFF, 0xFF, 0xF2, 0x4F, 0xFF, 0xFF, 0xFF, 0xFF, 0xFF, 0xFF, 0xFF, 0xFF, 0x80, 0x3E, 0xFF, 0xFF, 0xFF, 0xFF,
	0xFF, 0xFF, 0xFF, 0xF8, 0x00, 0x01, 0x59, 0xCF, 0xFF, 0xFF, 0xFF, 0xFF, 0xE9, 0x30, 0x00, 0x00, 0x00, 0x00, 0x45, 0x88, 0x88, 0x53, 0x00, 0x00,
	0x00, 0x8B, 0xBB, 0xBB, 0xBB, 0xBB, 0xBB, 0xBB, 0xBB, 0xBB, 0xBB, 0xBB, 0xB0, 0xBF, 0xFF, 0xFF, 0xFF, 0xFF, 0xFF, 0xFF, 0xFF, 0xFF, 0xFF, 0xFF,
	0xF0, 0xBF, 0xFF, 0xFF, 0xFF, 0xFF, 0xFF, 0xFF, 0xFF, 0xFF, 0xFF, 0xFF, 0xF0, 0xBF, 0xFF, 0xFF, 0xFF, 0xFF, 0xFF, 0xFF, 0xFF, 0xFF, 0xFF, 0xFF,
	0xF0, 0xBF, 0xFF, 0xFF, 0xFF, 0xFF, 0xFF, 0xFF, 0xFF, 0xFF, 0xFF, 0xFF, 0xF0, 0x00, 0x00, 0x00, 0x00, 0x8F, 0xFF, 0xFF, 0xB0, 0x00, 0x00, 0x00,
	0x00, 0x00, 0x00, 0x00, 0x00, 0x8F, 0xFF, 0xFF, 0xB0, 0x00, 0x00, 0x00, 0x00, 0x00, 0x00, 0x00, 0x00, 0x8F, 0xFF, 0xFF, 0xB0, 0x00, 0x00, 0x00,
	0x00, 0x00, 0x00, 0x00, 0x00, 0x8F, 0xFF, 0xFF, 0xB0, 0x00, 0x00, 0x00, 0x00, 0x00, 0x00, 0x00, 0x00, 0x8F, 0xFF, 0xFF, 0xB0, 0x00, 0x00, 0x00,
	0x00, 0x00, 0x00, 0x00, 0x00, 0x8F, 0xFF, 0xFF, 0xB0, 0x00, 0x00, 0x00, 0x00, 0x00, 0x00, 0x00, 0x00, 0x8F, 0xFF, 0xFF, 0xB0, 0x00, 0x00, 0x00,
	0x00, 0x00, 0x00, 0x00, 0x00, 0x8F, 0xFF, 0xFF, 0xB0, 0x00, 0x00, 0x00, 0x00, 0x00, 0x00, 0x00, 0x00, 0x8F, 0xFF, 0xFF, 0xB0, 0x00, 0x00, 0x00,
	0x00, 0x00, 0x00, 0x00, 0x00, 0x8F, 0xFF, 0xFF, 0xB0, 0x00, 0x00, 0x00, 0x00, 0x00, 0x00, 0x00, 0x00, 0x8F, 0xFF, 0xFF, 0xB0, 0x00, 0x00, 0x00,
	0x00, 0x00, 0x00, 0x00, 0x00, 0x8F, 0xFF, 0xFF, 0xB0, 0x00, 0x00, 0x00, 0x00, 0x00, 0x00, 0x00, 0x00, 0x8F, 0xFF, 0xFF, 0xB0, 0x00, 0x00, 0x00,
	0x00, 0x00, 0x00, 0x00, 0x00, 0x8F, 0xFF, 0xFF, 0xB0, 0x00, 0x00, 0x00, 0x00, 0x00, 0x00, 0x00, 0x00, 0x8F, 0xFF, 0xFF, 0xB0, 0x00, 0x00, 0x00,
	0x00, 0x00, 0x00, 0x00, 0x00, 0x8F, 0xFF, 0xFF, 0xB0, 0x00, 0x00, 0x00, 0x00, 0x00, 0x00, 0x00, 0x00, 0x8F, 0xFF, 0xFF, 0xB0, 0x00, 0x00, 0x00,
	0x00, 0x00, 0x00, 0x00, 0x00, 0x8F, 0xFF, 0xFF, 0xB0, 0x00, 0x00, 0x00, 0x00, 0x00, 0x00, 0x00, 0x00, 0x8F, 0xFF, 0xFF, 0xB0, 0x00, 0x00, 0x00,
	0x00, 0x00, 0x00, 0x00, 0x00, 0x8F, 0xFF, 0xFF, 0xB0, 0x00, 0x00, 0x00, 0x00, 0xBB, 0xBB, 0xBB, 0x60, 0x00, 0x00, 0x00, 0x0B, 0xBB, 0xBB, 0xB6,
	0xFF, 0xFF, 0xFF, 0x80, 0x00, 0x00, 0x00, 0x0F, 0xFF, 0xFF, 0xF8, 0xFF, 0xFF, 0xFF, 0x80, 0x00, 0x00, 0x00, 0x0F, 0xFF, 0xFF, 0xF8, 0xFF, 0xFF,
	0xFF, 0x80, 0x00, 0x00, 0x00, 0x0F, 0xFF, 0xFF, 0xF8, 0xFF, 0xFF, 0xFF, 0x80, 0x00, 0x00, 0x00, 0x0F, 0xFF, 0xFF, 0xF8, 0xFF, 0xFF, 0xFF, 0x80,
	0x00, 0x00, 0x00, 0x0F, 0xFF, 0xFF, 0xF8, 0xFF, 0xFF, 0xFF, 0x80, 0x00, 0x00, 0x00, 0x0F, 0xFF, 0xFF, 0xF8, 0xFF, 0xFF, 0xFF, 0x80, 0x00, 0x00,
	0x00, 0x0F, 0xFF, 0xFF, 0xF8, 0xFF, 0xFF, 0xFF, 0x80, 0x00, 0x00, 0x00, 0x0F, 0xFF, 0xFF, 0xF8, 0xFF, 0xFF, 0xFF, 0x80, 0x00, 0x00, 0x00, 0x0F,
	0xFF, 0xFF, 0xF8, 0xFF, 0xFF, 0xFF, 0x80, 0x00, 0x00, 0x00, 0x0F, 0xFF, 0xFF, 0xF8, 0xFF, 0xFF, 0xFF, 0x80, 0x00, 0x00, 0x00, 0x0F, 0xFF, 0xFF,
	0xF8, 0xFF, 0xFF, 0xFF, 0x80, 0x00, 0x00, 0x00, 0x0F, 0xFF, 0xFF, 0xF8, 0xFF, 0xFF, 0xFF, 0x80, 0x00, 0x00, 0x00, 0x0F, 0xFF, 0xFF, 0xF8, 0xFF,
	0xFF, 0xFF, 0x80, 0x00, 0x00, 0x00, 0x0F, 0xFF, 0xFF, 0xF8, 0xCF, 0xFF, 0xFF, 0x80, 0x00, 0x00, 0x00, 0x0F, 0xFF, 0xFF, 0xF8, 0xBF, 0xFF, 0xFF,
	0x80, 0x00, 0x00, 0x00, 0x0F, 0xFF, 0xFF, 0xF8, 0xBF, 0xFF, 0xFF, 0xB0, 0x00, 0x00, 0x00, 0x2F, 0xFF, 0xFF, 0xF4, 0x8F, 0xFF, 0xFF, 0xF1, 0x00,
	0x00, 0x00, 0x6F, 0xFF, 0xFF, 0xF2, 0x4F, 0xFF, 0xFF, 0xF9, 0x00, 0x00, 0x01, 0xDF, 0xFF, 0xFF, 0xD0, 0x0D, 0xFF, 0xFF, 0xFF, 0xB6, 0x44, 0x7D,
	0xFF, 0xFF, 0xFF, 0x80, 0x05, 0xFF, 0xFF, 0xFF, 0xFF, 0xFF, 0xFF, 0xFF, 0xFF, 0xFE, 0x10, 0x00, 0x9F, 0xFF, 0xFF, 0xFF, 0xFF, 0xFF, 0xFF, 0xFF,
	0xF3, 0x00, 0x00, 0x08, 0xFF, 0xFF, 0xFF, 0xFF, 0xFF, 0xFF, 0xFD, 0x30, 0x00, 0x00, 0x00, 0x29, 0xEF, 0xFF, 0xFF, 0xFF, 0xFD, 0x71, 0x00, 0x00,
	0x00, 0x00, 0x00, 0x03, 0x58, 0x88, 0x74, 0x20, 0x00, 0x00, 0x00, 0x8B, 0xBB, 0xBB, 0x80, 0x00, 0x00, 0x00, 0x00, 0x00, 0x05, 0xBB, 0xBB, 0xBB,
	0x00, 0x6F, 0xFF, 0xFF, 0xF1, 0x00, 0x00, 0x00, 0x00, 0x00, 0x0A, 0xFF, 0xFF, 0xF9, 0x00, 0x1E, 0xFF, 0xFF, 0xF6, 0x00, 0x00, 0x00, 0x00, 0x00,
	0x2F, 0xFF, 0xFF, 0xF5, 0x00, 0x09, 0xFF, 0xFF, 0xFC, 0x00, 0x00, 0x00, 0x00, 0x00, 0x7F, 0xFF, 0xFF, 0xE0, 0x00, 0x04, 0xFF, 0xFF, 0xFF, 0x20,
	0x00, 0x00, 0x00, 0x00, 0xCF, 0xFF, 0xFF, 0x80, 0x00, 0x00, 0xDF, 0xFF, 0xFF, 0x80, 0x00, 0x00, 0x00, 0x03, 0xFF, 0xFF, 0xFF, 0x30, 0x00, 0x00,
	0x8F, 0xFF, 0xFF, 0xD0, 0x00, 0x00, 0x00, 0x08, 0xFF, 0xFF, 0xFC, 0x00, 0x00, 0x00, 0x2F, 0xFF, 0xFF, 0xF3, 0x00, 0x00, 0x00, 0x0D, 0xFF, 0xFF,
	0xF7, 0x00, 0x00, 0x00, 0x0C, 0xFF, 0xFF, 0xF8, 0x00, 0x00, 0x00, 0x4F, 0xFF, 0xFF, 0xF1, 0x00, 0x00, 0x00, 0x06, 0xFF, 0xFF, 0xFE, 0x00, 0x00,
	0x00, 0x9F, 0xFF, 0xFF, 0xA0, 0x00, 0x00, 0x00, 0x01, 0xFF, 0xFF, 0xFF, 0x50, 0x00, 0x00, 0xEF, 0xFF, 0xFF, 0x60, 0x00, 0x00, 0x00, 0x00, 0x9F,
	0xFF, 0xFF, 0x90, 0x00, 0x05, 0xFF, 0xFF, 0xFE, 0x00, 0x00, 0x00, 0x00, 0x00, 0x5F, 0xFF, 0xFF, 0xE1, 0x00, 0x0A, 0xFF, 0xFF, 0xF9, 0x00, 0x00,
	0x00, 0x00, 0x00, 0x0D, 0xFF, 0xFF, 0xF6, 0x00, 0x1F, 0xFF, 0xFF, 0xF3, 0x00, 0x00, 0x00, 0x00, 0x00, 0x08, 0xFF, 0xFF, 0xFA, 0x00, 0x6F, 0xFF,
	0xFF, 0xD0, 0x00, 0x00, 0x00, 0x00, 0x00, 0x03, 0xFF, 0xFF, 0xFF, 0x20, 0xBF, 0xFF, 0xFF, 0x70, 0x00, 0x00, 0x00, 0x00, 0x00, 0x00, 0xCF, 0xFF,
	0xFF, 0x72, 0xFF, 0xFF, 0xFF, 0x20, 0x00, 0x00, 0x00, 0x00, 0x00, 0x00, 0x7F, 0xFF, 0xFF, 0xC7, 0xFF, 0xFF, 0xFB, 0x00, 0x00, 0x00, 0x00, 0x00,
	0x00, 0x00, 0x1F, 0xFF, 0xFF, 0xFD, 0xFF, 0xFF, 0xF6, 0x00, 0x00, 0x00, 0x00, 0x00, 0x00, 0x00, 0x0A, 0xFF, 0xFF, 0xFF, 0xFF, 0xFF, 0xE1, 0x00,
	0x00, 0x00, 0x00, 0x00, 0x00, 0x00, 0x05, 0xFF, 0xFF, 0xFF, 0xFF, 0xFF, 0x90, 0x00, 0x00, 0x00, 0x00, 0x00, 0x00, 0x00, 0x00, 0xEF, 0xFF, 0xFF,
	0xFF, 0xFF, 0x40, 0x00, 0x00, 0x00, 0x00, 0x00, 0x00, 0x00, 0x00, 0x9F, 0xFF, 0xFF, 0xFF, 0xFD, 0x00, 0x00, 0x00, 0x00, 0x00, 0x00, 0x00, 0x00,
	0x00, 0x3F, 0xFF, 0xFF, 0xFF, 0xF8, 0x00, 0x00, 0x00, 0x00, 0x00, 0x00, 0x00, 0x00, 0x00, 0x0D, 0xFF, 0xFF, 0xFF, 0xF2, 0x00, 0x00, 0x00, 0x00,
	0x00, 0xAB, 0xBB, 0xBB, 0x30, 0x00, 0x00, 0x00, 0x5B, 0xBB, 0xBB, 0xA0, 0x00, 0x00, 0x00, 0x08, 0xBB, 0xBB, 0xB4, 0xAF, 0xFF, 0xFF, 0x70, 0x00,
	0x00, 0x00, 0x9F, 0xFF, 0xFF, 0xF2, 0x00, 0x00, 0x00, 0x0E, 0xFF, 0xFF, 0xF2, 0x7F, 0xFF, 0xFF, 0xA0, 0x00, 0x00, 0x00, 0xDF, 0xFF, 0xFF, 0xF6,
	0x00, 0x00, 0x00, 0x3F, 0xFF, 0xFF, 0xD0, 0x3F, 0xFF, 0xFF, 0xE0, 0x00, 0x00, 0x02, 0xFF, 0xFF, 0xFF, 0xF9, 0x00, 0x00, 0x00, 0x7F, 0xFF, 0xFF,
	0xA0, 0x0F, 0xFF, 0xFF, 0xF3, 0x00, 0x00, 0x05, 0xFF, 0xFF, 0xFF, 0xFC, 0x00, 0x00, 0x00, 0xAF, 0xFF, 0xFF, 0x70, 0x0B, 0xFF, 0xFF, 0xF6, 0x00,
	0x00, 0x08, 0xFF, 0xFF, 0xFF, 0xFF, 0x10, 0x00, 0x00, 0xDF, 0xFF, 0xFF, 0x30, 0x08, 0xFF, 0xFF, 0xF9, 0x00, 0x00, 0x0C, 0xFF, 0xFC, 0xFF, 0xFF,
	0x50, 0x00, 0x02, 0xFF, 0xFF, 0xFE, 0x00, 0x04, 0xFF, 0xFF, 0xFD, 0x00, 0x00, 0x1F, 0xFF, 0xF7, 0xEF, 0xFF, 0x80, 0x00, 0x06, 0xFF, 0xFF, 0xFB,
	0x00, 0x00, 0xFF, 0xFF, 0xFF, 0x20, 0x00, 0x4F, 0xFF, 0xF3, 0xAF, 0xFF, 0xB0, 0x00, 0x09, 0xFF, 0xFF, 0xF8, 0x00, 0x00, 0xBF, 0xFF, 0xFF, 0x60,
	0x00, 0x8F, 0xFF, 0xE0, 0x8F, 0xFF, 0xF0, 0x00, 0x0C, 0xFF, 0xFF, 0xF4, 0x00, 0x00, 0x8F, 0xFF, 0xFF, 0x80, 0x00, 0xBF, 0xFF, 0xA0, 0x4F, 0xFF,
	0xF4, 0x00, 0x1F, 0xFF, 0xFF, 0xF0, 0x00, 0x00, 0x5F, 0xFF, 0xFF, 0xC0, 0x00, 0xFF, 0xFF, 0x80, 0x0F, 0xFF, 0xF8, 0x00, 0x5F, 0xFF, 0xFF, 0xB0,
	0x00, 0x00, 0x1F, 0xFF, 0xFF, 0xF1, 0x04, 0xFF, 0xFF, 0x40, 0x0B, 0xFF, 0xFB, 0x00, 0x8F, 0xFF, 0xFF, 0x80, 0x00, 0x00, 0x0C, 0xFF, 0xFF, 0xF5,
	0x07, 0xFF, 0xFF, 0x00, 0x08, 0xFF, 0xFF, 0x00, 0xCF, 0xFF, 0xFF, 0x50, 0x00, 0x00, 0x08, 0xFF, 0xFF, 0xF8, 0x0A, 0xFF, 0xFB, 0x00, 0x04, 0xFF,
	0xFF, 0x30, 0xFF, 0xFF, 0xFF, 0x10, 0x00, 0x00, 0x06, 0xFF, 0xFF, 0xFB, 0x0E, 0xFF, 0xF8, 0x00, 0x01, 0xFF, 0xFF, 0x74, 0xFF, 0xFF, 0xFC, 0x00,
	0x00, 0x00, 0x02, 0xFF, 0xFF, 0xFF, 0x3F, 0xFF, 0xF4, 0x00, 0x00, 0xCF, 0xFF, 0xA8, 0xFF, 0xFF, 0xF9, 0x00, 0x00, 0x00, 0x00, 0xDF, 0xFF, 0xFF,
	0xAF, 0xFF, 0xF1, 0x00, 0x00, 0x8F, 0xFF, 0xEB, 0xFF, 0xFF, 0xF6, 0x00, 0x00, 0x00, 0x00, 0x9F, 0xFF, 0xFF, 0xFF, 0xFF, 0xC0, 0x00, 0x00, 0x5F,
	0xFF, 0xFF, 0xFF, 0xFF, 0xF2, 0x00, 0x00, 0x00, 0x00, 0x6F, 0xFF, 0xFF, 0xFF, 0xFF, 0x80, 0x00, 0x00, 0x1F, 0xFF, 0xFF, 0xFF, 0xFF, 0xD0, 0x00,
	0x00, 0x00, 0x00, 0x3F, 0xFF, 0xFF, 0xFF, 0xFF, 0x50, 0x00, 0x00, 0x0D, 0xFF, 0xFF, 0xFF, 0xFF, 0xA0, 0x00, 0x00, 0x00, 0x00, 0x0E, 0xFF, 0xFF,
	0xFF, 0xFF, 0x20, 0x00, 0x00, 0x09, 0xFF, 0xFF, 0xFF, 0xFF, 0x70, 0x00, 0x00, 0x00, 0x00, 0x0A, 0xFF, 0xFF, 0xFF, 0xFD, 0x00, 0x00, 0x00, 0x06,
	0xFF, 0xFF, 0xFF, 0xFF, 0x30, 0x00, 0x00, 0x00, 0x00, 0x07, 0xFF, 0xFF, 0xFF, 0xF9, 0x00, 0x00, 0x00, 0x02, 0xFF, 0xFF, 0xFF, 0xFE, 0x00, 0x00,
	0x00, 0x00, 0x00, 0x03, 0xFF, 0xFF, 0xFF, 0xF6, 0x00, 0x00, 0x00, 0x00, 0xDF, 0xFF, 0xFF, 0xFB, 0x00, 0x00, 0x00, 0x08, 0xBB, 0xBB, 0xBA, 0x00,
	0x00, 0x00, 0x00, 0x00, 0x8B, 0xBB, 0xBB, 0xA0, 0x03, 0xFF, 0xFF, 0xFF, 0x80, 0x00, 0x00, 0x00, 0x06, 0xFF, 0xFF, 0xFF, 0x50, 0x00, 0x8F, 0xFF,
	0xFF, 0xF3, 0x00, 0x00, 0x00, 0x2E, 0xFF, 0xFF, 0xFA, 0x00, 0x00, 0x0B, 0xFF, 0xFF, 0xFD, 0x10, 0x00, 0x00, 0xBF, 0xFF, 0xFF, 0xE1, 0x00, 0x00,
	0x02, 0xEF, 0xFF, 0xFF, 0x80, 0x00, 0x07, 0xFF, 0xFF, 0xFF, 0x40, 0x00, 0x00, 0x00, 0x7F, 0xFF, 0xFF, 0xF4, 0x00, 0x2E, 0xFF, 0xFF, 0xF8, 0x00,
	0x00, 0x00, 0x00, 0x0B, 0xFF, 0xFF, 0xFD, 0x10, 0xBF, 0xFF, 0xFF, 0xD1, 0x00, 0x00, 0x00, 0x00, 0x02, 0xEF, 0xFF, 0xFF, 0x87, 0xFF, 0xFF, 0xFF,
	0x40, 0x00, 0x00, 0x00, 0x00, 0x00, 0x6F, 0xFF, 0xFF, 0xFE, 0xFF, 0xFF, 0xF8, 0x00, 0x00, 0x00, 0x00, 0x00, 0x00, 0x0A, 0xFF, 0xFF, 0xFF, 0xFF,
	0xFF, 0xC1, 0x00, 0x00, 0x00, 0x00, 0x00, 0x00, 0x01, 0xEF, 0xFF, 0xFF, 0xFF, 0xFF, 0x30, 0x00, 0x00, 0x00, 0x00, 0x00, 0x00, 0x00, 0x5F, 0xFF,
	0xFF, 0xFF, 0xF8, 0x00, 0x00, 0x00, 0x00, 0x00, 0x00, 0x00, 0x00, 0x0E, 0xFF, 0xFF, 0xFF, 0xF1, 0x00, 0x00, 0x00, 0x00, 0x00, 0x00, 0x00, 0x00,
	0x8F, 0xFF, 0xFF, 0xFF, 0xFB, 0x00, 0x00, 0x00, 0x00, 0x00, 0x00, 0x00, 0x04, 0xFF, 0xFF, 0xFF, 0xFF, 0xFF, 0x70, 0x00, 0x00, 0x00, 0x00, 0x00,
	0x00, 0x1D, 0xFF, 0xFF, 0xFF, 0xFF, 0xFF, 0xE2, 0x00, 0x00, 0x00, 0x00, 0x00, 0x00, 0x8F, 0xFF, 0xFF, 0xED, 0xFF, 0xFF, 0xFB, 0x00, 0x00, 0x00,
	0x00, 0x00, 0x04, 0xFF, 0xFF, 0xFF, 0x74, 0xFF, 0xFF, 0xFF, 0x70, 0x00, 0x00, 0x00, 0x00, 0x1D, 0xFF, 0xFF, 0xFB, 0x00, 0x8F, 0xFF, 0xFF, 0xE2,
	0x00, 0x00, 0x00, 0x00, 0x8F, 0xFF, 0xFF, 0xE2, 0x00, 0x1D, 0xFF, 0xFF, 0xFC, 0x00, 0x00, 0x00, 0x05, 0xFF, 0xFF, 0xFF, 0x70, 0x00, 0x03, 0xFF,
	0xFF, 0xFF, 0x80, 0x00, 0x00, 0x1E, 0xFF, 0xFF, 0xFB, 0x00, 0x00, 0x00, 0x8F, 0xFF, 0xFF, 0xF3, 0x00, 0x00, 0xAF, 0xFF, 0xFF, 0xE1, 0x00, 0x00,
	0x00, 0x0C, 0xFF, 0xFF, 0xFC, 0x00, 0x05, 0xFF, 0xFF, 0xFF, 0x50, 0x00, 0x00, 0x00, 0x03, 0xFF, 0xFF, 0xFF, 0x80, 0x1E, 0xFF, 0xFF, 0xFA, 0x00,
	0x00, 0x00, 0x00, 0x00, 0x8F, 0xFF, 0xFF, 0xF3, 0x1B, 0xBB, 0xBB, 0xBA, 0x00, 0x00, 0x00, 0x00, 0x00, 0x4B, 0xBB, 0xBB, 0xB8, 0x08, 0xFF, 0xFF,
	0xFF, 0x80, 0x00, 0x00, 0x00, 0x00, 0xDF, 0xFF, 0xFF, 0xE2, 0x00, 0xCF, 0xFF, 0xFF, 0xF2, 0x00, 0x00, 0x00, 0x08, 0xFF, 0xFF, 0xFF, 0x70, 0x00,
	0x3F, 0xFF, 0xFF, 0xFB, 0x00, 0x00, 0x00, 0x3F, 0xFF, 0xFF, 0xFB, 0x00, 0x00, 0x08, 0xFF, 0xFF, 0xFF, 0x70, 0x00, 0x00, 0xBF, 0xFF, 0xFF, 0xF3,
	0x00, 0x00, 0x00, 0xCF, 0xFF, 0xFF, 0xE1, 0x00, 0x07, 0xFF, 0xFF, 0xFF, 0x80, 0x00, 0x00, 0x00, 0x3F, 0xFF, 0xFF, 0xFA, 0x00, 0x2E, 0xFF, 0xFF,
	0xFC, 0x00, 0x00, 0x00, 0x00, 0x08, 0xFF, 0xFF, 0xFF, 0x50, 0xBF, 0xFF, 0xFF, 0xF3, 0x00, 0x00, 0x00, 0x00, 0x00, 0xDF, 0xFF, 0xFF, 0xD6, 0xFF,
	0xFF, 0xFF, 0x80, 0x00, 0x00, 0x00, 0x00, 0x00, 0x4F, 0xFF, 0xFF, 0xFF, 0xFF, 0xFF, 0xFC, 0x00, 0x00, 0x00, 0x00, 0x00, 0x00, 0x08, 0xFF, 0xFF,
	0xFF, 0xFF, 0xFF, 0xF3, 0x00, 0x00, 0x00, 0x00, 0x00, 0x00, 0x01, 0xDF, 0xFF, 0xFF, 0xFF, 0xFF, 0x80, 0x00, 0x00, 0x00, 0x00, 0x00, 0x00, 0x00,
	0x4F, 0xFF, 0xFF, 0xFF, 0xFC, 0x00, 0x00, 0x00, 0x00, 0x00, 0x00, 0x00, 0x00, 0x08, 0xFF, 0xFF, 0xFF, 0xF3, 0x00, 0x00, 0x00, 0x00, 0x00, 0x00,
	0x00, 0x00, 0x01, 0xFF, 0xFF, 0xFF, 0x90, 0x00, 0x00, 0x00, 0x00, 0x00, 0x00, 0x00, 0x00, 0x00, 0xFF, 0xFF, 0xFF, 0x80, 0x00, 0x00, 0x00, 0x00,
	0x00, 0x00, 0x00, 0x00, 0x00, 0xFF, 0xFF, 0xFF, 0x80, 0x00, 0x00, 0x00, 0x00, 0x00, 0x00, 0x00, 0x00, 0x00, 0xFF, 0xFF, 0xFF, 0x80, 0x00, 0x00,
	0x00, 0x00, 0x00, 0x00, 0x00, 0x00, 0x00, 0xFF, 0xFF, 0xFF, 0x80, 0x00, 0x00, 0x00, 0x00, 0x00, 0x00, 0x00, 0x00, 0x00, 0xFF, 0xFF, 0xFF, 0x80,
	0x00, 0x00, 0x00, 0x00, 0x00, 0x00, 0x00, 0x00, 0x00, 0xFF, 0xFF, 0xFF, 0x80, 0x00, 0x00, 0x00, 0x00, 0x00, 0x00, 0x00, 0x00, 0x00, 0xFF, 0xFF,
	0xFF, 0x80, 0x00, 0x00, 0x00, 0x00, 0x00, 0x00, 0x00, 0x00, 0x00, 0xFF, 0xFF, 0xFF, 0x80, 0x00, 0x00, 0x00, 0x00, 0x00, 0x00, 0x00, 0x00, 0x00,
	0xFF, 0xFF, 0xFF, 0x80, 0x00, 0x00, 0x00, 0x00, 0x00, 0x00, 0x00, 0x00, 0x00, 0xFF, 0xFF, 0xFF, 0x80, 0x00, 0x00, 0x00, 0x00, 0x0B, 0xBB, 0xBB,
	0xBB, 0xBB, 0xBB, 0xBB, 0xBB, 0xBB, 0xBB, 0xB8, 0x00, 0x0F, 0xFF, 0xFF, 0xFF, 0xFF, 0xFF, 0xFF, 0xFF, 0xFF, 0xFF, 0xFB, 0x00, 0x0F, 0xFF, 0xFF,
	0xFF, 0xFF, 0xFF, 0xFF, 0xFF, 0xFF, 0xFF, 0xFB, 0x00, 0x0F, 0xFF, 0xFF, 0xFF, 0xFF, 0xFF, 0xFF, 0xFF, 0xFF, 0xFF, 0xFB, 0x00, 0x0F, 0xFF, 0xFF,
	0xFF, 0xFF, 0xFF, 0xFF, 0xFF, 0xFF, 0xFF, 0xF6, 0x00, 0x00, 0x00, 0x00, 0x00, 0x00, 0x00, 0x08, 0xFF, 0xFF, 0xFF, 0x90, 0x00, 0x00, 0x00, 0x00,
	0x00, 0x00, 0x00, 0x6F, 0xFF, 0xFF, 0xFB, 0x00, 0x00, 0x00, 0x00, 0x00, 0x00, 0x00, 0x03, 0xFF, 0xFF, 0xFF, 0xC1, 0x00, 0x00, 0x00, 0x00, 0x00,
	0x00, 0x00, 0x2E, 0xFF, 0xFF, 0xFE, 0x30, 0x00, 0x00, 0x00, 0x00, 0x00, 0x00, 0x01, 0xCF, 0xFF, 0xFF, 0xF4, 0x00, 0x00, 0x00, 0x00, 0x00, 0x00,
	0x00, 0x09, 0xFF, 0xFF, 0xFF, 0x70, 0x00, 0x00, 0x00, 0x00, 0x00, 0x00, 0x00, 0x8F, 0xFF, 0xFF, 0xF9, 0x00, 0x00, 0x00, 0x00, 0x00, 0x00, 0x00,
	0x06, 0xFF, 0xFF, 0xFF, 0xC0, 0x00, 0x00, 0x00, 0x00, 0x00, 0x00, 0x00, 0x3E, 0xFF, 0xFF, 0xFD, 0x10, 0x00, 0x00, 0x00, 0x00, 0x00, 0x00, 0x01,
	0xEF, 0xFF, 0xFF, 0xE3, 0x00, 0x00, 0x00, 0x00, 0x00, 0x00, 0x00, 0x1C, 0xFF, 0xFF, 0xFF, 0x50, 0x00, 0x00, 0x00, 0x00, 0x00, 0x00, 0x00, 0x9F,
	0xFF, 0xFF, 0xF8, 0x00, 0x00, 0x00, 0x00, 0x00, 0x00, 0x00, 0x07, 0xFF, 0xFF, 0xFF, 0x90, 0x00, 0x00, 0x00, 0x00, 0x00, 0x00, 0x00, 0x5F, 0xFF,
	0xFF, 0xFC, 0x10, 0x00, 0x00, 0x00, 0x00, 0x00, 0x00, 0x03, 0xEF, 0xFF, 0xFF, 0xE1, 0x00, 0x00, 0x00, 0x00, 0x00, 0x00, 0x00, 0x1D, 0xFF, 0xFF,
	0xFF, 0xDB, 0xBB, 0xBB, 0xBB, 0xBB, 0xBB, 0xBB, 0x30, 0x8F, 0xFF, 0xFF, 0xFF, 0xFF, 0xFF, 0xFF, 0xFF, 0xFF, 0xFF, 0xFF, 0x40, 0x8F, 0xFF, 0xFF,
	0xFF, 0xFF, 0xFF, 0xFF, 0xFF, 0xFF, 0xFF, 0xFF, 0x40, 0x8F, 0xFF, 0xFF, 0xFF, 0xFF, 0xFF, 0xFF, 0xFF, 0xFF, 0xFF, 0xFF, 0x40, 0x8F, 0xFF, 0xFF,
	0xFF, 0xFF, 0xFF, 0xFF, 0xFF, 0xFF, 0xFF, 0xFF, 0x40, 0x07, 0x88, 0x88, 0x83, 0x00, 0x00, 0x00, 0x38, 0x88, 0x88, 0x70, 0x05, 0xFF, 0xFF, 0xFD,
	0x10, 0x00, 0x01, 0xEF, 0xFF, 0xFF, 0x40, 0x00, 0x9F, 0xFF, 0xFF, 0x80, 0x00, 0x0A, 0xFF, 0xFF, 0xF8, 0x00, 0x00, 0x1C, 0xFF, 0xFF, 0xF4, 0x00,
	0x6F, 0xFF, 0xFF, 0xC0, 0x00, 0x00, 0x03, 0xEF, 0xFF, 0xFE, 0x12, 0xEF, 0xFF, 0xFE, 0x20, 0x00, 0x00, 0x00, 0x6F, 0xFF, 0xFF, 0xAB, 0xFF, 0xFF,
	0xF5, 0x00, 0x00, 0x00, 0x00, 0x0A, 0xFF, 0xFF, 0xFF, 0xFF, 0xFF, 0x80, 0x00, 0x00, 0x00, 0x00, 0x01, 0xDF, 0xFF, 0xFF, 0xFF, 0xFC, 0x00, 0x00,
	0x00, 0x00, 0x00, 0x00, 0x3F, 0xFF, 0xFF, 0xFF, 0xE2, 0x00, 0x00, 0x00, 0x00, 0x00, 0x00, 0x09, 0xFF, 0xFF, 0xFF, 0x80, 0x00, 0x00, 0x00, 0x00,
	0x00, 0x00, 0x3F, 0xFF, 0xFF, 0xFF, 0xE3, 0x00, 0x00, 0x00, 0x00, 0x00, 0x01, 0xDF, 0xFF, 0xFF, 0xFF, 0xFC, 0x10, 0x00, 0x00, 0x00, 0x00, 0x0A,
	0xFF, 0xFF, 0xFF, 0xFF, 0xFF, 0x90, 0x00, 0x00, 0x00, 0x00, 0x7F, 0xFF, 0xFF, 0xAC, 0xFF, 0xFF, 0xF6, 0x00, 0x00, 0x00, 0x03, 0xFF, 0xFF, 0xFE,
	0x12, 0xEF, 0xFF, 0xFE, 0x20, 0x00, 0x00, 0x1C, 0xFF, 0xFF, 0xF4, 0x00, 0x6F, 0xFF, 0xFF, 0xC0, 0x00, 0x00, 0x9F, 0xFF, 0xFF, 0x80, 0x00, 0x0A,
	0xFF, 0xFF, 0xF8, 0x00, 0x06, 0xFF, 0xFF, 0xFC, 0x10, 0x00, 0x01, 0xDF, 0xFF, 0xFF, 0x50, 0x3E, 0xFF, 0xFF, 0xF3, 0x00, 0x00, 0x00, 0x4F, 0xFF,
	0xFF, 0xE2, 0x00, 0x00, 0x00, 0x00, 0x8F, 0xFF, 0xFF, 0x80, 0x8F, 0xFF, 0xFF, 0x80, 0x8F, 0xFF, 0xFF, 0x80, 0x8F, 0xFF, 0xFF, 0x80, 0x8F, 0xFF,
	0xFF, 0x80, 0x8F, 0xFF, 0xFF, 0x80, 0x48, 0x88, 0x88, 0x40,
};
static const tr_glyph_t tr_font_med_glyphs[96] = {
	{0, 0, 0, 0, 12, 0}, /* 0x20 */
	{7, 25, 4, 7, 16, 0}, /* 0x21 */
	{0, 0, 0, 0, 0, 0}, /* 0x22 */
	{0, 0, 0, 0, 0, 0}, /* 0x23 */
	{0, 0, 0, 0, 0, 0}, /* 0x24 */
	{0, 0, 0, 0, 0, 0}, /* 0x25 */
	{0, 0, 0, 0, 0, 0}, /* 0x26 */
	{0, 0, 0, 0, 0, 0}, /* 0x27 */
	{0, 0, 0, 0, 0, 0}, /* 0x28 */
	{0, 0, 0, 0, 0, 0}, /* 0x29 */
	{0, 0, 0, 0, 0, 0}, /* 0x2A */
	{22, 22, 3, 10, 28, 100}, /* 0x2B */
	{9, 12, 1, 25, 13, 342}, /* 0x2C */
	{12, 6, 1, 19, 14, 402}, /* 0x2D */
	{7, 7, 3, 25, 13, 438}, /* 0x2E */
	{0, 0, 0, 0, 0, 0}, /* 0x2F */
	{22, 27, 1, 6, 24, 466}, /* 0x30 */
	{19, 25, 3, 7, 24, 763}, /* 0x31 */
	{19, 26, 2, 6, 24, 1013}, /* 0x32 */
	{19, 27, 2, 6, 24, 1273}, /* 0x33 */
	{22, 25, 1, 7, 24, 1543}, /* 0x34 */
	{20, 26, 2, 7, 24, 1818}, /* 0x35 */
	{20, 27, 2, 6, 24, 2078}, /* 0x36 */
	{19, 25, 2, 7, 24, 2348}, /* 0x37 */
	{20, 27, 2, 6, 24, 2598}, /* 0x38 */
	{21, 27, 1, 6, 24, 2868}, /* 0x39 */
	{7, 19, 3, 13, 14, 3165}, /* 0x3A */
	{0, 0, 0, 0, 0, 0}, /* 0x3B */
	{0, 0, 0, 0, 0, 0}, /* 0x3C */
	{0, 0, 0, 0, 0, 0}, /* 0x3D */
	{0, 0, 0, 0, 0, 0}, /* 0x3E */
	{0, 0, 0, 0, 0, 0}, /* 0x3F */
	{0, 0, 0, 0, 0, 0}, /* 0x40 */
	{27, 25, 0, 7, 26, 3241}, /* 0x41 */
	{21, 25, 3, 7, 26, 3591}, /* 0x42 */
	{22, 27, 1, 6, 25, 3866}, /* 0x43 */
	{24, 25, 3, 7, 28, 4163}, /* 0x44 */
	{18, 25, 3, 7, 23, 4463}, /* 0x45 */
	{18, 25, 3, 7, 23, 4688}, /* 0x46 */
	{25, 27, 1, 6, 28, 4913}, /* 0x47 */
	{23, 25, 3, 7, 28, 5264}, /* 0x48 */
	{7, 25, 3, 7, 13, 5564}, /* 0x49 */
	{12, 32, -2, 7, 13, 5664}, /* 0x4A */
	{25, 25, 3, 7, 26, 5856}, /* 0x4B */
	{18, 25, 3, 7, 22, 6181}, /* 0x4C */
	{28, 25, 3, 7, 34, 6406}, /* 0x4D */
	{23, 25, 3, 7, 28, 6756}, /* 0x4E */
	{27, 27, 1, 6, 29, 7056}, /* 0x4F */
	{21, 25, 3, 7, 25, 7434}, /* 0x50 */
	{27, 31, 1, 6, 29, 7709}, /* 0x51 */
	{23, 25, 3, 7, 26, 8143}, /* 0x52 */
	{20, 27, 2, 6, 24, 8443}, /* 0x53 */
	{24, 25, 0, 7, 23, 8713}, /* 0x54 */
	{22, 26, 3, 7, 28, 9013}, /* 0x55 */
	{27, 25, 0, 7, 26, 9299}, /* 0x56 */
	{36, 25, 1, 7, 38, 9649}, /* 0x57 */
	{26, 25, 0, 7, 26, 10099}, /* 0x58 */
	{26, 25, -1, 7, 25, 10424}, /* 0x59 */
	{23, 25, 1, 7, 25, 10749}, /* 0x5A */
	{0, 0, 0, 0, 0, 0}, /* 0x5B */
	{0, 0, 0, 0, 0, 0}, /* 0x5C */
	{0, 0, 0, 0, 0, 0}, /* 0x5D */
	{0, 0, 0, 0, 0, 0}, /* 0x5E */
	{0, 0, 0, 0, 0, 0}, /* 0x5F */
	{0, 0, 0, 0, 0, 0}, /* 0x60 */
	{0, 0, 0, 0, 0, 0}, /* 0x61 */
	{0, 0, 0, 0, 0, 0}, /* 0x62 */
	{0, 0, 0, 0, 0, 0}, /* 0x63 */
	{0, 0, 0, 0, 0, 0}, /* 0x64 */
	{0, 0, 0, 0, 0, 0}, /* 0x65 */
	{0, 0, 0, 0, 0, 0}, /* 0x66 */
	{0, 0, 0, 0, 0, 0}, /* 0x67 */
	{0, 0, 0, 0, 0, 0}, /* 0x68 */
	{0, 0, 0, 0, 0, 0}, /* 0x69 */
	{0, 0, 0, 0, 0, 0}, /* 0x6A */
	{0, 0, 0, 0, 0, 0}, /* 0x6B */
	{0, 0, 0, 0, 0, 0}, /* 0x6C */
	{0, 0, 0, 0, 0, 0}, /* 0x6D */
	{0, 0, 0, 0, 0, 0}, /* 0x6E */
	{0, 0, 0, 0, 0, 0}, /* 0x6F */
	{0, 0, 0, 0, 0, 0}, /* 0x70 */
	{0, 0, 0, 0, 0, 0}, /* 0x71 */
	{0, 0, 0, 0, 0, 0}, /* 0x72 */
	{0, 0, 0, 0, 0, 0}, /* 0x73 */
	{0, 0, 0, 0, 0, 0}, /* 0x74 */
	{0, 0, 0, 0, 0, 0}, /* 0x75 */
	{0, 0, 0, 0, 0, 0}, /* 0x76 */
	{0, 0, 0, 0, 0, 0}, /* 0x77 */
	{22, 19, 0, 13, 22, 11049}, /* 0x78 */
	{0, 0, 0, 0, 0, 0}, /* 0x79 */
	{0, 0, 0, 0, 0, 0}, /* 0x7A */
	{0, 0, 0, 0, 0, 0}, /* 0x7B */
	{0, 0, 0, 0, 0, 0}, /* 0x7C */
	{0, 0, 0, 0, 0, 0}, /* 0x7D */
	{0, 0, 0, 0, 0, 0}, /* 0x7E */
	{7, 8, 3, 16, 13, 11258}, /* 0x7F */
};
static const tr_font_t tr_font_med = {32, 40, tr_font_med_glyphs, tr_font_med_bits};

static const uint8_t tr_font_big_bits[9454] = {
	0x00, 0x00, 0x00, 0x00, 0x00, 0x00, 0x00, 0x02, 0x88, 0x88, 0x88, 0x40, 0x00, 0x00, 0x00, 0x00, 0x00, 0x00, 0x00, 0x00, 0x00, 0x00, 0x00, 0x00,
	0x00, 0x00, 0x04, 0xFF, 0xFF, 0xFF, 0x80, 0x00, 0x00, 0x00, 0x00, 0x00, 0x00, 0x00, 0x00, 0x00, 0x00, 0x00, 0x00, 0x00, 0x00, 0x04, 0xFF, 0xFF,
	0xFF, 0x80, 0x00, 0x00, 0x00, 0x00, 0x00, 0x00, 0x00, 0x00, 0x00, 0x00, 0x00, 0x00, 0x00, 0x00, 0x04, 0xFF, 0xFF, 0xFF, 0x80, 0x00, 0x00, 0x00,
	0x00, 0x00, 0x00, 0x00, 0x00, 0x00, 0x00, 0x00, 0x00, 0x00, 0x00, 0x04, 0xFF, 0xFF, 0xFF, 0x80, 0x00, 0x00, 0x00, 0x00, 0x00, 0x00, 0x00, 0x00,
	0x00, 0x00, 0x00, 0x00, 0x00, 0x00, 0x04, 0xFF, 0xFF, 0xFF, 0x80, 0x00, 0x00, 0x00, 0x00, 0x00, 0x00, 0x00, 0x00, 0x00, 0x00, 0x00, 0x00, 0x00,
	0x00, 0x04, 0xFF, 0xFF, 0xFF, 0x80, 0x00, 0x00, 0x00, 0x00, 0x00, 0x00, 0x00, 0x00, 0x00, 0x00, 0x00, 0x00, 0x00, 0x00, 0x04, 0xFF, 0xFF, 0xFF,
	0x80, 0x00, 0x00, 0x00, 0x00, 0x00, 0x00, 0x00, 0x00, 0x00, 0x00, 0x00, 0x00, 0x00, 0x00, 0x04, 0xFF, 0xFF, 0xFF, 0x80, 0x00, 0x00, 0x00, 0x00,
	0x00, 0x00, 0x00, 0x00, 0x00, 0x00, 0x00, 0x00, 0x00, 0x00, 0x04, 0xFF, 0xFF, 0xFF, 0x80, 0x00, 0x00, 0x00, 0x00, 0x00, 0x00, 0x00, 0x00, 0x00,
	0x00, 0x00, 0x00, 0x00, 0x00, 0x04, 0xFF, 0xFF, 0xFF, 0x80, 0x00, 0x00, 0x00, 0x00, 0x00, 0x00, 0x00, 0x00, 0x00, 0x00, 0x00, 0x00, 0x00, 0x00,
	0x04, 0xFF, 0xFF, 0xFF, 0x80, 0x00, 0x00, 0x00, 0x00, 0x00, 0x00, 0x00, 0x00, 0x00, 0x00, 0x00, 0x00, 0x00, 0x00, 0x04, 0xFF, 0xFF, 0xFF, 0x80,
	0x00, 0x00, 0x00, 0x00, 0x00, 0x00, 0x00, 0x00, 0x00, 0x00, 0x00, 0x00, 0x00, 0x00, 0x04, 0xFF, 0xFF, 0xFF, 0x80, 0x00, 0x00, 0x00, 0x00, 0x00,
	0x00, 0x00, 0x00, 0x00, 0x00, 0x00, 0x00, 0x00, 0x00, 0x04, 0xFF, 0xFF, 0xFF, 0x80, 0x00, 0x00, 0x00, 0x00, 0x00, 0x00, 0x00, 0x34, 0x44, 0x44,
	0x44, 0x44, 0x44, 0x44, 0x47, 0xFF, 0xFF, 0xFF, 0x94, 0x44, 0x44, 0x44, 0x44, 0x44, 0x44, 0x44, 0xBF, 0xFF, 0xFF, 0xFF, 0xFF, 0xFF, 0xFF, 0xFF,
	0xFF, 0xFF, 0xFF, 0xFF, 0xFF, 0xFF, 0xFF, 0xFF, 0xFF, 0xFF, 0xFF, 0xBF, 0xFF, 0xFF, 0xFF, 0xFF, 0xFF, 0xFF, 0xFF, 0xFF, 0xFF, 0xFF, 0xFF, 0xFF,
	0xFF, 0xFF, 0xFF, 0xFF, 0xFF, 0xFF, 0xBF, 0xFF, 0xFF, 0xFF, 0xFF, 0xFF, 0xFF, 0xFF, 0xFF, 0xFF, 0xFF, 0xFF, 0xFF, 0xFF, 0xFF, 0xFF, 0xFF, 0xFF,
	0xFF, 0xBF, 0xFF, 0xFF, 0xFF, 0xFF, 0xFF, 0xFF, 0xFF, 0xFF, 0xFF, 0xFF, 0xFF, 0xFF, 0xFF, 0xFF, 0xFF, 0xFF, 0xFF, 0xFF, 0xBF, 0xFF, 0xFF, 0xFF,
	0xFF, 0xFF, 0xFF, 0xFF, 0xFF, 0xFF, 0xFF, 0xFF, 0xFF, 0xFF, 0xFF, 0xFF, 0xFF, 0xFF, 0xFF, 0xBF, 0xFF, 0xFF, 0xFF, 0xFF, 0xFF, 0xFF, 0xFF, 0xFF,
	0xFF, 0xFF, 0xFF, 0xFF, 0xFF, 0xFF, 0xFF, 0xFF, 0xFF, 0xFF, 0x8B, 0xBB, 0xBB, 0xBB, 0xBB, 0xBB, 0xBB, 0xBC, 0xFF, 0xFF, 0xFF, 0xDB, 0xBB, 0xBB,
	0xBB, 0xBB, 0xBB, 0xBB, 0xBB, 0x00, 0x00, 0x00, 0x00, 0x00, 0x00, 0x00, 0x04, 0xFF, 0xFF, 0xFF, 0x80, 0x00, 0x00, 0x00, 0x00, 0x00, 0x00, 0x00,
	0x00, 0x00, 0x00, 0x00, 0x00, 0x00, 0x00, 0x04, 0xFF, 0xFF, 0xFF, 0x80, 0x00, 0x00, 0x00, 0x00, 0x00, 0x00, 0x00, 0x00, 0x00, 0x00, 0x00, 0x00,
	0x00, 0x00, 0x04, 0xFF, 0xFF, 0xFF, 0x80, 0x00, 0x00, 0x00, 0x00, 0x00, 0x00, 0x00, 0x00, 0x00, 0x00, 0x00, 0x00, 0x00, 0x00, 0x04, 0xFF, 0xFF,
	0xFF, 0x80, 0x00, 0x00, 0x00, 0x00, 0x00, 0x00, 0x00, 0x00, 0x00, 0x00, 0x00, 0x00, 0x00, 0x00, 0x04, 0xFF, 0xFF, 0xFF, 0x80, 0x00, 0x00, 0x00,
	0x00, 0x00, 0x00, 0x00, 0x00, 0x00, 0x00, 0x00, 0x00, 0x00, 0x00, 0x04, 0xFF, 0xFF, 0xFF, 0x80, 0x00, 0x00, 0x00, 0x00, 0x00, 0x00, 0x00, 0x00,
	0x00, 0x00, 0x00, 0x00, 0x00, 0x00, 0x04, 0xFF, 0xFF, 0xFF, 0x80, 0x00, 0x00, 0x00, 0x00, 0x00, 0x00, 0x00, 0x00, 0x00, 0x00, 0x00, 0x00, 0x00,
	0x00, 0x04, 0xFF, 0xFF, 0xFF, 0x80, 0x00, 0x00, 0x00, 0x00, 0x00, 0x00, 0x00, 0x00, 0x00, 0x00, 0x00, 0x00, 0x00, 0x00, 0x04, 0xFF, 0xFF, 0xFF,
	0x80, 0x00, 0x00, 0x00, 0x00, 0x00, 0x00, 0x00, 0x00, 0x00, 0x00, 0x00, 0x00, 0x00, 0x00, 0x04, 0xFF, 0xFF, 0xFF, 0x80, 0x00, 0x00, 0x00, 0x00,
	0x00, 0x00, 0x00, 0x00, 0x00, 0x00, 0x00, 0x00, 0x00, 0x00, 0x04, 0xFF, 0xFF, 0xFF, 0x80, 0x00, 0x00, 0x00, 0x00, 0x00, 0x00, 0x00, 0x00, 0x00,
	0x00, 0x00, 0x00, 0x00, 0x00, 0x04, 0xFF, 0xFF, 0xFF, 0x80, 0x00, 0x00, 0x00, 0x00, 0x00, 0x00, 0x00, 0x00, 0x00, 0x00, 0x00, 0x00, 0x00, 0x00,
	0x04, 0xFF, 0xFF, 0xFF, 0x80, 0x00, 0x00, 0x00, 0x00, 0x00, 0x00, 0x00, 0x00, 0x00, 0x00, 0x00, 0x00, 0x00, 0x00, 0x04, 0xFF, 0xFF, 0xFF, 0x80,
	0x00, 0x00, 0x00, 0x00, 0x00, 0x00, 0x00, 0x00, 0x00, 0x00, 0x00, 0x00, 0x00, 0x00, 0x04, 0xFF, 0xFF, 0xFF, 0x80, 0x00, 0x00, 0x00, 0x00, 0x00,
	0x00, 0x00, 0x00, 0x04, 0x44, 0x44, 0x44, 0x44, 0x43, 0x00, 0x0F, 0xFF, 0xFF, 0xFF, 0xFF, 0xFB, 0x00, 0x0F, 0xFF, 0xFF, 0xFF, 0xFF, 0xFB, 0x00,
	0x0F, 0xFF, 0xFF, 0xFF, 0xFF, 0xFB, 0x00, 0x0F, 0xFF, 0xFF, 0xFF, 0xFF, 0xFB, 0x00, 0x0F, 0xFF, 0xFF, 0xFF, 0xFF, 0xFB, 0x00, 0x0F, 0xFF, 0xFF,
	0xFF, 0xFF, 0xFB, 0x00, 0x0F, 0xFF, 0xFF, 0xFF, 0xFF, 0xFB, 0x00, 0x0F, 0xFF, 0xFF, 0xFF, 0xFF, 0xFB, 0x00, 0x0F, 0xFF, 0xFF, 0xFF, 0xFF, 0xFA,
	0x00, 0x2F, 0xFF, 0xFF, 0xFF, 0xFF, 0xE2, 0x00, 0x6F, 0xFF, 0xFF, 0xFF, 0xFF, 0x70, 0x00, 0x9F, 0xFF, 0xFF, 0xFF, 0xFB, 0x00, 0x00, 0xEF, 0xFF,
	0xFF, 0xFF, 0xE2, 0x00, 0x03, 0xFF, 0xFF, 0xFF, 0xFF, 0x70, 0x00, 0x07, 0xFF, 0xFF, 0xFF, 0xFB, 0x00, 0x00, 0x0B, 0xFF, 0xFF, 0xFF, 0xE2, 0x00,
	0x00, 0x0F, 0xFF, 0xFF, 0xFF, 0x70, 0x00, 0x00, 0x4F, 0xFF, 0xFF, 0xFB, 0x00, 0x00, 0x00, 0x8F, 0xFF, 0xFF, 0xE2, 0x00, 0x00, 0x00, 0x68, 0x88,
	0x88, 0x50, 0x00, 0x00, 0x00, 0x00, 0x00, 0x00, 0x00, 0x00, 0x00, 0x00, 0x14, 0x78, 0x88, 0x86, 0x40, 0x00, 0x00, 0x00, 0x00, 0x00, 0x00, 0x00,
	0x00, 0x00, 0x00, 0x00, 0x00, 0x02, 0x8C, 0xFF, 0xFF, 0xFF, 0xFF, 0xFF, 0xB7, 0x10, 0x00, 0x00, 0x00, 0x00, 0x00, 0x00, 0x00, 0x00, 0x00, 0x02,
	0x9F, 0xFF, 0xFF, 0xFF, 0xFF, 0xFF, 0xFF, 0xFF, 0xE8, 0x10, 0x00, 0x00, 0x00, 0x00, 0x00, 0x00, 0x00, 0x00, 0x7F, 0xFF, 0xFF, 0xFF, 0xFF, 0xFF,
	0xFF, 0xFF, 0xFF, 0xFF, 0xE4, 0x00, 0x00, 0x00, 0x00, 0x00, 0x00, 0x00, 0x09, 0xFF, 0xFF, 0xFF, 0xFF, 0xFF, 0xFF, 0xFF, 0xFF, 0xFF, 0xFF, 0xFF,
	0x60, 0x00, 0x00, 0x00, 0x00, 0x00, 0x00, 0x9F, 0xFF, 0xFF, 0xFF, 0xFF, 0xFF, 0xFF, 0xFF, 0xFF, 0xFF, 0xFF, 0xFF, 0xF6, 0x00, 0x00, 0x00, 0x00,
	0x00, 0x08, 0xFF, 0xFF, 0xFF, 0xFF, 0xFF, 0xFF, 0xFF, 0xFF, 0xFF, 0xFF, 0xFF, 0xFF, 0xFF, 0x40, 0x00, 0x00, 0x00, 0x00, 0x4F, 0xFF, 0xFF, 0xFF,
	0xFF, 0xFF, 0xFF, 0xFF, 0xFF, 0xFF, 0xFF, 0xFF, 0xFF, 0xFF, 0xE1, 0x00, 0x00, 0x00, 0x00, 0xDF, 0xFF, 0xFF, 0xFF, 0xFF, 0xFF, 0x95, 0x44, 0x6B,
	0xFF, 0xFF, 0xFF, 0xFF, 0xFF, 0xF9, 0x00, 0x00, 0x00, 0x06, 0xFF, 0xFF, 0xFF, 0xFF, 0xFF, 0xE4, 0x00, 0x00, 0x00, 0x6F, 0xFF, 0xFF, 0xFF, 0xFF,
	0xFF, 0x20, 0x00, 0x00, 0x0D, 0xFF, 0xFF, 0xFF, 0xFF, 0xFF, 0x50, 0x00, 0x00, 0x00, 0x08, 0xFF, 0xFF, 0xFF, 0xFF, 0xFF, 0x90, 0x00, 0x00, 0x5F,
	0xFF, 0xFF, 0xFF, 0xFF, 0xFB, 0x00, 0x00, 0x00, 0x00, 0x01, 0xEF, 0xFF, 0xFF, 0xFF, 0xFF, 0xF1, 0x00, 0x00, 0x9F, 0xFF, 0xFF, 0xFF, 0xFF, 0xF5,
	0x00, 0x00, 0x00, 0x00, 0x00, 0x8F, 0xFF, 0xFF, 0xFF, 0xFF, 0xF6, 0x00, 0x00, 0xEF, 0xFF, 0xFF, 0xFF, 0xFF, 0xF1, 0x00, 0x00, 0x00, 0x00, 0x00,
	0x5F, 0xFF, 0xFF, 0xFF, 0xFF, 0xFA, 0x00, 0x03, 0xFF, 0xFF, 0xFF, 0xFF, 0xFF, 0xC0, 0x00, 0x00, 0x00, 0x00, 0x00, 0x1F, 0xFF, 0xFF, 0xFF, 0xFF,
	0xFE, 0x00, 0x07, 0xFF, 0xFF, 0xFF, 0xFF, 0xFF, 0x90, 0x00, 0x00, 0x00, 0x00, 0x00, 0x0D, 0xFF, 0xFF, 0xFF, 0xFF, 0xFF, 0x30, 0x08, 0xFF, 0xFF,
	0xFF, 0xFF, 0xFF, 0x80, 0x00, 0x00, 0x00, 0x00, 0x00, 0x0B, 0xFF, 0xFF, 0xFF, 0xFF, 0xFF, 0x50, 0x0B, 0xFF, 0xFF, 0xFF, 0xFF, 0xFF, 0x60, 0x00,
	0x00, 0x00, 0x00, 0x00, 0x09, 0xFF, 0xFF, 0xFF, 0xFF, 0xFF, 0x80, 0x0D, 0xFF, 0xFF, 0xFF, 0xFF, 0xFF, 0x40, 0x00, 0x00, 0x00, 0x00, 0x00, 0x08,
	0xFF, 0xFF, 0xFF, 0xFF, 0xFF, 0x90, 0x0F, 0xFF, 0xFF, 0xFF, 0xFF, 0xFF, 0x40, 0x00, 0x00, 0x00, 0x00, 0x00, 0x08, 0xFF, 0xFF, 0xFF, 0xFF, 0xFF,
	0xB0, 0x0F, 0xFF, 0xFF, 0xFF, 0xFF, 0xFF, 0x40, 0x00, 0x00, 0x00, 0x00, 0x00, 0x08, 0xFF, 0xFF, 0xFF, 0xFF, 0xFF, 0xB0, 0x0F, 0xFF, 0xFF, 0xFF,
	0xFF, 0xFF, 0x40, 0x00, 0x00, 0x00, 0x00, 0x00, 0x08, 0xFF, 0xFF, 0xFF, 0xFF, 0xFF, 0xB0, 0x0F, 0xFF, 0xFF, 0xFF, 0xFF, 0xFF, 0x40, 0x00, 0x00,
	0x00, 0x00, 0x00, 0x08, 0xFF, 0xFF, 0xFF, 0xFF, 0xFF, 0xB0, 0x1F, 0xFF, 0xFF, 0xFF, 0xFF, 0xFF, 0x40, 0x00, 0x00, 0x00, 0x00, 0x00, 0x08, 0xFF,
	0xFF, 0xFF, 0xFF, 0xFF, 0xC0, 0x0F, 0xFF, 0xFF, 0xFF, 0xFF, 0xFF, 0x40, 0x00, 0x00, 0x00, 0x00, 0x00, 0x08, 0xFF, 0xFF, 0xFF, 0xFF, 0xFF, 0xB0,
	0x0F, 0xFF, 0xFF, 0xFF, 0xFF, 0xFF, 0x40, 0x00, 0x00, 0x00, 0x00, 0x00, 0x08, 0xFF, 0xFF, 0xFF, 0xFF, 0xFF, 0xB0, 0x0F, 0xFF, 0xFF, 0xFF, 0xFF,
	0xFF, 0x40, 0x00, 0x00, 0x00, 0x00, 0x00, 0x08, 0xFF, 0xFF, 0xFF, 0xFF, 0xFF, 0xB0, 0x0E, 0xFF, 0xFF, 0xFF, 0xFF, 0xFF, 0x40, 0x00, 0x00, 0x00,
	0x00, 0x00, 0x08, 0xFF, 0xFF, 0xFF, 0xFF, 0xFF, 0xA0, 0x0B, 0xFF, 0xFF, 0xFF, 0xFF, 0xFF, 0x50, 0x00, 0x00, 0x00, 0x00, 0x00, 0x08, 0xFF, 0xFF,
	0xFF, 0xFF, 0xFF, 0x80, 0x0A, 0xFF, 0xFF, 0xFF, 0xFF, 0xFF, 0x80, 0x00, 0x00, 0x00, 0x00, 0x00, 0x0B, 0xFF, 0xFF, 0xFF, 0xFF, 0xFF, 0x70, 0x08,
	0xFF, 0xFF, 0xFF, 0xFF, 0xFF, 0x80, 0x00, 0x00, 0x00, 0x00, 0x00, 0x0C, 0xFF, 0xFF, 0xFF, 0xFF, 0xFF, 0x40, 0x04, 0xFF, 0xFF, 0xFF, 0xFF, 0xFF,
	0xB0, 0x00, 0x00, 0x00, 0x00, 0x00, 0x0F, 0xFF, 0xFF, 0xFF, 0xFF, 0xFF, 0x00, 0x00, 0xFF, 0xFF, 0xFF, 0xFF, 0xFF, 0xF0, 0x00, 0x00, 0x00, 0x00,
	0x00, 0x4F, 0xFF, 0xFF, 0xFF, 0xFF, 0xFB, 0x00, 0x00, 0xAF, 0xFF, 0xFF, 0xFF, 0xFF, 0xF4, 0x00, 0x00, 0x00, 0x00, 0x00, 0x8F, 0xFF, 0xFF, 0xFF,
	0xFF, 0xF7, 0x00, 0x00, 0x6F, 0xFF, 0xFF, 0xFF, 0xFF, 0xF9, 0x00, 0x00, 0x00, 0x00, 0x00, 0xDF, 0xFF, 0xFF, 0xFF, 0xFF, 0xF2, 0x00, 0x00, 0x1E,
	0xFF, 0xFF, 0xFF, 0xFF, 0xFF, 0x20, 0x00, 0x00, 0x00, 0x06, 0xFF, 0xFF, 0xFF, 0xFF, 0xFF, 0xB0, 0x00, 0x00, 0x09, 0xFF, 0xFF, 0xFF, 0xFF, 0xFF,
	0xC1, 0x00, 0x00, 0x00, 0x3E, 0xFF, 0xFF, 0xFF, 0xFF, 0xFF, 0x50, 0x00, 0x00, 0x01, 0xEF, 0xFF, 0xFF, 0xFF, 0xFF, 0xFC, 0x50, 0x00, 0x16, 0xEF,
	0xFF, 0xFF, 0xFF, 0xFF, 0xFB, 0x00, 0x00, 0x00, 0x00, 0x8F, 0xFF, 0xFF, 0xFF, 0xFF, 0xFF, 0xFF, 0xBC, 0xFF, 0xFF, 0xFF, 0xFF, 0xFF, 0xFF, 0xF3,
	0x00, 0x00, 0x00, 0x00, 0x0B, 0xFF, 0xFF, 0xFF, 0xFF, 0xFF, 0xFF, 0xFF, 0xFF, 0xFF, 0xFF, 0xFF, 0xFF, 0xFF, 0x80, 0x00, 0x00, 0x00, 0x00, 0x01,
	0xCF, 0xFF, 0xFF, 0xFF, 0xFF, 0xFF, 0xFF, 0xFF, 0xFF, 0xFF, 0xFF, 0xFF, 0xF9, 0x00, 0x00, 0x00, 0x00, 0x00, 0x00, 0x3C, 0xFF, 0xFF, 0xFF, 0xFF,
	0xFF, 0xFF, 0xFF, 0xFF, 0xFF, 0xFF, 0xFF, 0xA1, 0x00, 0x00, 0x00, 0x00, 0x00, 0x00, 0x01, 0xBF, 0xFF, 0xFF, 0xFF, 0xFF, 0xFF, 0xFF, 0xFF, 0xFF,
	0xFF, 0xF8, 0x00, 0x00, 0x00, 0x00, 0x00, 0x00, 0x00, 0x00, 0x07, 0xEF, 0xFF, 0xFF, 0xFF, 0xFF, 0xFF, 0xFF, 0xFF, 0xFD, 0x40, 0x00, 0x00, 0x00,
	0x00, 0x00, 0x00, 0x00, 0x00, 0x00, 0x17, 0xDF, 0xFF, 0xFF, 0xFF, 0xFF, 0xFF, 0xFB, 0x60, 0x00, 0x00, 0x00, 0x00, 0x00, 0x00, 0x00, 0x00, 0x00,
	0x00, 0x00, 0x02, 0x68, 0xBB, 0xBB, 0xBB, 0x85, 0x10, 0x00, 0x00, 0x00, 0x00, 0x00, 0x00, 0x00, 0x00, 0x00, 0x00, 0x47, 0x9B, 0xBB, 0xBB, 0xBB,
	0xBB, 0xB8, 0x00, 0x00, 0x00, 0x00, 0x00, 0x00, 0x03, 0x79, 0xCF, 0xFF, 0xFF, 0xFF, 0xFF, 0xFF, 0xFF, 0xFB, 0x00, 0x00, 0x00, 0x00, 0x00, 0x3B,
	0xFF, 0xFF, 0xFF, 0xFF, 0xFF, 0xFF, 0xFF, 0xFF, 0xFF, 0xFB, 0x00, 0x00, 0x00, 0x00, 0x00, 0x4F, 0xFF, 0xFF, 0xFF, 0xFF, 0xFF, 0xFF, 0xFF, 0xFF,
	0xFF, 0xFB, 0x00, 0x00, 0x00, 0x00, 0x00, 0x4F, 0xFF, 0xFF, 0xFF, 0xFF, 0xFF, 0xFF, 0xFF, 0xFF, 0xFF, 0xFB, 0x00, 0x00, 0x00, 0x00, 0x00, 0x4F,
	0xFF, 0xFF, 0xFF, 0xFF, 0xFF, 0xFF, 0xFF, 0xFF, 0xFF, 0xFB, 0x00, 0x00, 0x00, 0x00, 0x00, 0x4F, 0xFF, 0xFF, 0xFF, 0xFF, 0xFF, 0xFF, 0xFF, 0xFF,
	0xFF, 0xFB, 0x00, 0x00, 0x00, 0x00, 0x00, 0x4F, 0xFF, 0xFF, 0xFF, 0xFF, 0xFF, 0xFF, 0xFF, 0xFF, 0xFF, 0xFB, 0x00, 0x00, 0x00, 0x00, 0x00, 0x4F,
	0xFF, 0xFF, 0xDA, 0x74, 0x0F, 0xFF, 0xFF, 0xFF, 0xFF, 0xFB, 0x00, 0x00, 0x00, 0x00, 0x00, 0x4D, 0xA8, 0x41, 0x00, 0x00, 0x0F, 0xFF, 0xFF, 0xFF,
	0xFF, 0xFB, 0x00, 0x00, 0x00, 0x00, 0x00, 0x00, 0x00, 0x00, 0x00, 0x00, 0x0F, 0xFF, 0xFF, 0xFF, 0xFF, 0xFB, 0x00, 0x00, 0x00, 0x00, 0x00, 0x00,
	0x00, 0x00, 0x00, 0x00, 0x0F, 0xFF, 0xFF, 0xFF, 0xFF, 0xFB, 0x00, 0x00, 0x00, 0x00, 0x00, 0x00, 0x00, 0x00, 0x00, 0x00, 0x0F, 0xFF, 0xFF, 0xFF,
	0xFF, 0xFB, 0x00, 0x00, 0x00, 0x00, 0x00, 0x00, 0x00, 0x00, 0x00, 0x00, 0x0F, 0xFF, 0xFF, 0xFF, 0xFF, 0xFB, 0x00, 0x00, 0x00, 0x00, 0x00, 0x00,
	0x00, 0x00, 0x00, 0x00, 0x0F, 0xFF, 0xFF, 0xFF, 0xFF, 0xFB, 0x00, 0x00, 0x00, 0x00, 0x00, 0x00, 0x00, 0x00, 0x00, 0x00, 0x0F, 0xFF, 0xFF, 0xFF,
	0xFF, 0xFB, 0x00, 0x00, 0x00, 0x00, 0x00, 0x00, 0x00, 0x00, 0x00, 0x00, 0x0F, 0xFF, 0xFF, 0xFF, 0xFF, 0xFB, 0x00, 0x00, 0x00, 0x00, 0x00, 0x00,
	0x00, 0x00, 0x00, 0x00, 0x0F, 0xFF, 0xFF, 0xFF, 0xFF, 0xFB, 0x00, 0x00, 0x00, 0x00, 0x00, 0x00, 0x00, 0x00, 0x00, 0x00, 0x0F, 0xFF, 0xFF, 0xFF,
	0xFF, 0xFB, 0x00, 0x00, 0x00, 0x00, 0x00, 0x00, 0x00, 0x00, 0x00, 0x00, 0x0F, 0xFF, 0xFF, 0xFF, 0xFF, 0xFB, 0x00, 0x00, 0x00, 0x00, 0x00, 0x00,
	0x00, 0x00, 0x00, 0x00, 0x0F, 0xFF, 0xFF, 0xFF, 0xFF, 0xFB, 0x00, 0x00, 0x00, 0x00, 0x00, 0x00, 0x00, 0x00, 0x00, 0x00, 0x0F, 0xFF, 0xFF, 0xFF,
	0xFF, 0xFB, 0x00, 0x00, 0x00, 0x00, 0x00, 0x00, 0x00, 0x00, 0x00, 0x00, 0x0F, 0xFF, 0xFF, 0xFF, 0xFF, 0xFB, 0x00, 0x00, 0x00, 0x00, 0x00, 0x00,
	0x00, 0x00, 0x00, 0x00, 0x0F, 0xFF, 0xFF, 0xFF, 0xFF, 0xFB, 0x00, 0x00, 0x00, 0x00, 0x00, 0x00, 0x00, 0x00, 0x00, 0x00, 0x0F, 0xFF, 0xFF, 0xFF,
	0xFF, 0xFB, 0x00, 0x00, 0x00, 0x00, 0x00, 0x00, 0x00, 0x00, 0x00, 0x00, 0x0F, 0xFF, 0xFF, 0xFF, 0xFF, 0xFB, 0x00, 0x00, 0x00, 0x00, 0x00, 0x00,
	0x00, 0x00, 0x00, 0x00, 0x0F, 0xFF, 0xFF, 0xFF, 0xFF, 0xFB, 0x00, 0x00, 0x00, 0x00, 0x00, 0x00, 0x00, 0x00, 0x00, 0x00, 0x0F, 0xFF, 0xFF, 0xFF,
	0xFF, 0xFB, 0x00, 0x00, 0x00, 0x00, 0x00, 0x00, 0x00, 0x00, 0x00, 0x00, 0x0F, 0xFF, 0xFF, 0xFF, 0xFF, 0xFB, 0x00, 0x00, 0x00, 0x00, 0x00, 0x00,
	0x00, 0x00, 0x00, 0x00, 0x0F, 0xFF, 0xFF, 0xFF, 0xFF, 0xFB, 0x00, 0x00, 0x00, 0x00, 0x00, 0x00, 0x00, 0x00, 0x00, 0x00, 0x0F, 0xFF, 0xFF, 0xFF,
	0xFF, 0xFB, 0x00, 0x00, 0x00, 0x00, 0x00, 0x00, 0x00, 0x00, 0x00, 0x00, 0x0F, 0xFF, 0xFF, 0xFF, 0xFF, 0xFB, 0x00, 0x00, 0x00, 0x00, 0x00, 0x00,
	0x00, 0x00, 0x00, 0x00, 0x0F, 0xFF, 0xFF, 0xFF, 0xFF, 0xFB, 0x00, 0x00, 0x00, 0x00, 0x00, 0x00, 0x00, 0x00, 0x00, 0x00, 0x0F, 0xFF, 0xFF, 0xFF,
	0xFF, 0xFB, 0x00, 0x00, 0x00, 0x00, 0x00, 0x00, 0x00, 0x00, 0x00, 0x00, 0x0F, 0xFF, 0xFF, 0xFF, 0xFF, 0xFB, 0x00, 0x00, 0x00, 0x00, 0x00, 0x00,
	0x00, 0x00, 0x00, 0x00, 0x0F, 0xFF, 0xFF, 0xFF, 0xFF, 0xFB, 0x00, 0x00, 0x00, 0x00, 0x00, 0x0B, 0xBB, 0xBB, 0xBB, 0xBB, 0xBF, 0xFF, 0xFF, 0xFF,
	0xFF, 0xFE, 0xBB, 0xBB, 0xBB, 0xBB, 0xB6, 0x0F, 0xFF, 0xFF, 0xFF, 0xFF, 0xFF, 0xFF, 0xFF, 0xFF, 0xFF, 0xFF, 0xFF, 0xFF, 0xFF, 0xFF, 0xF8, 0x0F,
	0xFF, 0xFF, 0xFF, 0xFF, 0xFF, 0xFF, 0xFF, 0xFF, 0xFF, 0xFF, 0xFF, 0xFF, 0xFF, 0xFF, 0xF8, 0x0F, 0xFF, 0xFF, 0xFF, 0xFF, 0xFF, 0xFF, 0xFF, 0xFF,
	0xFF, 0xFF, 0xFF, 0xFF, 0xFF, 0xFF, 0xF8, 0x0F, 0xFF, 0xFF, 0xFF, 0xFF, 0xFF, 0xFF, 0xFF, 0xFF, 0xFF, 0xFF, 0xFF, 0xFF, 0xFF, 0xFF, 0xF8, 0x0F,
	0xFF, 0xFF, 0xFF, 0xFF, 0xFF, 0xFF, 0xFF, 0xFF, 0xFF, 0xFF, 0xFF, 0xFF, 0xFF, 0xFF, 0xF8, 0x0F, 0xFF, 0xFF, 0xFF, 0xFF, 0xFF, 0xFF, 0xFF, 0xFF,
	0xFF, 0xFF, 0xFF, 0xFF, 0xFF, 0xFF, 0xF8, 0x0F, 0xFF, 0xFF, 0xFF, 0xFF, 0xFF, 0xFF, 0xFF, 0xFF, 0xFF, 0xFF, 0xFF, 0xFF, 0xFF, 0xFF, 0xF8, 0x00,
	0x00, 0x00, 0x00, 0x00, 0x44, 0x78, 0x88, 0x88, 0x74, 0x20, 0x00, 0x00, 0x00, 0x00, 0x00, 0x00, 0x00, 0x00, 0x04, 0x8B, 0xDF, 0xFF, 0xFF, 0xFF,
	0xFF, 0xFF, 0xFE, 0xA6, 0x10, 0x00, 0x00, 0x00, 0x00, 0x02, 0x7B, 0xFF, 0xFF, 0xFF, 0xFF, 0xFF, 0xFF, 0xFF, 0xFF, 0xFF, 0xFF, 0xE8, 0x10, 0x00,
	0x00, 0x00, 0x4F, 0xFF, 0xFF, 0xFF, 0xFF, 0xFF, 0xFF, 0xFF, 0xFF, 0xFF, 0xFF, 0xFF, 0xFF, 0xE5, 0x00, 0x00, 0x00, 0x4F, 0xFF, 0xFF, 0xFF, 0xFF,
	0xFF, 0xFF, 0xFF, 0xFF, 0xFF, 0xFF, 0xFF, 0xFF, 0xFF, 0x80, 0x00, 0x00, 0x4F, 0xFF, 0xFF, 0xFF, 0xFF, 0xFF, 0xFF, 0xFF, 0xFF, 0xFF, 0xFF, 0xFF,
	0xFF, 0xFF, 0xF8, 0x00, 0x00, 0x4F, 0xFF, 0xFF, 0xFF, 0xFF, 0xFF, 0xFF, 0xFF, 0xFF, 0xFF, 0xFF, 0xFF, 0xFF, 0xFF, 0xFF, 0x40, 0x00, 0x4F, 0xFF,
	0xFF, 0xFF, 0xFF, 0xFF, 0xFF, 0xFF, 0xFF, 0xFF, 0xFF, 0xFF, 0xFF, 0xFF, 0xFF, 0xD0, 0x00, 0x4F, 0xFF, 0xFF, 0xFF, 0xFA, 0x84, 0x44, 0x46, 0xAF,
	0xFF, 0xFF, 0xFF, 0xFF, 0xFF, 0xFF, 0xF5, 0x00, 0x4F, 0xFF, 0xFF, 0xA6, 0x00, 0x00, 0x00, 0x00, 0x02, 0xCF, 0xFF, 0xFF, 0xFF, 0xFF, 0xFF, 0xFA,
	0x00, 0x4F, 0xFF, 0x92, 0x00, 0x00, 0x00, 0x00, 0x00, 0x00, 0x0A, 0xFF, 0xFF, 0xFF, 0xFF, 0xFF, 0xFE, 0x00, 0x4F, 0xA2, 0x00, 0x00, 0x00, 0x00,
	0x00, 0x00, 0x00, 0x01, 0xEF, 0xFF, 0xFF, 0xFF, 0xFF, 0xFF, 0x10, 0x34, 0x00, 0x00, 0x00, 0x00, 0x00, 0x00, 0x00, 0x00, 0x00, 0x8F, 0xFF, 0xFF,
	0xFF, 0xFF, 0xFF, 0x40, 0x00, 0x00, 0x00, 0x00, 0x00, 0x00, 0x00, 0x00, 0x00, 0x00, 0x4F, 0xFF, 0xFF, 0xFF, 0xFF, 0xFF, 0x40, 0x00, 0x00, 0x00,
	0x00, 0x00, 0x00, 0x00, 0x00, 0x00, 0x00, 0x1F, 0xFF, 0xFF, 0xFF, 0xFF, 0xFF, 0x40, 0x00, 0x00, 0x00, 0x00, 0x00, 0x00, 0x00, 0x00, 0x00, 0x00,
	0x2F, 0xFF, 0xFF, 0xFF, 0xFF, 0xFF, 0x10, 0x00, 0x00, 0x00, 0x00, 0x00, 0x00, 0x00, 0x00, 0x00, 0x00, 0x4F, 0xFF, 0xFF, 0xFF, 0xFF, 0xFD, 0x00,
	0x00, 0x00, 0x00, 0x00, 0x00, 0x00, 0x00, 0x00, 0x00, 0x00, 0x8F, 0xFF, 0xFF, 0xFF, 0xFF, 0xF9, 0x00, 0x00, 0x00, 0x00, 0x00, 0x00, 0x00, 0x00,
	0x00, 0x00, 0x01, 0xEF, 0xFF, 0xFF, 0xFF, 0xFF, 0xF4, 0x00, 0x00, 0x00, 0x00, 0x00, 0x00, 0x00, 0x00, 0x00, 0x00, 0x08, 0xFF, 0xFF, 0xFF, 0xFF,
	0xFF, 0xB0, 0x00, 0x00, 0x00, 0x00, 0x00, 0x00, 0x00, 0x00, 0x00, 0x00, 0x4F, 0xFF, 0xFF, 0xFF, 0xFF, 0xFF, 0x40, 0x00, 0x00, 0x00, 0x00, 0x00,
	0x00, 0x00, 0x00, 0x00, 0x03, 0xEF, 0xFF, 0xFF, 0xFF, 0xFF, 0xF8, 0x00, 0x00, 0x00, 0x00, 0x00, 0x00, 0x00, 0x00, 0x00, 0x00, 0x3E, 0xFF, 0xFF,
	0xFF, 0xFF, 0xFF, 0xA0, 0x00, 0x00, 0x00, 0x00, 0x00, 0x00, 0x00, 0x00, 0x00, 0x06, 0xEF, 0xFF, 0xFF, 0xFF, 0xFF, 0xFC, 0x10, 0x00, 0x00, 0x00,
	0x00, 0x00, 0x00, 0x00, 0x00, 0x00, 0x6F, 0xFF, 0xFF, 0xFF, 0xFF, 0xFF, 0xC1, 0x00, 0x00, 0x00, 0x00, 0x00, 0x00, 0x00, 0x00, 0x00, 0x09, 0xFF,
	0xFF, 0xFF, 0xFF, 0xFF, 0xFC, 0x10, 0x00, 0x00, 0x00, 0x00, 0x00, 0x00, 0x00, 0x00, 0x00, 0x9F, 0xFF, 0xFF, 0xFF, 0xFF, 0xFF, 0xC1, 0x00, 0x00,
	0x00, 0x00, 0x00, 0x00, 0x00, 0x00, 0x00, 0x1C, 0xFF, 0xFF, 0xFF, 0xFF, 0xFF, 0xFA, 0x10, 0x00, 0x00, 0x00, 0x00, 0x00, 0x00, 0x00, 0x00, 0x02,
	0xCF, 0xFF, 0xFF, 0xFF, 0xFF, 0xFF, 0x90, 0x00, 0x00, 0x00, 0x00, 0x00, 0x00, 0x00, 0x00, 0x00, 0x3E, 0xFF, 0xFF, 0xFF, 0xFF, 0xFF, 0xF8, 0x00,
	0x00, 0x00, 0x00, 0x00, 0x00, 0x00, 0x00, 0x00, 0x04, 0xEF, 0xFF, 0xFF, 0xFF, 0xFF, 0xFF, 0x60, 0x00, 0x00, 0x00, 0x00, 0x00, 0x00, 0x00, 0x00,
	0x00, 0x6F, 0xFF, 0xFF, 0xFF, 0xFF, 0xFF, 0xE4, 0x00, 0x00, 0x00, 0x00, 0x00, 0x00, 0x00, 0x00, 0x00, 0x08, 0xFF, 0xFF, 0xFF, 0xFF, 0xFF, 0xFE,
	0x30, 0x00, 0x00, 0x00, 0x00, 0x00, 0x00, 0x00, 0x00, 0x00, 0x9F, 0xFF, 0xFF, 0xFF, 0xFF, 0xFF, 0xC1, 0x00, 0x00, 0x00, 0x00, 0x00, 0x00, 0x00,
	0x00, 0x00, 0x1A, 0xFF, 0xFF, 0xFF, 0xFF, 0xFF, 0xFB, 0x10, 0x00, 0x00, 0x00, 0x00, 0x00, 0x00, 0x00, 0x00, 0x01, 0xCF, 0xFF, 0xFF, 0xFF, 0xFF,
	0xFF, 0x90, 0x00, 0x00, 0x00, 0x00, 0x00, 0x00, 0x00, 0x00, 0x00, 0x2D, 0xFF, 0xFF, 0xFF, 0xFF, 0xFF, 0xFC, 0x44, 0x44, 0x44, 0x44, 0x44, 0x44,
	0x44, 0x44, 0x44, 0x20, 0x4F, 0xFF, 0xFF, 0xFF, 0xFF, 0xFF, 0xFF, 0xFF, 0xFF, 0xFF, 0xFF, 0xFF, 0xFF, 0xFF, 0xFF, 0xFF, 0x80, 0x4F, 0xFF, 0xFF,
	0xFF, 0xFF, 0xFF, 0xFF, 0xFF, 0xFF, 0xFF, 0xFF, 0xFF, 0xFF, 0xFF, 0xFF, 0xFF, 0x80, 0x4F, 0xFF, 0xFF, 0xFF, 0xFF, 0xFF, 0xFF, 0xFF, 0xFF, 0xFF,
	0xFF, 0xFF, 0xFF, 0xFF, 0xFF, 0xFF, 0x80, 0x4F, 0xFF, 0xFF, 0xFF, 0xFF, 0xFF, 0xFF, 0xFF, 0xFF, 0xFF, 0xFF, 0xFF, 0xFF, 0xFF, 0xFF, 0xFF, 0x80,
	0x4F, 0xFF, 0xFF, 0xFF, 0xFF, 0xFF, 0xFF, 0xFF, 0xFF, 0xFF, 0xFF, 0xFF, 0xFF, 0xFF, 0xFF, 0xFF, 0x80, 0x4F, 0xFF, 0xFF, 0xFF, 0xFF, 0xFF, 0xFF,
	0xFF, 0xFF, 0xFF, 0xFF, 0xFF, 0xFF, 0xFF, 0xFF, 0xFF, 0x80, 0x4F, 0xFF, 0xFF, 0xFF, 0xFF, 0xFF, 0xFF, 0xFF, 0xFF, 0xFF, 0xFF, 0xFF, 0xFF, 0xFF,
	0xFF, 0xFF, 0x80, 0x4F, 0xFF, 0xFF, 0xFF, 0xFF, 0xFF, 0xFF, 0xFF, 0xFF, 0xFF, 0xFF, 0xFF, 0xFF, 0xFF, 0xFF, 0xFF, 0x80, 0x00, 0x00, 0x00, 0x00,
	0x04, 0x47, 0x88, 0x88, 0x88, 0x74, 0x30, 0x00, 0x00, 0x00, 0x00, 0x00, 0x00, 0x00, 0x01, 0x58, 0xBE, 0xFF, 0xFF, 0xFF, 0xFF, 0xFF, 0xFF, 0xFF,
	0xC8, 0x30, 0x00, 0x00, 0x00, 0x00, 0x00, 0xCF, 0xFF, 0xFF, 0xFF, 0xFF, 0xFF, 0xFF, 0xFF, 0xFF, 0xFF, 0xFF, 0xFD, 0x60, 0x00, 0x00, 0x00, 0x00,
	0xFF, 0xFF, 0xFF, 0xFF, 0xFF, 0xFF, 0xFF, 0xFF, 0xFF, 0xFF, 0xFF, 0xFF, 0xFC, 0x30, 0x00, 0x00, 0x00, 0xFF, 0xFF, 0xFF, 0xFF, 0xFF, 0xFF, 0xFF,
	0xFF, 0xFF, 0xFF, 0xFF, 0xFF, 0xFF, 0xE3, 0x00, 0x00, 0x00, 0xFF, 0xFF, 0xFF, 0xFF, 0xFF, 0xFF, 0xFF, 0xFF, 0xFF, 0xFF, 0xFF, 0xFF, 0xFF, 0xFE,
	0x20, 0x00, 0x00, 0xFF, 0xFF, 0xFF, 0xFF, 0xFF, 0xFF, 0xFF, 0xFF, 0xFF, 0xFF, 0xFF, 0xFF, 0xFF, 0xFF, 0xB0, 0x00, 0x00, 0xFF, 0xFF, 0xFF, 0xFF,
	0xFF, 0xFF, 0xFF, 0xFF, 0xFF, 0xFF, 0xFF, 0xFF, 0xFF, 0xFF, 0xF3, 0x00, 0x00, 0xFF, 0xFF, 0xFB, 0x87, 0x44, 0x44, 0x46, 0x9E, 0xFF, 0xFF, 0xFF,
	0xFF, 0xFF, 0xFF, 0xF8, 0x00, 0x00, 0xFE, 0x95, 0x00, 0x00, 0x00, 0x00, 0x00, 0x00, 0x8F, 0xFF, 0xFF, 0xFF, 0xFF, 0xFF, 0xFB, 0x00, 0x00, 0x60,
	0x00, 0x00, 0x00, 0x00, 0x00, 0x00, 0x00, 0x06, 0xFF, 0xFF, 0xFF, 0xFF, 0xFF, 0xFE, 0x00, 0x00, 0x00, 0x00, 0x00, 0x00, 0x00, 0x00, 0x00, 0x00,
	0x00, 0xBF, 0xFF, 0xFF, 0xFF, 0xFF, 0xFF, 0x00, 0x00, 0x00, 0x00, 0x00, 0x00, 0x00, 0x00, 0x00, 0x00, 0x00, 0x7F, 0xFF, 0xFF, 0xFF, 0xFF, 0xFF,
	0x00, 0x00, 0x00, 0x00, 0x00, 0x00, 0x00, 0x00, 0x00, 0x00, 0x00, 0x4F, 0xFF, 0xFF, 0xFF, 0xFF, 0xFB, 0x00, 0x00, 0x00, 0x00, 0x00, 0x00, 0x00,
	0x00, 0x00, 0x00, 0x00, 0x7F, 0xFF, 0xFF, 0xFF, 0xFF, 0xF9, 0x00, 0x00, 0x00, 0x00, 0x00, 0x00, 0x00, 0x00, 0x00, 0x00, 0x00, 0xBF, 0xFF, 0xFF,
	0xFF, 0xFF, 0xF5, 0x00, 0x00, 0x00, 0x00, 0x00, 0x00, 0x00, 0x00, 0x00, 0x00, 0x06, 0xFF, 0xFF, 0xFF, 0xFF, 0xFF, 0xD0, 0x00, 0x00, 0x00, 0x00,
	0x00, 0x00, 0x00, 0x00, 0x00, 0x00, 0x8F, 0xFF, 0xFF, 0xFF, 0xFF, 0xFF, 0x40, 0x00, 0x00, 0x00, 0x00, 0x02, 0x44, 0x44, 0x44, 0x47, 0x9E, 0xFF,
	0xFF, 0xFF, 0xFF, 0xFF, 0xF6, 0x00, 0x00, 0x00, 0x00, 0x00, 0x08, 0xFF, 0xFF, 0xFF, 0xFF, 0xFF, 0xFF, 0xFF, 0xFF, 0xFF, 0xFE, 0x50, 0x00, 0x00,
	0x00, 0x00, 0x00, 0x08, 0xFF, 0xFF, 0xFF, 0xFF, 0xFF, 0xFF, 0xFF, 0xFF, 0xFE, 0x81, 0x00, 0x00, 0x00, 0x00, 0x00, 0x00, 0x08, 0xFF, 0xFF, 0xFF,
	0xFF, 0xFF, 0xFF, 0xFF, 0xFF, 0xA2, 0x00, 0x00, 0x00, 0x00, 0x00, 0x00, 0x00, 0x08, 0xFF, 0xFF, 0xFF, 0xFF, 0xFF, 0xFF, 0xFF, 0xFF, 0xFF, 0xA4,
	0x00, 0x00, 0x00, 0x00, 0x00, 0x00, 0x08, 0xFF, 0xFF, 0xFF, 0xFF, 0xFF, 0xFF, 0xFF, 0xFF, 0xFF, 0xFF, 0x81, 0x00, 0x00, 0x00, 0x00, 0x00, 0x08,
	0xFF, 0xFF, 0xFF, 0xFF, 0xFF, 0xFF, 0xFF, 0xFF, 0xFF, 0xFF, 0xFC, 0x10, 0x00, 0x00, 0x00, 0x00, 0x08, 0xFF, 0xFF, 0xFF, 0xFF, 0xFF, 0xFF, 0xFF,
	0xFF, 0xFF, 0xFF, 0xFF, 0xB0, 0x00, 0x00, 0x00, 0x00, 0x00, 0x00, 0x00, 0x04, 0x46, 0x8D, 0xFF, 0xFF, 0xFF, 0xFF, 0xFF, 0xFF, 0xF7, 0x00, 0x00,
	0x00, 0x00, 0x00, 0x00, 0x00, 0x00, 0x00, 0x00, 0x4C, 0xFF, 0xFF, 0xFF, 0xFF, 0xFF, 0xFE, 0x10, 0x00, 0x00, 0x00, 0x00, 0x00, 0x00, 0x00, 0x00,
	0x00, 0x00, 0x9F, 0xFF, 0xFF, 0xFF, 0xFF, 0xFF, 0x60, 0x00, 0x00, 0x00, 0x00, 0x00, 0x00, 0x00, 0x00, 0x00, 0x00, 0x1E, 0xFF, 0xFF, 0xFF, 0xFF,
	0xFF, 0x90, 0x00, 0x00, 0x00, 0x00, 0x00, 0x00, 0x00, 0x00, 0x00, 0x00, 0x08, 0xFF, 0xFF, 0xFF, 0xFF, 0xFF, 0xB0, 0x00, 0x00, 0x00, 0x00, 0x00,
	0x00, 0x00, 0x00, 0x00, 0x00, 0x05, 0xFF, 0xFF, 0xFF, 0xFF, 0xFF, 0xF0, 0x00, 0x00, 0x00, 0x00, 0x00, 0x00, 0x00, 0x00, 0x00, 0x00, 0x04, 0xFF,
	0xFF, 0xFF, 0xFF, 0xFF, 0xF0, 0x00, 0x00, 0x00, 0x00, 0x00, 0x00, 0x00, 0x00, 0x00, 0x00, 0x08, 0xFF, 0xFF, 0xFF, 0xFF, 0xFF, 0xF0, 0x00, 0x00,
	0x00, 0x00, 0x00, 0x00, 0x00, 0x00, 0x00, 0x00, 0x0C, 0xFF, 0xFF, 0xFF, 0xFF, 0xFF, 0xC0, 0xB6, 0x00, 0x00, 0x00, 0x00, 0x00, 0x00, 0x00, 0x00,
	0x00, 0x7F, 0xFF, 0xFF, 0xFF, 0xFF, 0xFF, 0xA0, 0xFF, 0xD8, 0x20, 0x00, 0x00, 0x00, 0x00, 0x00, 0x00, 0x18, 0xFF, 0xFF, 0xFF, 0xFF, 0xFF, 0xFF,
	0x70, 0xFF, 0xFF, 0xFD, 0x86, 0x30, 0x00, 0x00, 0x00, 0x48, 0xEF, 0xFF, 0xFF, 0xFF, 0xFF, 0xFF, 0xFF, 0x10, 0xFF, 0xFF, 0xFF, 0xFF, 0xFF, 0xFB,
	0xBC, 0xFF, 0xFF, 0xFF, 0xFF, 0xFF, 0xFF, 0xFF, 0xFF, 0xF9, 0x00, 0xFF, 0xFF, 0xFF, 0xFF, 0xFF, 0xFF, 0xFF, 0xFF, 0xFF, 0xFF, 0xFF, 0xFF, 0xFF,
	0xFF, 0xFF, 0xE1, 0x00, 0xFF, 0xFF, 0xFF, 0xFF, 0xFF, 0xFF, 0xFF, 0xFF, 0xFF, 0xFF, 0xFF, 0xFF, 0xFF, 0xFF, 0xFE, 0x30, 0x00, 0xFF, 0xFF, 0xFF,
	0xFF, 0xFF, 0xFF, 0xFF, 0xFF, 0xFF, 0xFF, 0xFF, 0xFF, 0xFF, 0xFF, 0xE3, 0x00, 0x00, 0xFF, 0xFF, 0xFF, 0xFF, 0xFF, 0xFF, 0xFF, 0xFF, 0xFF, 0xFF,
	0xFF, 0xFF, 0xFF, 0xFB, 0x20, 0x00, 0x00, 0xDF, 0xFF, 0xFF, 0xFF, 0xFF, 0xFF, 0xFF, 0xFF, 0xFF, 0xFF, 0xFF, 0xFF, 0xFC, 0x60, 0x00, 0x00, 0x00,
	0x02, 0x7A, 0xDF, 0xFF, 0xFF, 0xFF, 0xFF, 0xFF, 0xFF, 0xFF, 0xFF, 0xC8, 0x30, 0x00, 0x00, 0x00, 0x00, 0x00, 0x00, 0x01, 0x47, 0x8A, 0xBB, 0xBB,
	0xBB, 0xBB, 0x88, 0x41, 0x00, 0x00, 0x00, 0x00, 0x00, 0x00, 0x00, 0x00, 0x00, 0x00, 0x00, 0x00, 0x00, 0x00, 0x01, 0xAB, 0xBB, 0xBB, 0xBB, 0xBB,
	0xBB, 0x80, 0x00, 0x00, 0x00, 0x00, 0x00, 0x00, 0x00, 0x00, 0x00, 0x00, 0x00, 0x08, 0xFF, 0xFF, 0xFF, 0xFF, 0xFF, 0xFF, 0xB0, 0x00, 0x00, 0x00,
	0x00, 0x00, 0x00, 0x00, 0x00, 0x00, 0x00, 0x00, 0x4F, 0xFF, 0xFF, 0xFF, 0xFF, 0xFF, 0xFF, 0xB0, 0x00, 0x00, 0x00, 0x00, 0x00, 0x00, 0x00, 0x00,
	0x00, 0x00, 0x01, 0xEF, 0xFF, 0xFF, 0xFF, 0xFF, 0xFF, 0xFF, 0xB0, 0x00, 0x00, 0x00, 0x00, 0x00, 0x00, 0x00, 0x00, 0x00, 0x00, 0x0A, 0xFF, 0xFF,
	0xFF, 0xFF, 0xFF, 0xFF, 0xFF, 0xB0, 0x00, 0x00, 0x00, 0x00, 0x00, 0x00, 0x00, 0x00, 0x00, 0x00, 0x5F, 0xFF, 0xFF, 0xFF, 0xFF, 0xFF, 0xFF, 0xFF,
	0xB0, 0x00, 0x00, 0x00, 0x00, 0x00, 0x00, 0x00, 0x00, 0x00, 0x01, 0xEF, 0xFF, 0xFF, 0xFF, 0xFF, 0xFF, 0xFF, 0xFF, 0xB0, 0x00, 0x00, 0x00, 0x00,
	0x00, 0x00, 0x00, 0x00, 0x00, 0x0A, 0xFF, 0xFF, 0xFF, 0xFF, 0xFF, 0xFF, 0xFF, 0xFF, 0xB0, 0x00, 0x00, 0x00, 0x00, 0x00, 0x00, 0x00, 0x00, 0x00,
	0x5F, 0xFF, 0xFF, 0xFF, 0xFF, 0xFF, 0xFF, 0xFF, 0xFF, 0xB0, 0x00, 0x00, 0x00, 0x00, 0x00, 0x00, 0x00, 0x00, 0x01, 0xEF, 0xFF, 0xFF, 0xFE, 0xFF,
	0xFF, 0xFF, 0xFF, 0xFF, 0xB0, 0x00, 0x00, 0x00, 0x00, 0x00, 0x00, 0x00, 0x00, 0x0A, 0xFF, 0xFF, 0xFF, 0xF7, 0xFF, 0xFF, 0xFF, 0xFF, 0xFF, 0xB0,
	0x00, 0x00, 0x00, 0x00, 0x00, 0x00, 0x00, 0x00, 0x5F, 0xFF, 0xFF, 0xFF, 0xB0, 0xFF, 0xFF, 0xFF, 0xFF, 0xFF, 0xB0, 0x00, 0x00, 0x00, 0x00, 0x00,
	0x00, 0x00, 0x01, 0xEF, 0xFF, 0xFF, 0xFE, 0x20, 0xFF, 0xFF, 0xFF, 0xFF, 0xFF, 0xB0, 0x00, 0x00, 0x00, 0x00, 0x00, 0x00, 0x00, 0x0A, 0xFF, 0xFF,
	0xFF, 0xF7, 0x00, 0xFF, 0xFF, 0xFF, 0xFF, 0xFF, 0xB0, 0x00, 0x00, 0x00, 0x00, 0x00, 0x00, 0x00, 0x5F, 0xFF, 0xFF, 0xFF, 0xB0, 0x00, 0xFF, 0xFF,
	0xFF, 0xFF, 0xFF, 0xB0, 0x00, 0x00, 0x00, 0x00, 0x00, 0x00, 0x01, 0xEF, 0xFF, 0xFF, 0xFE, 0x20, 0x00, 0xFF, 0xFF, 0xFF, 0xFF, 0xFF, 0xB0, 0x00,
	0x00, 0x00, 0x00, 0x00, 0x00, 0x0A, 0xFF, 0xFF, 0xFF, 0xF7, 0x00, 0x00, 0xFF, 0xFF, 0xFF, 0xFF, 0xFF, 0xB0, 0x00, 0x00, 0x00, 0x00, 0x00, 0x00,
	0x5F, 0xFF, 0xFF, 0xFF, 0xB0, 0x00, 0x00, 0xFF, 0xFF, 0xFF, 0xFF, 0xFF, 0xB0, 0x00, 0x00, 0x00, 0x00, 0x00, 0x01, 0xEF, 0xFF, 0xFF, 0xFE, 0x20,
	0x00, 0x00, 0xFF, 0xFF, 0xFF, 0xFF, 0xFF, 0xB0, 0x00, 0x00, 0x00, 0x00, 0x00, 0x0A, 0xFF, 0xFF, 0xFF, 0xF5, 0x00, 0x00, 0x00, 0xFF, 0xFF, 0xFF,
	0xFF, 0xFF, 0xB0, 0x00, 0x00, 0x00, 0x00, 0x00, 0x5F, 0xFF, 0xFF, 0xFF, 0xA0, 0x00, 0x00, 0x00, 0xFF, 0xFF, 0xFF, 0xFF, 0xFF, 0xB0, 0x00, 0x00,
	0x00, 0x00, 0x01, 0xEF, 0xFF, 0xFF, 0xFE, 0x10, 0x00, 0x00, 0x00, 0xFF, 0xFF, 0xFF, 0xFF, 0xFF, 0xB0, 0x00, 0x00, 0x00, 0x00, 0x0B, 0xFF, 0xFF,
	0xFF, 0xF5, 0x00, 0x00, 0x00, 0x00, 0xFF, 0xFF, 0xFF, 0xFF, 0xFF, 0xB0, 0x00, 0x00, 0x00, 0x00, 0x7F, 0xFF, 0xFF, 0xFF, 0xA0, 0x00, 0x00, 0x00,
	0x00, 0xFF, 0xFF, 0xFF, 0xFF, 0xFF, 0xB0, 0x00, 0x00, 0x00, 0x02, 0xEF, 0xFF, 0xFF, 0xFE, 0x10, 0x00, 0x00, 0x00, 0x00, 0xFF, 0xFF, 0xFF, 0xFF,
	0xFF, 0xB0, 0x00, 0x00, 0x00, 0x0B, 0xFF, 0xFF, 0xFF, 0xF5, 0x00, 0x00, 0x00, 0x00, 0x00, 0xFF, 0xFF, 0xFF, 0xFF, 0xFF, 0xB0, 0x00, 0x00, 0x00,
	0x4F, 0xFF, 0xFF, 0xFF, 0xA0, 0x00, 0x00, 0x00, 0x00, 0x00, 0xFF, 0xFF, 0xFF, 0xFF, 0xFF, 0xB0, 0x00, 0x00, 0x00, 0x4F, 0xFF, 0xFF, 0xFF, 0x54,
	0x44, 0x44, 0x44, 0x44, 0x44, 0xFF, 0xFF, 0xFF, 0xFF, 0xFF, 0xC4, 0x44, 0x44, 0x40, 0x4F, 0xFF, 0xFF, 0xFF, 0xFF, 0xFF, 0xFF, 0xFF, 0xFF, 0xFF,
	0xFF, 0xFF, 0xFF, 0xFF, 0xFF, 0xFF, 0xFF, 0xFF, 0xF0, 0x4F, 0xFF, 0xFF, 0xFF, 0xFF, 0xFF, 0xFF, 0xFF, 0xFF, 0xFF, 0xFF, 0xFF, 0xFF, 0xFF, 0xFF,
	0xFF, 0xFF, 0xFF, 0xF0, 0x4F, 0xFF, 0xFF, 0xFF, 0xFF, 0xFF, 0xFF, 0xFF, 0xFF, 0xFF, 0xFF, 0xFF, 0xFF, 0xFF, 0xFF, 0xFF, 0xFF, 0xFF, 0xF0, 0x4F,
	0xFF, 0xFF, 0xFF, 0xFF, 0xFF, 0xFF, 0xFF, 0xFF, 0xFF, 0xFF, 0xFF, 0xFF, 0xFF, 0xFF, 0xFF, 0xFF, 0xFF, 0xF0, 0x4F, 0xFF, 0xFF, 0xFF, 0xFF, 0xFF,
	0xFF, 0xFF, 0xFF, 0xFF, 0xFF, 0xFF, 0xFF, 0xFF, 0xFF, 0xFF, 0xFF, 0xFF, 0xF0, 0x4F, 0xFF, 0xFF, 0xFF, 0xFF, 0xFF, 0xFF, 0xFF, 0xFF, 0xFF, 0xFF,
	0xFF, 0xFF, 0xFF, 0xFF, 0xFF, 0xFF, 0xFF, 0xF0, 0x4F, 0xFF, 0xFF, 0xFF, 0xFF, 0xFF, 0xFF, 0xFF, 0xFF, 0xFF, 0xFF, 0xFF, 0xFF, 0xFF, 0xFF, 0xFF,
	0xFF, 0xFF, 0xF0, 0x4F, 0xFF, 0xFF, 0xFF, 0xFF, 0xFF, 0xFF, 0xFF, 0xFF, 0xFF, 0xFF, 0xFF, 0xFF, 0xFF, 0xFF, 0xFF, 0xFF, 0xFF, 0xF0, 0x00, 0x00,
	0x00, 0x00, 0x00, 0x00, 0x00, 0x00, 0x00, 0x00, 0xFF, 0xFF, 0xFF, 0xFF, 0xFF, 0xB0, 0x00, 0x00, 0x00, 0x00, 0x00, 0x00, 0x00, 0x00, 0x00, 0x00,
	0x00, 0x00, 0x00, 0xFF, 0xFF, 0xFF, 0xFF, 0xFF, 0xB0, 0x00, 0x00, 0x00, 0x00, 0x00, 0x00, 0x00, 0x00, 0x00, 0x00, 0x00, 0x00, 0x00, 0xFF, 0xFF,
	0xFF, 0xFF, 0xFF, 0xB0, 0x00, 0x00, 0x00, 0x00, 0x00, 0x00, 0x00, 0x00, 0x00, 0x00, 0x00, 0x00, 0x00, 0xFF, 0xFF, 0xFF, 0xFF, 0xFF, 0xB0, 0x00,
	0x00, 0x00, 0x00, 0x00, 0x00, 0x00, 0x00, 0x00, 0x00, 0x00, 0x00, 0x00, 0xFF, 0xFF, 0xFF, 0xFF, 0xFF, 0xB0, 0x00, 0x00, 0x00, 0x00, 0x00, 0x00,
	0x00, 0x00, 0x00, 0x00, 0x00, 0x00, 0x00, 0xFF, 0xFF, 0xFF, 0xFF, 0xFF, 0xB0, 0x00, 0x00, 0x00, 0x00, 0x00, 0x00, 0x00, 0x00, 0x00, 0x00, 0x00,
	0x00, 0x00, 0xFF, 0xFF, 0xFF, 0xFF, 0xFF, 0xB0, 0x00, 0x00, 0x00, 0x00, 0x00, 0x00, 0x00, 0x00, 0x00, 0x00, 0x00, 0x00, 0x00, 0xFF, 0xFF, 0xFF,
	0xFF, 0xFF, 0xB0, 0x00, 0x00, 0x00, 0x00, 0x8B, 0xBB, 0xBB, 0xBB, 0xBB, 0xBB, 0xBB, 0xBB, 0xBB, 0xBB, 0xBB, 0xBB, 0xBB, 0xBB, 0x60, 0x00, 0x00,
	0xBF, 0xFF, 0xFF, 0xFF, 0xFF, 0xFF, 0xFF, 0xFF, 0xFF, 0xFF, 0xFF, 0xFF, 0xFF, 0xFF, 0x80, 0x00, 0x00, 0xBF, 0xFF, 0xFF, 0xFF, 0xFF, 0xFF, 0xFF,
	0xFF, 0xFF, 0xFF, 0xFF, 0xFF, 0xFF, 0xFF, 0x80, 0x00, 0x00, 0xBF, 0xFF, 0xFF, 0xFF, 0xFF, 0xFF, 0xFF, 0xFF, 0xFF, 0xFF, 0xFF, 0xFF, 0xFF, 0xFF,
	0x80, 0x00, 0x00, 0xBF, 0xFF, 0xFF, 0xFF, 0xFF, 0xFF, 0xFF, 0xFF, 0xFF, 0xFF, 0xFF, 0xFF, 0xFF, 0xFF, 0x80, 0x00, 0x00, 0xBF, 0xFF, 0xFF, 0xFF,
	0xFF, 0xFF, 0xFF, 0xFF, 0xFF, 0xFF, 0xFF, 0xFF, 0xFF, 0xFF, 0x80, 0x00, 0x00, 0xBF, 0xFF, 0xFF, 0xFF, 0xFF, 0xFF, 0xFF, 0xFF, 0xFF, 0xFF, 0xFF,
	0xFF, 0xFF, 0xFF, 0x80, 0x00, 0x00, 0xBF, 0xFF, 0xFF, 0xFF, 0xFF, 0xFF, 0xFF, 0xFF, 0xFF, 0xFF, 0xFF, 0xFF, 0xFF, 0xFF, 0x80, 0x00, 0x00, 0xBF,
	0xFF, 0xFF, 0xFF, 0xF9, 0x88, 0x88, 0x88, 0x88, 0x88, 0x88, 0x88, 0x88, 0x88, 0x40, 0x00, 0x00, 0xBF, 0xFF, 0xFF, 0xFF, 0xF4, 0x00, 0x00, 0x00,
	0x00, 0x00, 0x00, 0x00, 0x00, 0x00, 0x00, 0x00, 0x00, 0xBF, 0xFF, 0xFF, 0xFF, 0xF4, 0x00, 0x00, 0x00, 0x00, 0x00, 0x00, 0x00, 0x00, 0x00, 0x00,
	0x00, 0x00, 0xBF, 0xFF, 0xFF, 0xFF, 0xF4, 0x00, 0x00, 0x00, 0x00, 0x00, 0x00, 0x00, 0x00, 0x00, 0x00, 0x00, 0x00, 0xBF, 0xFF, 0xFF, 0xFF, 0xF4,
	0x00, 0x00, 0x00, 0x00, 0x00, 0x00, 0x00, 0x00, 0x00, 0x00, 0x00, 0x00, 0xBF, 0xFF, 0xFF, 0xFF, 0xF4, 0x00, 0x00, 0x00, 0x00, 0x00, 0x00, 0x00,
	0x00, 0x00, 0x00, 0x00, 0x00, 0xBF, 0xFF, 0xFF, 0xFF, 0xF4, 0x03, 0x46, 0x87, 0x44, 0x30, 0x00, 0x00, 0x00, 0x00, 0x00, 0x00, 0x00, 0xBF, 0xFF,
	0xFF, 0xFF, 0xFC, 0xFF, 0xFF, 0xFF, 0xFF, 0xFF, 0xB7, 0x20, 0x00, 0x00, 0x00, 0x00, 0x00, 0xBF, 0xFF, 0xFF, 0xFF, 0xFF, 0xFF, 0xFF, 0xFF, 0xFF,
	0xFF, 0xFF, 0xFB, 0x40, 0x00, 0x00, 0x00, 0x00, 0xBF, 0xFF, 0xFF, 0xFF, 0xFF, 0xFF, 0xFF, 0xFF, 0xFF, 0xFF, 0xFF, 0xFF, 0xF9, 0x10, 0x00, 0x00,
	0x00, 0xBF, 0xFF, 0xFF, 0xFF, 0xFF, 0xFF, 0xFF, 0xFF, 0xFF, 0xFF, 0xFF, 0xFF, 0xFF, 0xC3, 0x00, 0x00, 0x00, 0xBF, 0xFF, 0xFF, 0xFF, 0xFF, 0xFF,
	0xFF, 0xFF, 0xFF, 0xFF, 0xFF, 0xFF, 0xFF, 0xFE, 0x20, 0x00, 0x00, 0xBF, 0xFF, 0xFF, 0xFF, 0xFF, 0xFF, 0xFF, 0xFF, 0xFF, 0xFF, 0xFF, 0xFF, 0xFF,
	0xFF, 0xC0, 0x00, 0x00, 0xBF, 0xFF, 0xFF, 0xFF, 0xFF, 0xFF, 0xFF, 0xFF, 0xFF, 0xFF, 0xFF, 0xFF, 0xFF, 0xFF, 0xF8, 0x00, 0x00, 0xBF, 0xFF, 0xFF,
	0xDA, 0x87, 0x44, 0x48, 0x9E, 0xFF, 0xFF, 0xFF, 0xFF, 0xFF, 0xFF, 0xFE, 0x10, 0x00, 0xBF, 0xFA, 0x62, 0x00, 0x00, 0x00, 0x00, 0x00, 0x6D, 0xFF,
	0xFF, 0xFF, 0xFF, 0xFF, 0xFF, 0x70, 0x00, 0x86, 0x10, 0x00, 0x00, 0x00, 0x00, 0x00, 0x00, 0x01, 0xCF, 0xFF, 0xFF, 0xFF, 0xFF, 0xFF, 0xC0, 0x00,
	0x00, 0x00, 0x00, 0x00, 0x00, 0x00, 0x00, 0x00, 0x00, 0x1E, 0xFF, 0xFF, 0xFF, 0xFF, 0xFF, 0xF1, 0x00, 0x00, 0x00, 0x00, 0x00, 0x00, 0x00, 0x00,
	0x00, 0x00, 0x06, 0xFF, 0xFF, 0xFF, 0xFF, 0xFF, 0xF4, 0x00, 0x00, 0x00, 0x00, 0x00, 0x00, 0x00, 0x00, 0x00, 0x00, 0x01, 0xFF, 0xFF, 0xFF, 0xFF,
	0xFF, 0xF8, 0x00, 0x00, 0x00, 0x00, 0x00, 0x00, 0x00, 0x00, 0x00, 0x00, 0x00, 0xBF, 0xFF, 0xFF, 0xFF, 0xFF, 0xF8, 0x00, 0x00, 0x00, 0x00, 0x00,
	0x00, 0x00, 0x00, 0x00, 0x00, 0x00, 0xBF, 0xFF, 0xFF, 0xFF, 0xFF, 0xF8, 0x00, 0x00, 0x00, 0x00, 0x00, 0x00, 0x00, 0x00, 0x00, 0x00, 0x00, 0xBF,
	0xFF, 0xFF, 0xFF, 0xFF, 0xF8, 0x00, 0x00, 0x00, 0x00, 0x00, 0x00, 0x00, 0x00, 0x00, 0x00, 0x00, 0xDF, 0xFF, 0xFF, 0xFF, 0xFF, 0xF8, 0x00, 0x00,
	0x00, 0x00, 0x00, 0x00, 0x00, 0x00, 0x00, 0x00, 0x03, 0xFF, 0xFF, 0xFF, 0xFF, 0xFF, 0xF5, 0x37, 0x00, 0x00, 0x00, 0x00, 0x00, 0x00, 0x00, 0x00,
	0x00, 0x0A, 0xFF, 0xFF, 0xFF, 0xFF, 0xFF, 0xF2, 0x4F, 0xD6, 0x10, 0x00, 0x00, 0x00, 0x00, 0x00, 0x00, 0x00, 0x6F, 0xFF, 0xFF, 0xFF, 0xFF, 0xFF,
	0xD0, 0x4F, 0xFF, 0xE8, 0x20, 0x00, 0x00, 0x00, 0x00, 0x00, 0x08, 0xFF, 0xFF, 0xFF, 0xFF, 0xFF, 0xFF, 0x80, 0x4F, 0xFF, 0xFF, 0xFC, 0x84, 0x10,
	0x00, 0x00, 0x37, 0xDF, 0xFF, 0xFF, 0xFF, 0xFF, 0xFF, 0xFF, 0x20, 0x4F, 0xFF, 0xFF, 0xFF, 0xFF, 0xFF, 0xCB, 0xCF, 0xFF, 0xFF, 0xFF, 0xFF, 0xFF,
	0xFF, 0xFF, 0xF8, 0x00, 0x4F, 0xFF, 0xFF, 0xFF, 0xFF, 0xFF, 0xFF, 0xFF, 0xFF, 0xFF, 0xFF, 0xFF, 0xFF, 0xFF, 0xFF, 0xD1, 0x00, 0x4F, 0xFF, 0xFF,
	0xFF, 0xFF, 0xFF, 0xFF, 0xFF, 0xFF, 0xFF, 0xFF, 0xFF, 0xFF, 0xFF, 0xFE, 0x30, 0x00, 0x4F, 0xFF, 0xFF, 0xFF, 0xFF, 0xFF, 0xFF, 0xFF, 0xFF, 0xFF,
	0xFF, 0xFF, 0xFF, 0xFF, 0xE3, 0x00, 0x00, 0x4F, 0xFF, 0xFF, 0xFF, 0xFF, 0xFF, 0xFF, 0xFF, 0xFF, 0xFF, 0xFF, 0xFF, 0xFF, 0xFB, 0x10, 0x00, 0x00,
	0x05, 0x9E, 0xFF, 0xFF, 0xFF, 0xFF, 0xFF, 0xFF, 0xFF, 0xFF, 0xFF, 0xFF, 0xFD, 0x50, 0x00, 0x00, 0x00, 0x00, 0x00, 0x58, 0xCF, 0xFF, 0xFF, 0xFF,
	0xFF, 0xFF, 0xFF, 0xFF, 0xE9, 0x50, 0x00, 0x00, 0x00, 0x00, 0x00, 0x00, 0x00, 0x01, 0x47, 0x8A, 0xBB, 0xBB, 0xBB, 0xB8, 0x73, 0x00, 0x00, 0x00,
	0x00, 0x00, 0x00, 0x00, 0x00, 0x00, 0x00, 0x00, 0x00, 0x00, 0x00, 0x04, 0x58, 0x88, 0x87, 0x44, 0x10, 0x00, 0x00, 0x00, 0x00, 0x00, 0x00, 0x00,
	0x00, 0x00, 0x00, 0x03, 0x8C, 0xFF, 0xFF, 0xFF, 0xFF, 0xFF, 0xFE, 0xB8, 0x40, 0x00, 0x00, 0x00, 0x00, 0x00, 0x00, 0x00, 0x06, 0xDF, 0xFF, 0xFF,
	0xFF, 0xFF, 0xFF, 0xFF, 0xFF, 0xFF, 0xFE, 0x80, 0x00, 0x00, 0x00, 0x00, 0x00, 0x03, 0xCF, 0xFF, 0xFF, 0xFF, 0xFF, 0xFF, 0xFF, 0xFF, 0xFF, 0xFF,
	0xFF, 0xB0, 0x00, 0x00, 0x00, 0x00, 0x00, 0x7F, 0xFF, 0xFF, 0xFF, 0xFF, 0xFF, 0xFF, 0xFF, 0xFF, 0xFF, 0xFF, 0xFF, 0xB0, 0x00, 0x00, 0x00, 0x00,
	0x09, 0xFF, 0xFF, 0xFF, 0xFF, 0xFF, 0xFF, 0xFF, 0xFF, 0xFF, 0xFF, 0xFF, 0xFF, 0xB0, 0x00, 0x00, 0x00, 0x00, 0x9F, 0xFF, 0xFF, 0xFF, 0xFF, 0xFF,
	0xFF, 0xFF, 0xFF, 0xFF, 0xFF, 0xFF, 0xFF, 0xB0, 0x00, 0x00, 0x00, 0x07, 0xFF, 0xFF, 0xFF, 0xFF, 0xFF, 0xFF, 0xFF, 0xFF, 0xFF, 0xFF, 0xFF, 0xFF,
	0xFF, 0xB0, 0x00, 0x00, 0x00, 0x3F, 0xFF, 0xFF, 0xFF, 0xFF, 0xFF, 0xFD, 0x84, 0x00, 0x00, 0x03, 0x58, 0xDF, 0xFF, 0xB0, 0x00, 0x00, 0x00, 0xCF,
	0xFF, 0xFF, 0xFF, 0xFF, 0xFE, 0x60, 0x00, 0x00, 0x00, 0x00, 0x00, 0x03, 0x8E, 0xB0, 0x00, 0x00, 0x06, 0xFF, 0xFF, 0xFF, 0xFF, 0xFF, 0xC3, 0x00,
	0x00, 0x00, 0x00, 0x00, 0x00, 0x00, 0x01, 0x40, 0x00, 0x00, 0x0D, 0xFF, 0xFF, 0xFF, 0xFF, 0xFE, 0x30, 0x00, 0x00, 0x00, 0x00, 0x00, 0x00, 0x00,
	0x00, 0x00, 0x00, 0x00, 0x5F, 0xFF, 0xFF, 0xFF, 0xFF, 0xF6, 0x00, 0x00, 0x00, 0x00, 0x00, 0x00, 0x00, 0x00, 0x00, 0x00, 0x00, 0x00, 0xAF, 0xFF,
	0xFF, 0xFF, 0xFF, 0xD0, 0x00, 0x00, 0x00, 0x00, 0x00, 0x00, 0x00, 0x00, 0x00, 0x00, 0x00, 0x01, 0xFF, 0xFF, 0xFF, 0xFF, 0xFF, 0x60, 0x00, 0x00,
	0x00, 0x00, 0x00, 0x00, 0x00, 0x00, 0x00, 0x00, 0x00, 0x05, 0xFF, 0xFF, 0xFF, 0xFF, 0xFF, 0x20, 0x00, 0x00, 0x00, 0x00, 0x00, 0x00, 0x00, 0x00,
	0x00, 0x00, 0x00, 0x08, 0xFF, 0xFF, 0xFF, 0xFF, 0xFC, 0x00, 0x02, 0x68, 0xBB, 0xBB, 0xBA, 0x83, 0x00, 0x00, 0x00, 0x00, 0x00, 0x0B, 0xFF, 0xFF,
	0xFF, 0xFF, 0xFA, 0x04, 0xAF, 0xFF, 0xFF, 0xFF, 0xFF, 0xFF, 0xE8, 0x10, 0x00, 0x00, 0x00, 0x0E, 0xFF, 0xFF, 0xFF, 0xFF, 0xF8, 0xAF, 0xFF, 0xFF,
	0xFF, 0xFF, 0xFF, 0xFF, 0xFF, 0xE7, 0x00, 0x00, 0x00, 0x0F, 0xFF, 0xFF, 0xFF, 0xFF, 0xFF, 0xFF, 0xFF, 0xFF, 0xFF, 0xFF, 0xFF, 0xFF, 0xFF, 0xFF,
	0xA1, 0x00, 0x00, 0x2F, 0xFF, 0xFF, 0xFF, 0xFF, 0xFF, 0xFF, 0xFF, 0xFF, 0xFF, 0xFF, 0xFF, 0xFF, 0xFF, 0xFF, 0xFC, 0x10, 0x00, 0x4F, 0xFF, 0xFF,
	0xFF, 0xFF, 0xFF, 0xFF, 0xFF, 0xFF, 0xFF, 0xFF, 0xFF, 0xFF, 0xFF, 0xFF, 0xFF, 0xA0, 0x00, 0x4F, 0xFF, 0xFF, 0xFF, 0xFF, 0xFF, 0xFF, 0xFF, 0xFF,
	0xFF, 0xFF, 0xFF, 0xFF, 0xFF, 0xFF, 0xFF, 0xF7, 0x00, 0x4F, 0xFF, 0xFF, 0xFF, 0xFF, 0xFF, 0xFF, 0xFF, 0xC8, 0x88, 0x9E, 0xFF, 0xFF, 0xFF, 0xFF,
	0xFF, 0xFE, 0x10, 0x4F, 0xFF, 0xFF, 0xFF, 0xFF, 0xFF, 0xFF, 0xE4, 0x00, 0x00, 0x01, 0x9F, 0xFF, 0xFF, 0xFF, 0xFF, 0xFF, 0x70, 0x4F, 0xFF, 0xFF,
	0xFF, 0xFF, 0xFF, 0xFF, 0x30, 0x00, 0x00, 0x00, 0x0A, 0xFF, 0xFF, 0xFF, 0xFF, 0xFF, 0xC0, 0x4F, 0xFF, 0xFF, 0xFF, 0xFF, 0xFF, 0xF9, 0x00, 0x00,
	0x00, 0x00, 0x02, 0xFF, 0xFF, 0xFF, 0xFF, 0xFF, 0xF1, 0x1F, 0xFF, 0xFF, 0xFF, 0xFF, 0xFF, 0xF4, 0x00, 0x00, 0x00, 0x00, 0x00, 0xCF, 0xFF, 0xFF,
	0xFF, 0xFF, 0xF4, 0x0F, 0xFF, 0xFF, 0xFF, 0xFF, 0xFF, 0xF0, 0x00, 0x00, 0x00, 0x00, 0x00, 0x8F, 0xFF, 0xFF, 0xFF, 0xFF, 0xF7, 0x0D, 0xFF, 0xFF,
	0xFF, 0xFF, 0xFF, 0xD0, 0x00, 0x00, 0x00, 0x00, 0x00, 0x8F, 0xFF, 0xFF, 0xFF, 0xFF, 0xF8, 0x0B, 0xFF, 0xFF, 0xFF, 0xFF, 0xFF, 0xB0, 0x00, 0x00,
	0x00, 0x00, 0x00, 0x4F, 0xFF, 0xFF, 0xFF, 0xFF, 0xF8, 0x08, 0xFF, 0xFF, 0xFF, 0xFF, 0xFF, 0xB0, 0x00, 0x00, 0x00, 0x00, 0x00, 0x4F, 0xFF, 0xFF,
	0xFF, 0xFF, 0xF8, 0x04, 0xFF, 0xFF, 0xFF, 0xFF, 0xFF, 0xC0, 0x00, 0x00, 0x00, 0x00, 0x00, 0x8F, 0xFF, 0xFF, 0xFF, 0xFF, 0xF7, 0x00, 0xEF, 0xFF,
	0xFF, 0xFF, 0xFF, 0xF0, 0x00, 0x00, 0x00, 0x00, 0x00, 0x8F, 0xFF, 0xFF, 0xFF, 0xFF, 0xF4, 0x00, 0x9F, 0xFF, 0xFF, 0xFF, 0xFF, 0xF3, 0x00, 0x00,
	0x00, 0x00, 0x00, 0xBF, 0xFF, 0xFF, 0xFF, 0xFF, 0xF1, 0x00, 0x4F, 0xFF, 0xFF, 0xFF, 0xFF, 0xF8, 0x00, 0x00, 0x00, 0x00, 0x01, 0xFF, 0xFF, 0xFF,
	0xFF, 0xFF, 0xC0, 0x00, 0x0D, 0xFF, 0xFF, 0xFF, 0xFF, 0xFE, 0x10, 0x00, 0x00, 0x00, 0x08, 0xFF, 0xFF, 0xFF, 0xFF, 0xFF, 0x70, 0x00, 0x05, 0xFF,
	0xFF, 0xFF, 0xFF, 0xFF, 0xC2, 0x00, 0x00, 0x00, 0x7F, 0xFF, 0xFF, 0xFF, 0xFF, 0xFE, 0x10, 0x00, 0x00, 0xBF, 0xFF, 0xFF, 0xFF, 0xFF, 0xFE, 0x95,
	0x44, 0x7C, 0xFF, 0xFF, 0xFF, 0xFF, 0xFF, 0xF7, 0x00, 0x00, 0x00, 0x2E, 0xFF, 0xFF, 0xFF, 0xFF, 0xFF, 0xFF, 0xFF, 0xFF, 0xFF, 0xFF, 0xFF, 0xFF,
	0xFF, 0xC0, 0x00, 0x00, 0x00, 0x03, 0xFF, 0xFF, 0xFF, 0xFF, 0xFF, 0xFF, 0xFF, 0xFF, 0xFF, 0xFF, 0xFF, 0xFF, 0xFE, 0x10, 0x00, 0x00, 0x00, 0x00,
	0x6F, 0xFF, 0xFF, 0xFF, 0xFF, 0xFF, 0xFF, 0xFF, 0xFF, 0xFF, 0xFF, 0xFF, 0xD3, 0x00, 0x00, 0x00, 0x00, 0x00, 0x03, 0xEF, 0xFF, 0xFF, 0xFF, 0xFF,
	0xFF, 0xFF, 0xFF, 0xFF, 0xFF, 0xFB, 0x10, 0x00, 0x00, 0x00, 0x00, 0x00, 0x00, 0x19, 0xFF, 0xFF, 0xFF, 0xFF, 0xFF, 0xFF, 0xFF, 0xFF, 0xFE, 0x70,
	0x00, 0x00, 0x00, 0x00, 0x00, 0x00, 0x00, 0x00, 0x29, 0xEF, 0xFF, 0xFF, 0xFF, 0xFF, 0xFF, 0xFC, 0x61, 0x00, 0x00, 0x00, 0x00, 0x00, 0x00, 0x00,
	0x00, 0x00, 0x00, 0x04, 0x89, 0xBB, 0xBB, 0xBB, 0x85, 0x20, 0x00, 0x00, 0x00, 0x00, 0x00, 0xBB, 0xBB, 0xBB, 0xBB, 0xBB, 0xBB, 0xBB, 0xBB, 0xBB,
	0xBB, 0xBB, 0xBB, 0xBB, 0xBB, 0xBB, 0xBB, 0xB0, 0xFF, 0xFF, 0xFF, 0xFF, 0xFF, 0xFF, 0xFF, 0xFF, 0xFF, 0xFF, 0xFF, 0xFF, 0xFF, 0xFF, 0xFF, 0xFF,
	0xF0, 0xFF, 0xFF, 0xFF, 0xFF, 0xFF, 0xFF, 0xFF, 0xFF, 0xFF, 0xFF, 0xFF, 0xFF, 0xFF, 0xFF, 0xFF, 0xFF, 0xF0, 0xFF, 0xFF, 0xFF, 0xFF, 0xFF, 0xFF,
	0xFF, 0xFF, 0xFF, 0xFF, 0xFF, 0xFF, 0xFF, 0xFF, 0xFF, 0xFF, 0xF0, 0xFF, 0xFF, 0xFF, 0xFF, 0xFF, 0xFF, 0xFF, 0xFF, 0xFF, 0xFF, 0xFF, 0xFF, 0xFF,
	0xFF, 0xFF, 0xFF, 0xF0, 0xFF, 0xFF, 0xFF, 0xFF, 0xFF, 0xFF, 0xFF, 0xFF, 0xFF, 0xFF, 0xFF, 0xFF, 0xFF, 0xFF, 0xFF, 0xFF, 0xF0, 0xFF, 0xFF, 0xFF,
	0xFF, 0xFF, 0xFF, 0xFF, 0xFF, 0xFF, 0xFF, 0xFF, 0xFF, 0xFF, 0xFF, 0xFF, 0xFF, 0xE0, 0xFF, 0xFF, 0xFF, 0xFF, 0xFF, 0xFF, 0xFF, 0xFF, 0xFF, 0xFF,
	0xFF, 0xFF, 0xFF, 0xFF, 0xFF, 0xFF, 0x90, 0x88, 0x88, 0x88, 0x88, 0x88, 0x88, 0x88, 0x88, 0x88, 0x88, 0x8F, 0xFF, 0xFF, 0xFF, 0xFF, 0xFF, 0x20,
	0x00, 0x00, 0x00, 0x00, 0x00, 0x00, 0x00, 0x00, 0x00, 0x00, 0x6F, 0xFF, 0xFF, 0xFF, 0xFF, 0xF9, 0x00, 0x00, 0x00, 0x00, 0x00, 0x00, 0x00, 0x00,
	0x00, 0x00, 0x00, 0xCF, 0xFF, 0xFF, 0xFF, 0xFF, 0xF3, 0x00, 0x00, 0x00, 0x00, 0x00, 0x00, 0x00, 0x00, 0x00, 0x00, 0x04, 0xFF, 0xFF, 0xFF, 0xFF,
	0xFF, 0xB0, 0x00, 0x00, 0x00, 0x00, 0x00, 0x00, 0x00, 0x00, 0x00, 0x00, 0x0B, 0xFF, 0xFF, 0xFF, 0xFF, 0xFF, 0x40, 0x00, 0x00, 0x00, 0x00, 0x00,
	0x00, 0x00, 0x00, 0x00, 0x00, 0x2F, 0xFF, 0xFF, 0xFF, 0xFF, 0xFD, 0x00, 0x00, 0x00, 0x00, 0x00, 0x00, 0x00, 0x00, 0x00, 0x00, 0x00, 0x9F, 0xFF,
	0xFF, 0xFF, 0xFF, 0xF6, 0x00, 0x00, 0x00, 0x00, 0x00, 0x00, 0x00, 0x00, 0x00, 0x00, 0x02, 0xFF, 0xFF, 0xFF, 0xFF, 0xFF, 0xD0, 0x00, 0x00, 0x00,
	0x00, 0x00, 0x00, 0x00, 0x00, 0x00, 0x00, 0x08, 0xFF, 0xFF, 0xFF, 0xFF, 0xFF, 0x80, 0x00, 0x00, 0x00, 0x00, 0x00, 0x00, 0x00, 0x00, 0x00, 0x00,
	0x1E, 0xFF, 0xFF, 0xFF, 0xFF, 0xFE, 0x10, 0x00, 0x00, 0x00, 0x00, 0x00, 0x00, 0x00, 0x00, 0x00, 0x00, 0x7F, 0xFF, 0xFF, 0xFF, 0xFF, 0xF8, 0x00,
	0x00, 0x00, 0x00, 0x00, 0x00, 0x00, 0x00, 0x00, 0x00, 0x00, 0xDF, 0xFF, 0xFF, 0xFF, 0xFF, 0xF2, 0x00, 0x00, 0x00, 0x00, 0x00, 0x00, 0x00, 0x00,
	0x00, 0x00, 0x06, 0xFF, 0xFF, 0xFF, 0xFF, 0xFF, 0x90, 0x00, 0x00, 0x00, 0x00, 0x00, 0x00, 0x00, 0x00, 0x00, 0x00, 0x0D, 0xFF, 0xFF, 0xFF, 0xFF,
	0xFF, 0x30, 0x00, 0x00, 0x00, 0x00, 0x00, 0x00, 0x00, 0x00, 0x00, 0x00, 0x4F, 0xFF, 0xFF, 0xFF, 0xFF, 0xFB, 0x00, 0x00, 0x00, 0x00, 0x00, 0x00,
	0x00, 0x00, 0x00, 0x00, 0x00, 0xBF, 0xFF, 0xFF, 0xFF, 0xFF, 0xF4, 0x00, 0x00, 0x00, 0x00, 0x00, 0x00, 0x00, 0x00, 0x00, 0x00, 0x03, 0xFF, 0xFF,
	0xFF, 0xFF, 0xFF, 0xC0, 0x00, 0x00, 0x00, 0x00, 0x00, 0x00, 0x00, 0x00, 0x00, 0x00, 0x09, 0xFF, 0xFF, 0xFF, 0xFF, 0xFF, 0x60, 0x00, 0x00, 0x00,
	0x00, 0x00, 0x00, 0x00, 0x00, 0x00, 0x00, 0x2F, 0xFF, 0xFF, 0xFF, 0xFF, 0xFD, 0x00, 0x00, 0x00, 0x00, 0x00, 0x00, 0x00, 0x00, 0x00, 0x00, 0x00,
	0x8F, 0xFF, 0xFF, 0xFF, 0xFF, 0xF7, 0x00, 0x00, 0x00, 0x00, 0x00, 0x00, 0x00, 0x00, 0x00, 0x00, 0x01, 0xEF, 0xFF, 0xFF, 0xFF, 0xFF, 0xE1, 0x00,
	0x00, 0x00, 0x00, 0x00, 0x00, 0x00, 0x00, 0x00, 0x00, 0x08, 0xFF, 0xFF, 0xFF, 0xFF, 0xFF, 0x80, 0x00, 0x00, 0x00, 0x00, 0x00, 0x00, 0x00, 0x00,
	0x00, 0x00, 0x0D, 0xFF, 0xFF, 0xFF, 0xFF, 0xFF, 0x20, 0x00, 0x00, 0x00, 0x00, 0x00, 0x00, 0x00, 0x00, 0x00, 0x00, 0x6F, 0xFF, 0xFF, 0xFF, 0xFF,
	0xF9, 0x00, 0x00, 0x00, 0x00, 0x00, 0x00, 0x00, 0x00, 0x00, 0x00, 0x00, 0xDF, 0xFF, 0xFF, 0xFF, 0xFF, 0xF2, 0x00, 0x00, 0x00, 0x00, 0x00, 0x00,
	0x00, 0x00, 0x00, 0x00, 0x04, 0xFF, 0xFF, 0xFF, 0xFF, 0xFF, 0xB0, 0x00, 0x00, 0x00, 0x00, 0x00, 0x00, 0x00, 0x00, 0x00, 0x00, 0x0B, 0xFF, 0xFF,
	0xFF, 0xFF, 0xFF, 0x40, 0x00, 0x00, 0x00, 0x00, 0x00, 0x00, 0x00, 0x00, 0x00, 0x00, 0x3F, 0xFF, 0xFF, 0xFF, 0xFF, 0xFC, 0x00, 0x00, 0x00, 0x00,
	0x00, 0x00, 0x00, 0x00, 0x00, 0x00, 0x00, 0x9F, 0xFF, 0xFF, 0xFF, 0xFF, 0xF6, 0x00, 0x00, 0x00, 0x00, 0x00, 0x00, 0x00, 0x00, 0x00, 0x00, 0x02,
	0xFF, 0xFF, 0xFF, 0xFF, 0xFF, 0xD0, 0x00, 0x00, 0x00, 0x00, 0x00, 0x00, 0x00, 0x00, 0x00, 0x00, 0x08, 0xFF, 0xFF, 0xFF, 0xFF, 0xFF, 0x60, 0x00,
	0x00, 0x00, 0x00, 0x00, 0x00, 0x00, 0x00, 0x00, 0x00, 0x1E, 0xFF, 0xFF, 0xFF, 0xFF, 0xFE, 0x10, 0x00, 0x00, 0x00, 0x00, 0x00, 0x00, 0x00, 0x00,
	0x00, 0x00, 0x8F, 0xFF, 0xFF, 0xFF, 0xFF, 0xF8, 0x00, 0x00, 0x00, 0x00, 0x00, 0x00, 0x00, 0x00, 0x00, 0x00, 0x00, 0xDF, 0xFF, 0xFF, 0xFF, 0xFF,
	0xF1, 0x00, 0x00, 0x00, 0x00, 0x00, 0x00, 0x00, 0x00, 0x00, 0x00, 0x06, 0xFF, 0xFF, 0xFF, 0xFF, 0xFF, 0x90, 0x00, 0x00, 0x00, 0x00, 0x00, 0x00,
	0x00, 0x00, 0x00, 0x00, 0x0D, 0xFF, 0xFF, 0xFF, 0xFF, 0xFF, 0x20, 0x00, 0x00, 0x00, 0x00, 0x00, 0x00, 0x00, 0x00, 0x00, 0x00, 0x00, 0x00, 0x00,
	0x00, 0x24, 0x68, 0x88, 0x88, 0x85, 0x41, 0x00, 0x00, 0x00, 0x00, 0x00, 0x00, 0x00, 0x00, 0x00, 0x00, 0x17, 0xAE, 0xFF, 0xFF, 0xFF, 0xFF, 0xFF,
	0xFF, 0xD9, 0x60, 0x00, 0x00, 0x00, 0x00, 0x00, 0x00, 0x00, 0x29, 0xFF, 0xFF, 0xFF, 0xFF, 0xFF, 0xFF, 0xFF, 0xFF, 0xFF, 0xFE, 0x81, 0x00, 0x00,
	0x00, 0x00, 0x00, 0x07, 0xEF, 0xFF, 0xFF, 0xFF, 0xFF, 0xFF, 0xFF, 0xFF, 0xFF, 0xFF, 0xFF, 0xFD, 0x30, 0x00, 0x00, 0x00, 0x00, 0x9F, 0xFF, 0xFF,
	0xFF, 0xFF, 0xFF, 0xFF, 0xFF, 0xFF, 0xFF, 0xFF, 0xFF, 0xFF, 0xF6, 0x00, 0x00, 0x00, 0x07, 0xFF, 0xFF, 0xFF, 0xFF, 0xFF, 0xFF, 0xFF, 0xFF, 0xFF,
	0xFF, 0xFF, 0xFF, 0xFF, 0xFF, 0x30, 0x00, 0x00, 0x2F, 0xFF, 0xFF, 0xFF, 0xFF, 0xFF, 0xFF, 0xFF, 0xFF, 0xFF, 0xFF, 0xFF, 0xFF, 0xFF, 0xFF, 0xC0,
	0x00, 0x00, 0x9F, 0xFF, 0xFF, 0xFF, 0xFF, 0xFF, 0xFE, 0xA8, 0x8B, 0xFF, 0xFF, 0xFF, 0xFF, 0xFF, 0xFF, 0xF5, 0x00, 0x00, 0xEF, 0xFF, 0xFF, 0xFF,
	0xFF, 0xFE, 0x70, 0x00, 0x00, 0x19, 0xFF, 0xFF, 0xFF, 0xFF, 0xFF, 0xF9, 0x00, 0x03, 0xFF, 0xFF, 0xFF, 0xFF, 0xFF, 0xF4, 0x00, 0x00, 0x00, 0x00,
	0x9F, 0xFF, 0xFF, 0xFF, 0xFF, 0xFD, 0x00, 0x04, 0xFF, 0xFF, 0xFF, 0xFF, 0xFF, 0xB0, 0x00, 0x00, 0x00, 0x00, 0x1F, 0xFF, 0xFF, 0xFF, 0xFF, 0xFF,
	0x00, 0x04, 0xFF, 0xFF, 0xFF, 0xFF, 0xFF, 0x70, 0x00, 0x00, 0x00, 0x00, 0x0B, 0xFF, 0xFF, 0xFF, 0xFF, 0xFF, 0x00, 0x04, 0xFF, 0xFF, 0xFF, 0xFF,
	0xFF, 0x40, 0x00, 0x00, 0x00, 0x00, 0x08, 0xFF, 0xFF, 0xFF, 0xFF, 0xFF, 0x00, 0x04, 0xFF, 0xFF, 0xFF, 0xFF, 0xFF, 0x40, 0x00, 0x00, 0x00, 0x00,
	0x09, 0xFF, 0xFF, 0xFF, 0xFF, 0xFF, 0x00, 0x01, 0xFF, 0xFF, 0xFF, 0xFF, 0xFF, 0x80, 0x00, 0x00, 0x00, 0x00, 0x0B, 0xFF, 0xFF, 0xFF, 0xFF, 0xFB,
	0x00, 0x00, 0xBF, 0xFF, 0xFF, 0xFF, 0xFF, 0xB0, 0x00, 0x00, 0x00, 0x00, 0x1F, 0xFF, 0xFF, 0xFF, 0xFF, 0xF7, 0x00, 0x00, 0x6F, 0xFF, 0xFF, 0xFF,
	0xFF, 0xF6, 0x00, 0x00, 0x00, 0x00, 0xAF, 0xFF, 0xFF, 0xFF, 0xFF, 0xE1, 0x00, 0x00, 0x0B, 0xFF, 0xFF, 0xFF, 0xFF, 0xFF, 0x81, 0x00, 0x00, 0x2A,
	0xFF, 0xFF, 0xFF, 0xFF, 0xFF, 0x70, 0x00, 0x00, 0x01, 0xCF, 0xFF, 0xFF, 0xFF, 0xFF, 0xFF, 0xBB, 0xBC, 0xFF, 0xFF, 0xFF, 0xFF, 0xFF, 0xF9, 0x00,
	0x00, 0x00, 0x00, 0x1B, 0xFF, 0xFF, 0xFF, 0xFF, 0xFF, 0xFF, 0xFF, 0xFF, 0xFF, 0xFF, 0xFF, 0xFF, 0x80, 0x00, 0x00, 0x00, 0x00, 0x00, 0x6D, 0xFF,
	0xFF, 0xFF, 0xFF, 0xFF, 0xFF, 0xFF, 0xFF, 0xFF, 0xFF, 0xB3, 0x00, 0x00, 0x00, 0x00, 0x00, 0x00, 0x00, 0x5D, 0xFF, 0xFF, 0xFF, 0xFF, 0xFF, 0xFF,
	0xFF, 0xFF, 0xA3, 0x00, 0x00, 0x00, 0x00, 0x00, 0x00, 0x00, 0x28, 0xEF, 0xFF, 0xFF, 0xFF, 0xFF, 0xFF, 0xFF, 0xFF, 0xFF, 0xFC, 0x60, 0x00, 0x00,
	0x00, 0x00, 0x00, 0x08, 0xFF, 0xFF, 0xFF, 0xFF, 0xFF, 0xFF, 0xFF, 0xFF, 0xFF, 0xFF, 0xFF, 0xFD, 0x50, 0x00, 0x00, 0x00, 0x01, 0xCF, 0xFF, 0xFF,
	0xFF, 0xFF, 0xFF, 0xFF, 0xFF, 0xFF, 0xFF, 0xFF, 0xFF, 0xFF, 0xF8, 0x00, 0x00, 0x00, 0x1C, 0xFF, 0xFF, 0xFF, 0xFF, 0xFF, 0xFB, 0x88, 0x88, 0xCF,
	0xFF, 0xFF, 0xFF, 0xFF, 0xFF, 0x90, 0x00, 0x00, 0x9F, 0xFF, 0xFF, 0xFF, 0xFF, 0xFB, 0x20, 0x00, 0x00, 0x04, 0xDF, 0xFF, 0xFF, 0xFF, 0xFF, 0xF5,
	0x00, 0x04, 0xFF, 0xFF, 0xFF, 0xFF, 0xFF, 0xA0, 0x00, 0x00, 0x00, 0x00, 0x1E, 0xFF, 0xFF, 0xFF, 0xFF, 0xFD, 0x00, 0x09, 0xFF, 0xFF, 0xFF, 0xFF,
	0xFF, 0x20, 0x00, 0x00, 0x00, 0x00, 0x06, 0xFF, 0xFF, 0xFF, 0xFF, 0xFF, 0x60, 0x0E, 0xFF, 0xFF, 0xFF, 0xFF, 0xFA, 0x00, 0x00, 0x00, 0x00, 0x00,
	0x00, 0xEF, 0xFF, 0xFF, 0xFF, 0xFF, 0x90, 0x3F, 0xFF, 0xFF, 0xFF, 0xFF, 0xF8, 0x00, 0x00, 0x00, 0x00, 0x00, 0x00, 0xBF, 0xFF, 0xFF, 0xFF, 0xFF,
	0xD0, 0x4F, 0xFF, 0xFF, 0xFF, 0xFF, 0xF4, 0x00, 0x00, 0x00, 0x00, 0x00, 0x00, 0xBF, 0xFF, 0xFF, 0xFF, 0xFF, 0xF0, 0x4F, 0xFF, 0xFF, 0xFF, 0xFF,
	0xF4, 0x00, 0x00, 0x00, 0x00, 0x00, 0x00, 0xBF, 0xFF, 0xFF, 0xFF, 0xFF, 0xF0, 0x4F, 0xFF, 0xFF, 0xFF, 0xFF, 0xF8, 0x00, 0x00, 0x00, 0x00, 0x00,
	0x00, 0xBF, 0xFF, 0xFF, 0xFF, 0xFF, 0xF0, 0x4F, 0xFF, 0xFF, 0xFF, 0xFF, 0xF9, 0x00, 0x00, 0x00, 0x00, 0x00, 0x00, 0xEF, 0xFF, 0xFF, 0xFF, 0xFF,
	0xF0, 0x1F, 0xFF, 0xFF, 0xFF, 0xFF, 0xFE, 0x10, 0x00, 0x00, 0x00, 0x00, 0x04, 0xFF, 0xFF, 0xFF, 0xFF, 0xFF, 0xB0, 0x0D, 0xFF, 0xFF, 0xFF, 0xFF,
	0xFF, 0x80, 0x00, 0x00, 0x00, 0x00, 0x1C, 0xFF, 0xFF, 0xFF, 0xFF, 0xFF, 0x80, 0x09, 0xFF, 0xFF, 0xFF, 0xFF, 0xFF, 0xF8, 0x00, 0x00, 0x00, 0x02,
	0xCF, 0xFF, 0xFF, 0xFF, 0xFF, 0xFF, 0x50, 0x03, 0xFF, 0xFF, 0xFF, 0xFF, 0xFF, 0xFF, 0xD8, 0x54, 0x46, 0x9E, 0xFF, 0xFF, 0xFF, 0xFF, 0xFF, 0xFD,
	0x00, 0x00, 0xAF, 0xFF, 0xFF, 0xFF, 0xFF, 0xFF, 0xFF, 0xFF, 0xFF, 0xFF, 0xFF, 0xFF, 0xFF, 0xFF, 0xFF, 0xF6, 0x00, 0x00, 0x1E, 0xFF, 0xFF, 0xFF,
	0xFF, 0xFF, 0xFF, 0xFF, 0xFF, 0xFF, 0xFF, 0xFF, 0xFF, 0xFF, 0xFF, 0xA0, 0x00, 0x00, 0x03, 0xEF, 0xFF, 0xFF, 0xFF, 0xFF, 0xFF, 0xFF, 0xFF, 0xFF,
	0xFF, 0xFF, 0xFF, 0xFF, 0xFC, 0x10, 0x00, 0x00, 0x00, 0x3C, 0xFF, 0xFF, 0xFF, 0xFF, 0xFF, 0xFF, 0xFF, 0xFF, 0xFF, 0xFF, 0xFF, 0xFF, 0xA1, 0x00,
	0x00, 0x00, 0x00, 0x00, 0x8E, 0xFF, 0xFF, 0xFF, 0xFF, 0xFF, 0xFF, 0xFF, 0xFF, 0xFF, 0xFF, 0xD5, 0x00, 0x00, 0x00, 0x00, 0x00, 0x00, 0x01, 0x6B,
	0xFF, 0xFF, 0xFF, 0xFF, 0xFF, 0xFF, 0xFF, 0xFE, 0xA5, 0x00, 0x00, 0x00, 0x00, 0x00, 0x00, 0x00, 0x00, 0x00, 0x04, 0x88, 0xBB, 0xBB, 0xBB, 0xBB,
	0x87, 0x30, 0x00, 0x00, 0x00, 0x00, 0x00, 0x00, 0x00, 0x00, 0x00, 0x00, 0x00, 0x04, 0x58, 0x88, 0x84, 0x40, 0x00, 0x00, 0x00, 0x00, 0x00, 0x00,
	0x00, 0x00, 0x00, 0x00, 0x00, 0x03, 0x8C, 0xFF, 0xFF, 0xFF, 0xFF, 0xFF, 0xB7, 0x10, 0x00, 0x00, 0x00, 0x00, 0x00, 0x00, 0x00, 0x00, 0x04, 0xBF,
	0xFF, 0xFF, 0xFF, 0xFF, 0xFF, 0xFF, 0xFF, 0xE8, 0x10, 0x00, 0x00, 0x00, 0x00, 0x00, 0x00, 0x01, 0xAF, 0xFF, 0xFF, 0xFF, 0xFF, 0xFF, 0xFF, 0xFF,
	0xFF, 0xFF, 0xE5, 0x00, 0x00, 0x00, 0x00, 0x00, 0x00, 0x3C, 0xFF, 0xFF, 0xFF, 0xFF, 0xFF, 0xFF, 0xFF, 0xFF, 0xFF, 0xFF, 0xFF, 0x70, 0x00, 0x00,
	0x00, 0x00, 0x03, 0xEF, 0xFF, 0xFF, 0xFF, 0xFF, 0xFF, 0xFF, 0xFF, 0xFF, 0xFF, 0xFF, 0xFF, 0xF8, 0x00, 0x00, 0x00, 0x00, 0x1C, 0xFF, 0xFF, 0xFF,
	0xFF, 0xFF, 0xFF, 0xFF, 0xFF, 0xFF, 0xFF, 0xFF, 0xFF, 0xFF, 0x60, 0x00, 0x00, 0x00, 0x8F, 0xFF, 0xFF, 0xFF, 0xFF, 0xFF, 0xFB, 0xAB, 0xBF, 0xFF,
	0xFF, 0xFF, 0xFF, 0xFF, 0xE2, 0x00, 0x00, 0x02, 0xFF, 0xFF, 0xFF, 0xFF, 0xFF, 0xF8, 0x10, 0x00, 0x02, 0xAF, 0xFF, 0xFF, 0xFF, 0xFF, 0xFB, 0x00,
	0x00, 0x09, 0xFF, 0xFF, 0xFF, 0xFF, 0xFF, 0x80, 0x00, 0x00, 0x00, 0x0A, 0xFF, 0xFF, 0xFF, 0xFF, 0xFF, 0x40, 0x00, 0x1F, 0xFF, 0xFF, 0xFF, 0xFF,
	0xFD, 0x00, 0x00, 0x00, 0x00, 0x01, 0xEF, 0xFF, 0xFF, 0xFF, 0xFF, 0xB0, 0x00, 0x5F, 0xFF, 0xFF, 0xFF, 0xFF, 0xF7, 0x00, 0x00, 0x00, 0x00, 0x00,
	0x9F, 0xFF, 0xFF, 0xFF, 0xFF, 0xF2, 0x00, 0x8F, 0xFF, 0xFF, 0xFF, 0xFF, 0xF4, 0x00, 0x00, 0x00, 0x00, 0x00, 0x6F, 0xFF, 0xFF, 0xFF, 0xFF, 0xF7,
	0x00, 0xBF, 0xFF, 0xFF, 0xFF, 0xFF, 0xF0, 0x00, 0x00, 0x00, 0x00, 0x00, 0x4F, 0xFF, 0xFF, 0xFF, 0xFF, 0xFC, 0x00, 0xBF, 0xFF, 0xFF, 0xFF, 0xFF,
	0xF0, 0x00, 0x00, 0x00, 0x00, 0x00, 0x4F, 0xFF, 0xFF, 0xFF, 0xFF, 0xFF, 0x10, 0xDF, 0xFF, 0xFF, 0xFF, 0xFF, 0xF0, 0x00, 0x00, 0x00, 0x00, 0x00,
	0x4F, 0xFF, 0xFF, 0xFF, 0xFF, 0xFF, 0x40, 0xDF, 0xFF, 0xFF, 0xFF, 0xFF, 0xF0, 0x00, 0x00, 0x00, 0x00, 0x00, 0x4F, 0xFF, 0xFF, 0xFF, 0xFF, 0xFF,
	0x70, 0xBF, 0xFF, 0xFF, 0xFF, 0xFF, 0xF2, 0x00, 0x00, 0x00, 0x00, 0x00, 0x4F, 0xFF, 0xFF, 0xFF, 0xFF, 0xFF, 0x80, 0xBF, 0xFF, 0xFF, 0xFF, 0xFF,
	0xF5, 0x00, 0x00, 0x00, 0x00, 0x00, 0x8F, 0xFF, 0xFF, 0xFF, 0xFF, 0xFF, 0xB0, 0x8F, 0xFF, 0xFF, 0xFF, 0xFF, 0xF9, 0x00, 0x00, 0x00, 0x00, 0x00,
	0xCF, 0xFF, 0xFF, 0xFF, 0xFF, 0xFF, 0xB0, 0x5F, 0xFF, 0xFF, 0xFF, 0xFF, 0xFF, 0x20, 0x00, 0x00, 0x00, 0x04, 0xFF, 0xFF, 0xFF, 0xFF, 0xFF, 0xFF,
	0xB0, 0x0E, 0xFF, 0xFF, 0xFF, 0xFF, 0xFF, 0xC1, 0x00, 0x00, 0x00, 0x3E, 0xFF, 0xFF, 0xFF, 0xFF, 0xFF, 0xFF, 0xD0, 0x08, 0xFF, 0xFF, 0xFF, 0xFF,
	0xFF, 0xFE, 0x73, 0x00, 0x48, 0xEF, 0xFF, 0xFF, 0xFF, 0xFF, 0xFF, 0xFF, 0xF0, 0x01, 0xEF, 0xFF, 0xFF, 0xFF, 0xFF, 0xFF, 0xFF, 0xFF, 0xFF, 0xFF,
	0xFF, 0xFF, 0xFF, 0xFF, 0xFF, 0xFF, 0xE0, 0x00, 0x6F, 0xFF, 0xFF, 0xFF, 0xFF, 0xFF, 0xFF, 0xFF, 0xFF, 0xFF, 0xFF, 0xFF, 0xFF, 0xFF, 0xFF, 0xFF,
	0xB0, 0x00, 0x09, 0xFF, 0xFF, 0xFF, 0xFF, 0xFF, 0xFF, 0xFF, 0xFF, 0xFF, 0xFF, 0xFF, 0xFF, 0xFF, 0xFF, 0xFF, 0xB0, 0x00, 0x00, 0x9F, 0xFF, 0xFF,
	0xFF, 0xFF, 0xFF, 0xFF, 0xFF, 0xFF, 0xFF, 0xFF, 0xFF, 0xFF, 0xFF, 0xFF, 0xB0, 0x00, 0x00, 0x07, 0xEF, 0xFF, 0xFF, 0xFF, 0xFF, 0xFF, 0xFF, 0xFF,
	0xFC, 0xDF, 0xFF, 0xFF, 0xFF, 0xFF, 0x80, 0x00, 0x00, 0x00, 0x29, 0xFF, 0xFF, 0xFF, 0xFF, 0xFF, 0xFF, 0xFE, 0x80, 0xFF, 0xFF, 0xFF, 0xFF, 0xFF,
	0x70, 0x00, 0x00, 0x00, 0x00, 0x27, 0xBF, 0xFF, 0xFF, 0xFF, 0xEA, 0x60, 0x02, 0xFF, 0xFF, 0xFF, 0xFF, 0xFF, 0x40, 0x00, 0x00, 0x00, 0x00, 0x00,
	0x00, 0x24, 0x44, 0x42, 0x00, 0x00, 0x06, 0xFF, 0xFF, 0xFF, 0xFF, 0xFF, 0x10, 0x00, 0x00, 0x00, 0x00, 0x00, 0x00, 0x00, 0x00, 0x00, 0x00, 0x00,
	0x09, 0xFF, 0xFF, 0xFF, 0xFF, 0xFB, 0x00, 0x00, 0x00, 0x00, 0x00, 0x00, 0x00, 0x00, 0x00, 0x00, 0x00, 0x00, 0x1E, 0xFF, 0xFF, 0xFF, 0xFF, 0xF7,
	0x00, 0x00, 0x00, 0x00, 0x00, 0x00, 0x00, 0x00, 0x00, 0x00, 0x00, 0x00, 0x8F, 0xFF, 0xFF, 0xFF, 0xFF, 0xF2, 0x00, 0x00, 0x00, 0x00, 0x00, 0x00,
	0x00, 0x00, 0x00, 0x00, 0x00, 0x03, 0xFF, 0xFF, 0xFF, 0xFF, 0xFF, 0xA0, 0x00, 0x00, 0x00, 0x00, 0x00, 0x00, 0x00, 0x00, 0x00, 0x00, 0x00, 0x1D,
	0xFF, 0xFF, 0xFF, 0xFF, 0xFF, 0x40, 0x00, 0x00, 0x0D, 0x61, 0x00, 0x00, 0x00, 0x00, 0x00, 0x00, 0x04, 0xEF, 0xFF, 0xFF, 0xFF, 0xFF, 0xFA, 0x00,
	0x00, 0x00, 0x0F, 0xFE, 0x96, 0x10, 0x00, 0x00, 0x00, 0x04, 0x9F, 0xFF, 0xFF, 0xFF, 0xFF, 0xFF, 0xE2, 0x00, 0x00, 0x00, 0x0F, 0xFF, 0xFF, 0xFD,
	0xB8, 0x88, 0x8B, 0xEF, 0xFF, 0xFF, 0xFF, 0xFF, 0xFF, 0xFF, 0x60, 0x00, 0x00, 0x00, 0x0F, 0xFF, 0xFF, 0xFF, 0xFF, 0xFF, 0xFF, 0xFF, 0xFF, 0xFF,
	0xFF, 0xFF, 0xFF, 0xF8, 0x00, 0x00, 0x00, 0x00, 0x0F, 0xFF, 0xFF, 0xFF, 0xFF, 0xFF, 0xFF, 0xFF, 0xFF, 0xFF, 0xFF, 0xFF, 0xFF, 0x90, 0x00, 0x00,
	0x00, 0x00, 0x0F, 0xFF, 0xFF, 0xFF, 0xFF, 0xFF, 0xFF, 0xFF, 0xFF, 0xFF, 0xFF, 0xFF, 0xF8, 0x00, 0x00, 0x00, 0x00, 0x00, 0x0F, 0xFF, 0xFF, 0xFF,
	0xFF, 0xFF, 0xFF, 0xFF, 0xFF, 0xFF, 0xFF, 0xFE, 0x50, 0x00, 0x00, 0x00, 0x00, 0x00, 0x0F, 0xFF, 0xFF, 0xFF, 0xFF, 0xFF, 0xFF, 0xFF, 0xFF, 0xFF,
	0xFE, 0x81, 0x00, 0x00, 0x00, 0x00, 0x00, 0x00, 0x03, 0x8B, 0xFF, 0xFF, 0xFF, 0xFF, 0xFF, 0xFF, 0xFF, 0xFC, 0x71, 0x00, 0x00, 0x00, 0x00, 0x00,
	0x00, 0x00, 0x00, 0x00, 0x04, 0x68, 0xAB, 0xBB, 0xBB, 0xBA, 0x85, 0x10, 0x00, 0x00, 0x00, 0x00, 0x00, 0x00, 0x00, 0x02, 0xBB, 0xBB, 0xBB, 0xBB,
	0xBB, 0xA0, 0x00, 0x00, 0x00, 0x00, 0x00, 0x03, 0xBB, 0xBB, 0xBB, 0xBB, 0xBB, 0xA0, 0x00, 0x8F, 0xFF, 0xFF, 0xFF, 0xFF, 0xF8, 0x00, 0x00, 0x00,
	0x00, 0x00, 0x0C, 0xFF, 0xFF, 0xFF, 0xFF, 0xFF, 0x40, 0x00, 0x0C, 0xFF, 0xFF, 0xFF, 0xFF, 0xFF, 0x30, 0x00, 0x00, 0x00, 0x00, 0x8F, 0xFF, 0xFF,
	0xFF, 0xFF, 0xF8, 0x00, 0x00, 0x02, 0xEF, 0xFF, 0xFF, 0xFF, 0xFF, 0xC1, 0x00, 0x00, 0x00, 0x03, 0xFF, 0xFF, 0xFF, 0xFF, 0xFF, 0xB0, 0x00, 0x00,
	0x00, 0x5F, 0xFF, 0xFF, 0xFF, 0xFF, 0xF8, 0x00, 0x00, 0x00, 0x1D, 0xFF, 0xFF, 0xFF, 0xFF, 0xFE, 0x10, 0x00, 0x00, 0x00, 0x08, 0xFF, 0xFF, 0xFF,
	0xFF, 0xFF, 0x40, 0x00, 0x00, 0x8F, 0xFF, 0xFF, 0xFF, 0xFF, 0xF4, 0x00, 0x00, 0x00, 0x00, 0x00, 0xCF, 0xFF, 0xFF, 0xFF, 0xFF, 0xD1, 0x00, 0x05,
	0xFF, 0xFF, 0xFF, 0xFF, 0xFF, 0x80, 0x00, 0x00, 0x00, 0x00, 0x00, 0x3E, 0xFF, 0xFF, 0xFF, 0xFF, 0xFA, 0x00, 0x1E, 0xFF, 0xFF, 0xFF, 0xFF, 0xFC,
	0x00, 0x00, 0x00, 0x00, 0x00, 0x00, 0x06, 0xFF, 0xFF, 0xFF, 0xFF, 0xFF, 0x50, 0xAF, 0xFF, 0xFF, 0xFF, 0xFF, 0xE2, 0x00, 0x00, 0x00, 0x00, 0x00,
	0x00, 0x00, 0x9F, 0xFF, 0xFF, 0xFF, 0xFF, 0xE8, 0xFF, 0xFF, 0xFF, 0xFF, 0xFF, 0x50, 0x00, 0x00, 0x00, 0x00, 0x00, 0x00, 0x00, 0x1C, 0xFF, 0xFF,
	0xFF, 0xFF, 0xFF, 0xFF, 0xFF, 0xFF, 0xFF, 0xF8, 0x00, 0x00, 0x00, 0x00, 0x00, 0x00, 0x00, 0x00, 0x03, 0xEF, 0xFF, 0xFF, 0xFF, 0xFF, 0xFF, 0xFF,
	0xFF, 0xFF, 0xC0, 0x00, 0x00, 0x00, 0x00, 0x00, 0x00, 0x00, 0x00, 0x00, 0x7F, 0xFF, 0xFF, 0xFF, 0xFF, 0xFF, 0xFF, 0xFF, 0xFE, 0x20, 0x00, 0x00,
	0x00, 0x00, 0x00, 0x00, 0x00, 0x00, 0x00, 0x0A, 0xFF, 0xFF, 0xFF, 0xFF, 0xFF, 0xFF, 0xFF, 0xF5, 0x00, 0x00, 0x00, 0x00, 0x00, 0x00, 0x00, 0x00,
	0x00, 0x00, 0x01, 0xDF, 0xFF, 0xFF, 0xFF, 0xFF, 0xFF, 0xFF, 0x90, 0x00, 0x00, 0x00, 0x00, 0x00, 0x00, 0x00, 0x00, 0x00, 0x00, 0x00, 0x3F, 0xFF,
	0xFF, 0xFF, 0xFF, 0xFF, 0xFC, 0x10, 0x00, 0x00, 0x00, 0x00, 0x00, 0x00, 0x00, 0x00, 0x00, 0x00, 0x00, 0x1D, 0xFF, 0xFF, 0xFF, 0xFF, 0xFF, 0xFA,
	0x00, 0x00, 0x00, 0x00, 0x00, 0x00, 0x00, 0x00, 0x00, 0x00, 0x00, 0x00, 0x9F, 0xFF, 0xFF, 0xFF, 0xFF, 0xFF, 0xFF, 0x60, 0x00, 0x00, 0x00, 0x00,
	0x00, 0x00, 0x00, 0x00, 0x00, 0x00, 0x06, 0xFF, 0xFF, 0xFF, 0xFF, 0xFF, 0xFF, 0xFF, 0xE3, 0x00, 0x00, 0x00, 0x00, 0x00, 0x00, 0x00, 0x00, 0x00,
	0x00, 0x3E, 0xFF, 0xFF, 0xFF, 0xFF, 0xFF, 0xFF, 0xFF, 0xFC, 0x00, 0x00, 0x00, 0x00, 0x00, 0x00, 0x00, 0x00, 0x00, 0x00, 0xCF, 0xFF, 0xFF, 0xFF,
	0xFF, 0xFF, 0xFF, 0xFF, 0xFF, 0x80, 0x00, 0x00, 0x00, 0x00, 0x00, 0x00, 0x00, 0x00, 0x08, 0xFF, 0xFF, 0xFF, 0xFF, 0xFF, 0xFF, 0xFF, 0xFF, 0xFF,
	0xF5, 0x00, 0x00, 0x00, 0x00, 0x00, 0x00, 0x00, 0x00, 0x5F, 0xFF, 0xFF, 0xFF, 0xFF, 0xFE, 0xFF, 0xFF, 0xFF, 0xFF, 0xFE, 0x20, 0x00, 0x00, 0x00,
	0x00, 0x00, 0x00, 0x02, 0xEF, 0xFF, 0xFF, 0xFF, 0xFF, 0xA2, 0xEF, 0xFF, 0xFF, 0xFF, 0xFF, 0xC0, 0x00, 0x00, 0x00, 0x00, 0x00, 0x00, 0x0C, 0xFF,
	0xFF, 0xFF, 0xFF, 0xFE, 0x10, 0x6F, 0xFF, 0xFF, 0xFF, 0xFF, 0xF8, 0x00, 0x00, 0x00, 0x00, 0x00, 0x00, 0x8F, 0xFF, 0xFF, 0xFF, 0xFF, 0xF5, 0x00,
	0x0A, 0xFF, 0xFF, 0xFF, 0xFF, 0xFF, 0x40, 0x00, 0x00, 0x00, 0x00, 0x04, 0xFF, 0xFF, 0xFF, 0xFF, 0xFF, 0x80, 0x00, 0x01, 0xDF, 0xFF, 0xFF, 0xFF,
	0xFF, 0xE1, 0x00, 0x00, 0x00, 0x00, 0x1E, 0xFF, 0xFF, 0xFF, 0xFF, 0xFC, 0x10, 0x00, 0x00, 0x4F, 0xFF, 0xFF, 0xFF, 0xFF, 0xFB, 0x00, 0x00, 0x00,
	0x00, 0xBF, 0xFF, 0xFF, 0xFF, 0xFF, 0xF3, 0x00, 0x00, 0x00, 0x08, 0xFF, 0xFF, 0xFF, 0xFF, 0xFF, 0x80, 0x00, 0x00, 0x08, 0xFF, 0xFF, 0xFF, 0xFF,
	0xFF, 0x80, 0x00, 0x00, 0x00, 0x00, 0xCF, 0xFF, 0xFF, 0xFF, 0xFF, 0xF3, 0x00, 0x00, 0x4F, 0xFF, 0xFF, 0xFF, 0xFF, 0xFB, 0x00, 0x00, 0x00, 0x00,
	0x00, 0x2E, 0xFF, 0xFF, 0xFF, 0xFF, 0xFD, 0x10, 0x01, 0xEF, 0xFF, 0xFF, 0xFF, 0xFF, 0xE2, 0x00, 0x00, 0x00, 0x00, 0x00, 0x06, 0xFF, 0xFF, 0xFF,
	0xFF, 0xFF, 0xA0, 0x0B, 0xFF, 0xFF, 0xFF, 0xFF, 0xFF, 0x60, 0x00, 0x00, 0x00, 0x00, 0x00, 0x00, 0xAF, 0xFF, 0xFF, 0xFF, 0xFF, 0xF7,
};
static const tr_glyph_t tr_font_big_glyphs[96] = {
	{0, 0, 0, 0, 21, 0}, /* 0x20 */
	{0, 0, 0, 0, 0, 0}, /* 0x21 */
	{0, 0, 0, 0, 0, 0}, /* 0x22 */
	{0, 0, 0, 0, 0, 0}, /* 0x23 */
	{0, 0, 0, 0, 0, 0}, /* 0x24 */
	{0, 0, 0, 0, 0, 0}, /* 0x25 */
	{0, 0, 0, 0, 0, 0}, /* 0x26 */
	{0, 0, 0, 0, 0, 0}, /* 0x27 */
	{0, 0, 0, 0, 0, 0}, /* 0x28 */
	{0, 0, 0, 0, 0, 0}, /* 0x29 */
	{0, 0, 0, 0, 0, 0}, /* 0x2A */
	{38, 38, 6, 18, 50, 0}, /* 0x2B */
	{14, 21, 3, 44, 23, 722}, /* 0x2C */
	{0, 0, 0, 0, 0, 0}, /* 0x2D */
	{0, 0, 0, 0, 0, 0}, /* 0x2E */
	{0, 0, 0, 0, 0, 0}, /* 0x2F */
	{37, 46, 2, 11, 42, 869}, /* 0x30 */
	{32, 44, 6, 12, 42, 1743}, /* 0x31 */
	{33, 45, 4, 11, 42, 2447}, /* 0x32 */
	{33, 46, 4, 11, 42, 3212}, /* 0x33 */
	{37, 44, 2, 12, 42, 3994}, /* 0x34 */
	{34, 45, 4, 12, 42, 4830}, /* 0x35 */
	{36, 46, 3, 11, 42, 5595}, /* 0x36 */
	{33, 44, 4, 12, 42, 6423}, /* 0x37 */
	{36, 46, 3, 11, 42, 7171}, /* 0x38 */
	{35, 46, 3, 11, 42, 7999}, /* 0x39 */
	{0, 0, 0, 0, 0, 0}, /* 0x3A */
	{0, 0, 0, 0, 0, 0}, /* 0x3B */
	{0, 0, 0, 0, 0, 0}, /* 0x3C */
	{0, 0, 0, 0, 0, 0}, /* 0x3D */
	{0, 0, 0, 0, 0, 0}, /* 0x3E */
	{0, 0, 0, 0, 0, 0}, /* 0x3F */
	{0, 0, 0, 0, 0, 0}, /* 0x40 */
	{0, 0, 0, 0, 0, 0}, /* 0x41 */
	{0, 0, 0, 0, 0, 0}, /* 0x42 */
	{0, 0, 0, 0, 0, 0}, /* 0x43 */
	{0, 0, 0, 0, 0, 0}, /* 0x44 */
	{0, 0, 0, 0, 0, 0}, /* 0x45 */
	{0, 0, 0, 0, 0, 0}, /* 0x46 */
	{0, 0, 0, 0, 0, 0}, /* 0x47 */
	{0, 0, 0, 0, 0, 0}, /* 0x48 */
	{0, 0, 0, 0, 0, 0}, /* 0x49 */
	{0, 0, 0, 0, 0, 0}, /* 0x4A */
	{0, 0, 0, 0, 0, 0}, /* 0x4B */
	{0, 0, 0, 0, 0, 0}, /* 0x4C */
	{0, 0, 0, 0, 0, 0}, /* 0x4D */
	{0, 0, 0, 0, 0, 0}, /* 0x4E */
	{0, 0, 0, 0, 0, 0}, /* 0x4F */
	{0, 0, 0, 0, 0, 0}, /* 0x50 */
	{0, 0, 0, 0, 0, 0}, /* 0x51 */
	{0, 0, 0, 0, 0, 0}, /* 0x52 */
	{0, 0, 0, 0, 0, 0}, /* 0x53 */
	{0, 0, 0, 0, 0, 0}, /* 0x54 */
	{0, 0, 0, 0, 0, 0}, /* 0x55 */
	{0, 0, 0, 0, 0, 0}, /* 0x56 */
	{0, 0, 0, 0, 0, 0}, /* 0x57 */
	{0, 0, 0, 0, 0, 0}, /* 0x58 */
	{0, 0, 0, 0, 0, 0}, /* 0x59 */
	{0, 0, 0, 0, 0, 0}, /* 0x5A */
	{0, 0, 0, 0, 0, 0}, /* 0x5B */
	{0, 0, 0, 0, 0, 0}, /* 0x5C */
	{0, 0, 0, 0, 0, 0}, /* 0x5D */
	{0, 0, 0, 0, 0, 0}, /* 0x5E */
	{0, 0, 0, 0, 0, 0}, /* 0x5F */
	{0, 0, 0, 0, 0, 0}, /* 0x60 */
	{0, 0, 0, 0, 0, 0}, /* 0x61 */
	{0, 0, 0, 0, 0, 0}, /* 0x62 */
	{0, 0, 0, 0, 0, 0}, /* 0x63 */
	{0, 0, 0, 0, 0, 0}, /* 0x64 */
	{0, 0, 0, 0, 0, 0}, /* 0x65 */
	{0, 0, 0, 0, 0, 0}, /* 0x66 */
	{0, 0, 0, 0, 0, 0}, /* 0x67 */
	{0, 0, 0, 0, 0, 0}, /* 0x68 */
	{0, 0, 0, 0, 0, 0}, /* 0x69 */
	{0, 0, 0, 0, 0, 0}, /* 0x6A */
	{0, 0, 0, 0, 0, 0}, /* 0x6B */
	{0, 0, 0, 0, 0, 0}, /* 0x6C */
	{0, 0, 0, 0, 0, 0}, /* 0x6D */
	{0, 0, 0, 0, 0, 0}, /* 0x6E */
	{0, 0, 0, 0, 0, 0}, /* 0x6F */
	{0, 0, 0, 0, 0, 0}, /* 0x70 */
	{0, 0, 0, 0, 0, 0}, /* 0x71 */
	{0, 0, 0, 0, 0, 0}, /* 0x72 */
	{0, 0, 0, 0, 0, 0}, /* 0x73 */
	{0, 0, 0, 0, 0, 0}, /* 0x74 */
	{0, 0, 0, 0, 0, 0}, /* 0x75 */
	{0, 0, 0, 0, 0, 0}, /* 0x76 */
	{0, 0, 0, 0, 0, 0}, /* 0x77 */
	{38, 33, 0, 23, 39, 8827}, /* 0x78 */
	{0, 0, 0, 0, 0, 0}, /* 0x79 */
	{0, 0, 0, 0, 0, 0}, /* 0x7A */
	{0, 0, 0, 0, 0, 0}, /* 0x7B */
	{0, 0, 0, 0, 0, 0}, /* 0x7C */
	{0, 0, 0, 0, 0, 0}, /* 0x7D */
	{0, 0, 0, 0, 0, 0}, /* 0x7E */
	{0, 0, 0, 0, 0, 0}, /* 0x7F */
};
static const tr_font_t tr_font_big = {56, 70, tr_font_big_glyphs, tr_font_big_bits};

#define TR_LOGO_MID_W 280
#define TR_LOGO_MID_H 60
static const uint8_t tr_logo_mid[8400] = {
	0x00, 0x00, 0x00, 0x00, 0x00, 0x00, 0x00, 0x00, 0x00, 0x00, 0x06, 0xEE, 0x60, 0x00, 0x00, 0x00, 0x00, 0x00, 0x00, 0x00, 0x00, 0x00, 0x00, 0x00,
	0x00, 0x00, 0x00, 0x00, 0x00, 0x00, 0x00, 0x00, 0x00, 0x00, 0x00, 0x00, 0x00, 0x00, 0x00, 0x00, 0x00, 0x00, 0x00, 0x00, 0x00, 0x00, 0x00, 0x00,
	0x00, 0x00, 0x00, 0x00, 0x00, 0x00, 0x00, 0x00, 0x00, 0x00, 0x00, 0x00, 0x00, 0x00, 0x00, 0x00, 0x00, 0x00, 0x00, 0x00, 0x00, 0x00, 0x00, 0x00,
	0x00, 0x00, 0x00, 0x00, 0x00, 0x00, 0x00, 0x00, 0x00, 0x00, 0x00, 0x00, 0x00, 0x00, 0x00, 0x00, 0x00, 0x00, 0x00, 0x00, 0x00, 0x00, 0x00, 0x00,
	0x00, 0x00, 0x00, 0x00, 0x00, 0x00, 0x00, 0x00, 0x00, 0x00, 0x00, 0x00, 0x00, 0x00, 0x00, 0x00, 0x00, 0x00, 0x00, 0x00, 0x00, 0x00, 0x00, 0x00,
	0x00, 0x00, 0x00, 0x00, 0x00, 0x00, 0x00, 0x00, 0x00, 0x00, 0x00, 0x00, 0x00, 0x00, 0x00, 0x00, 0x00, 0x00, 0x00, 0x00, 0x00, 0x00, 0x00, 0x00,
	0x00, 0x00, 0x00, 0x00, 0x00, 0x00, 0x4F, 0xFF, 0xF0, 0x00, 0x00, 0x00, 0x00, 0x00, 0x00, 0x00, 0x00, 0x00, 0x00, 0x00, 0x00, 0x00, 0x00, 0x00,
	0x00, 0x00, 0x00, 0x00, 0x00, 0x00, 0x00, 0x00, 0x00, 0x00, 0x00, 0x00, 0x00, 0x00, 0x00, 0x00, 0x00, 0x00, 0x00, 0x00, 0x00, 0x00, 0x00, 0x00,
	0x00, 0x00, 0x00, 0x00, 0x00, 0x00, 0x00, 0x00, 0x00, 0x00, 0x00, 0x00, 0x00, 0x00, 0x00, 0x00, 0x00, 0x00, 0x00, 0x00, 0x00, 0x00, 0x00, 0x00,
	0x00, 0x00, 0x00, 0x00, 0x00, 0x00, 0x00, 0x00, 0x00, 0x00, 0x00, 0x00, 0x00, 0x00, 0x00, 0x00, 0x00, 0x00, 0x00, 0x00, 0x00, 0x00, 0x00, 0x00,
	0x00, 0x00, 0x00, 0x00, 0x00, 0x00, 0x00, 0x00, 0x00, 0x00, 0x00, 0x00, 0x00, 0x00, 0x00, 0x00, 0x00, 0x00, 0x00, 0x00, 0x00, 0x00, 0x00, 0x00,
	0x00, 0x00, 0x00, 0x00, 0x00, 0x00, 0x00, 0x00, 0x00, 0x00, 0x00, 0x00, 0x00, 0x00, 0x00, 0x00, 0x00, 0x00, 0x00, 0x00, 0x00, 0x00, 0x00, 0x00,
	0x00, 0x00, 0xCF, 0xFF, 0xF0, 0x00, 0x00, 0x00, 0x00, 0x00, 0x00, 0x00, 0x00, 0x00, 0x00, 0x00, 0x00, 0x00, 0x00, 0x00, 0x00, 0x00, 0x00, 0x00,
	0x00, 0x00, 0x00, 0x00, 0x00, 0x00, 0x00, 0x00, 0x00, 0x00, 0x00, 0x00, 0x00, 0x00, 0x00, 0x00, 0x00, 0x00, 0x00, 0x00, 0x00, 0x00, 0x00, 0x00,
	0x00, 0x00, 0x00, 0x00, 0x00, 0x00, 0x00, 0x00, 0x00, 0x00, 0x00, 0x00, 0x00, 0x00, 0x00, 0x00, 0x00, 0x00, 0x00, 0x00, 0x00, 0x00, 0x00, 0x00,
	0x00, 0x00, 0x00, 0x00, 0x00, 0x00, 0x00, 0x00, 0x00, 0x00, 0x00, 0x00, 0x00, 0x00, 0x00, 0x00, 0x00, 0x00, 0x00, 0x00, 0x00, 0x00, 0x00, 0x00,
	0x00, 0x00, 0x00, 0x00, 0x00, 0x00, 0x00, 0x00, 0x00, 0x00, 0x00, 0x00, 0x00, 0x00, 0x00, 0x00, 0x00, 0x00, 0x00, 0x00, 0x00, 0x00, 0x00, 0x00,
	0x00, 0x00, 0x00, 0x00, 0x00, 0x00, 0x00, 0x00, 0x00, 0x00, 0x00, 0x00, 0x00, 0x00, 0x00, 0x00, 0x00, 0x00, 0x00, 0x00, 0x00, 0x08, 0xFF, 0xFF,
	0xB0, 0x00, 0x00, 0x00, 0x00, 0x00, 0x00, 0x00, 0x00, 0x00, 0x00, 0x00, 0x00, 0x00, 0x00, 0x00, 0x00, 0x00, 0x00, 0x00, 0x00, 0x00, 0x00, 0x00,
	0x00, 0x00, 0x00, 0x00, 0x00, 0x00, 0x00, 0x00, 0x00, 0x00, 0x00, 0x00, 0x00, 0x00, 0x00, 0x00, 0x00, 0x00, 0x00, 0x00, 0x00, 0x00, 0x00, 0x00,
	0x00, 0x00, 0x00, 0x00, 0x00, 0x00, 0x00, 0x00, 0x00, 0x00, 0x00, 0x00, 0x00, 0x00, 0x00, 0x00, 0x00, 0x00, 0x00, 0x00, 0x00, 0x00, 0x00, 0x00,
	0x00, 0x00, 0x00, 0x00, 0x00, 0x00, 0x00, 0x00, 0x00, 0x00, 0x00, 0x00, 0x00, 0x00, 0x00, 0x00, 0x00, 0x00, 0x00, 0x00, 0x00, 0x00, 0x00, 0x00,
	0x00, 0x00, 0x00, 0x00, 0x00, 0x00, 0x00, 0x00, 0x00, 0x00, 0x00, 0x00, 0x00, 0x00, 0x00, 0x00, 0x00, 0x00, 0x00, 0x00, 0x00, 0x00, 0x00, 0x00,
	0x00, 0x00, 0x00, 0x00, 0x00, 0x00, 0x00, 0x00, 0x00, 0x00, 0x00, 0x00, 0x00, 0x00, 0x00, 0x00, 0x00, 0x2F, 0xFF, 0xFF, 0xA0, 0x00, 0x00, 0x00,
	0x00, 0x00, 0x00, 0x00, 0x00, 0x00, 0x00, 0x00, 0x00, 0x00, 0x00, 0x00, 0x00, 0x00, 0x00, 0x00, 0x00, 0x00, 0x00, 0x00, 0x00, 0x00, 0x00, 0x00,
	0x00, 0x00, 0x00, 0x00, 0x00, 0x00, 0x00, 0x00, 0x00, 0x00, 0x00, 0x00, 0x00, 0x00, 0x00, 0x00, 0x00, 0x00, 0x00, 0x00, 0x00, 0x00, 0x00, 0x00,
	0x00, 0x00, 0x00, 0x00, 0x00, 0x00, 0x00, 0x00, 0x00, 0x00, 0x00, 0x00, 0x00, 0x00, 0x00, 0x00, 0x00, 0x00, 0x00, 0x00, 0x00, 0x00, 0x00, 0x00,
	0x00, 0x00, 0x00, 0x00, 0x00, 0x00, 0x00, 0x00, 0x00, 0x00, 0x00, 0x00, 0x00, 0x00, 0x00, 0x00, 0x00, 0x00, 0x00, 0x00, 0x00, 0x00, 0x00, 0x00,
	0x00, 0x00, 0x00, 0x00, 0x00, 0x00, 0x00, 0x00, 0x00, 0x00, 0x00, 0x00, 0x00, 0x00, 0x00, 0x00, 0x00, 0x00, 0x00, 0x00, 0x00, 0x00, 0x00, 0x00,
	0x00, 0x00, 0x00, 0x00, 0x00, 0x00, 0x00, 0x00, 0x00, 0x00, 0x00, 0x00, 0x00, 0xBF, 0xFF, 0xFF, 0x80, 0x00, 0x00, 0x00, 0x00, 0x00, 0x00, 0x00,
	0x00, 0x00, 0x00, 0x00, 0x00, 0x00, 0x00, 0x00, 0x00, 0x00, 0x00, 0x00, 0x00, 0x00, 0x00, 0x00, 0x00, 0x00, 0x00, 0x00, 0x00, 0x00, 0x00, 0x00,
	0x00, 0x00, 0x00, 0x00, 0x00, 0x00, 0x00, 0x00, 0x00, 0x00, 0x00, 0x00, 0x00, 0x00, 0x00, 0x00, 0x00, 0x00, 0x00, 0x00, 0x00, 0x00, 0x00, 0x00,
	0x00, 0x00, 0x00, 0x00, 0x00, 0x00, 0x00, 0x00, 0x00, 0x00, 0x00, 0x00, 0x00, 0x00, 0x00, 0x00, 0x00, 0x00, 0x00, 0x00, 0x00, 0x00, 0x00, 0x00,
	0x00, 0x00, 0x00, 0x00, 0x00, 0x00, 0x00, 0x00, 0x00, 0x00, 0x00, 0x00, 0x00, 0x00, 0x00, 0x00, 0x00, 0x00, 0x00, 0x00, 0x00, 0x00, 0x00, 0x00,
	0x00, 0x00, 0x00, 0x00, 0x00, 0x00, 0x00, 0x00, 0x00, 0x00, 0x00, 0x00, 0x00, 0x00, 0x00, 0x00, 0x00, 0x00, 0x00, 0x00, 0x00, 0x00, 0x00, 0x00,
	0x00, 0x00, 0x00, 0x00, 0x00, 0x00, 0x00, 0x00, 0x07, 0xFF, 0xFF, 0xFF, 0x50, 0x00, 0x00, 0x00, 0x00, 0x00, 0x00, 0x00, 0x00, 0x00, 0x00, 0x00,
	0x00, 0x00, 0x00, 0x00, 0x00, 0x00, 0x00, 0x00, 0x00, 0x00, 0x00, 0x00, 0x00, 0x00, 0x00, 0x00, 0x00, 0x00, 0x00, 0x00, 0x00, 0x00, 0x00, 0x00,
	0x00, 0x00, 0x00, 0x00, 0x00, 0x00, 0x00, 0x00, 0x00, 0x00, 0x00, 0x00, 0x00, 0x00, 0x00, 0x00, 0x00, 0x00, 0x00, 0x00, 0x00, 0x00, 0x00, 0x00,
	0x00, 0x00, 0x00, 0x00, 0x00, 0x00, 0x00, 0x00, 0x00, 0x00, 0x00, 0x00, 0x00, 0x00, 0x00, 0x00, 0x00, 0x00, 0x00, 0x00, 0x00, 0x00, 0x00, 0x00,
	0x00, 0x00, 0x00, 0x00, 0x00, 0x00, 0x00, 0x00, 0x00, 0x00, 0x00, 0x00, 0x00, 0x00, 0x00, 0x00, 0x00, 0x00, 0x00, 0x00, 0x00, 0x00, 0x00, 0x00,
	0x00, 0x00, 0x00, 0x00, 0x00, 0x00, 0x00, 0x00, 0x00, 0x00, 0x00, 0x00, 0x00, 0x00, 0x00, 0x00, 0x00, 0x00, 0x00, 0x00, 0x00, 0x00, 0x00, 0x00,
	0x00, 0x00, 0x00, 0x00, 0x1E, 0xFF, 0xFF, 0xFF, 0x40, 0x00, 0x00, 0x00, 0x00, 0x00, 0x00, 0x00, 0x00, 0x00, 0x00, 0x00, 0x00, 0x00, 0x00, 0x00,
	0x00, 0x00, 0x00, 0x00, 0x00, 0x00, 0x00, 0x00, 0x00, 0x00, 0x00, 0x00, 0x00, 0x00, 0x00, 0x00, 0x00, 0x00, 0x00, 0x00, 0x00, 0x00, 0x00, 0x00,
	0x00, 0x00, 0x00, 0x00, 0x00, 0x00, 0x00, 0x00, 0x00, 0x00, 0x00, 0x00, 0x00, 0x00, 0x00, 0x00, 0x00, 0x00, 0x00, 0x00, 0x00, 0x00, 0x00, 0x00,
	0x00, 0x00, 0x00, 0x00, 0x00, 0x00, 0x00, 0x00, 0x00, 0x00, 0x00, 0x00, 0x00, 0x00, 0x00, 0x00, 0x00, 0x00, 0x00, 0x00, 0x00, 0x00, 0x00, 0x00,
	0x00, 0x00, 0x00, 0x00, 0x00, 0x00, 0x00, 0x00, 0x00, 0x00, 0x00, 0x00, 0x00, 0x00, 0x00, 0x00, 0x00, 0x00, 0x00, 0x00, 0x00, 0x00, 0x00, 0x00,
	0x00, 0x00, 0x00, 0x01, 0x44, 0x44, 0x44, 0x44, 0x44, 0x43, 0x00, 0x00, 0x00, 0x00, 0x00, 0x00, 0x00, 0x00, 0x00, 0x00, 0x00, 0x00, 0x00, 0x00,
	0xAF, 0xFF, 0xFF, 0xFF, 0x00, 0x00, 0x00, 0x00, 0x00, 0x00, 0x00, 0x00, 0x00, 0x00, 0x00, 0x00, 0x00, 0x00, 0x00, 0x00, 0x00, 0x00, 0x00, 0x00,
	0x00, 0x00, 0x00, 0x00, 0x00, 0x00, 0x00, 0x00, 0x00, 0x00, 0x00, 0x00, 0x00, 0x00, 0x00, 0x00, 0x00, 0x00, 0x00, 0x00, 0x00, 0x00, 0x00, 0x00,
	0x00, 0x00, 0x00, 0x00, 0x00, 0x00, 0x00, 0x01, 0x44, 0x44, 0x44, 0x78, 0x88, 0x88, 0x88, 0x85, 0x44, 0x20, 0x00, 0x00, 0x00, 0x00, 0x00, 0x00,
	0x00, 0x00, 0x00, 0x00, 0x00, 0x00, 0x00, 0x00, 0x03, 0xBB, 0xBB, 0xBB, 0x00, 0x00, 0x00, 0x00, 0x00, 0x00, 0x00, 0x00, 0x00, 0x00, 0x00, 0x00,
	0x00, 0x00, 0x00, 0x00, 0x00, 0x01, 0x8B, 0xBB, 0xBB, 0xBB, 0xA3, 0x00, 0x00, 0x00, 0x00, 0x00, 0x00, 0x00, 0x00, 0x00, 0x03, 0xBF, 0xFF, 0xFF,
	0xFF, 0xFF, 0xFF, 0xFF, 0xFF, 0xFF, 0xFF, 0xB8, 0x50, 0x00, 0x00, 0x00, 0x00, 0x00, 0x00, 0x00, 0x00, 0x00, 0x00, 0x04, 0xFF, 0xFF, 0xFF, 0xFE,
	0x00, 0x00, 0x00, 0x00, 0x00, 0x00, 0x00, 0x00, 0x00, 0x00, 0x00, 0x00, 0x00, 0x00, 0x00, 0x00, 0x00, 0x04, 0xAB, 0xBB, 0xBB, 0xBB, 0xBB, 0xBB,
	0xB9, 0x20, 0x00, 0x00, 0x00, 0x00, 0x00, 0x00, 0x00, 0x3B, 0xBB, 0xBB, 0xBB, 0xBB, 0xBB, 0x30, 0x00, 0x00, 0x00, 0x00, 0x00, 0x00, 0x00, 0x00,
	0x00, 0x00, 0xCF, 0xFF, 0xFF, 0xFF, 0xFF, 0xFF, 0xFF, 0xFF, 0xFF, 0xFF, 0xFF, 0xFF, 0xB8, 0x50, 0x00, 0x00, 0x00, 0x00, 0x00, 0x00, 0x00, 0x00,
	0x00, 0x00, 0x00, 0x00, 0x04, 0xFF, 0xFF, 0xFF, 0x00, 0x00, 0x00, 0x00, 0x00, 0x00, 0x00, 0x00, 0x00, 0x00, 0x00, 0x00, 0x00, 0x00, 0x00, 0x00,
	0x00, 0x09, 0xFF, 0xFF, 0xFF, 0xFF, 0xFE, 0x10, 0x00, 0x00, 0x00, 0x00, 0x00, 0x00, 0x00, 0x00, 0x04, 0xFF, 0xFF, 0xFF, 0xFF, 0xFF, 0xFF, 0xFF,
	0xFF, 0xFF, 0xFF, 0xFF, 0xFE, 0x81, 0x00, 0x00, 0x00, 0x00, 0x00, 0x00, 0x00, 0x00, 0x00, 0x1D, 0xFF, 0xFF, 0xFF, 0xFB, 0x00, 0x00, 0x00, 0x00,
	0x00, 0x00, 0x00, 0x00, 0x00, 0x00, 0x00, 0x00, 0x00, 0x00, 0x00, 0x00, 0x00, 0x6F, 0xFF, 0xFF, 0xFF, 0xFF, 0xFF, 0xFF, 0xFF, 0xE3, 0x00, 0x00,
	0x00, 0x00, 0x00, 0x00, 0x00, 0x4F, 0xFF, 0xFF, 0xFF, 0xFF, 0xFF, 0x40, 0x00, 0x00, 0x00, 0x00, 0x00, 0x00, 0x00, 0x00, 0x00, 0x00, 0xFF, 0xFF,
	0xFF, 0xFF, 0xFF, 0xFF, 0xFF, 0xFF, 0xFF, 0xFF, 0xFF, 0xFF, 0xFF, 0xFD, 0x80, 0x00, 0x00, 0x00, 0x00, 0x00, 0x00, 0x00, 0x00, 0x00, 0x00, 0x00,
	0x04, 0xFF, 0xFF, 0xFF, 0x00, 0x00, 0x00, 0x00, 0x00, 0x00, 0x00, 0x00, 0x00, 0x00, 0x00, 0x00, 0x00, 0x00, 0x00, 0x00, 0x00, 0x1F, 0xFF, 0xFF,
	0xFF, 0xFF, 0xFF, 0x60, 0x00, 0x00, 0x00, 0x00, 0x00, 0x00, 0x00, 0x00, 0x04, 0xFF, 0xFF, 0xFF, 0xFF, 0xFF, 0xFF, 0xFF, 0xFF, 0xFF, 0xFF, 0xFF,
	0xFF, 0xFC, 0x10, 0x00, 0x00, 0x00, 0x00, 0x00, 0x00, 0x00, 0x00, 0x8F, 0xFF, 0xFF, 0xFF, 0xF9, 0x00, 0x00, 0x00, 0x00, 0x00, 0x00, 0x00, 0x00,
	0x00, 0x00, 0x00, 0x00, 0x00, 0x00, 0x00, 0x00, 0x01, 0xEF, 0xFF, 0xFF, 0xFF, 0xFF, 0xFF, 0xFF, 0xFF, 0xFB, 0x00, 0x00, 0x00, 0x00, 0x00, 0x00,
	0x00, 0x4F, 0xFF, 0xFF, 0xFF, 0xFF, 0xFF, 0x40, 0x00, 0x00, 0x00, 0x00, 0x00, 0x00, 0x00, 0x00, 0x00, 0x00, 0xFF, 0xFF, 0xFF, 0xFF, 0xFF, 0xFF,
	0xFF, 0xFF, 0xFF, 0xFF, 0xFF, 0xFF, 0xFF, 0xFF, 0xFC, 0x10, 0x00, 0x00, 0x00, 0x00, 0x00, 0x00, 0x00, 0x00, 0x00, 0x00, 0x04, 0xFF, 0xFF, 0xFF,
	0x00, 0x00, 0x00, 0x00, 0x00, 0x00, 0x00, 0x00, 0x00, 0x00, 0x00, 0x00, 0x00, 0x00, 0x00, 0x00, 0x00, 0x6F, 0xFF, 0xFF, 0xFF, 0xFF, 0xFF, 0xA0,
	0x00, 0x00, 0x00, 0x00, 0x00, 0x00, 0x00, 0x00, 0x04, 0xFF, 0xFF, 0xFF, 0xFF, 0xFF, 0xFF, 0xFF, 0xFF, 0xFF, 0xFF, 0xFF, 0xFF, 0xFF, 0xC0, 0x00,
	0x00, 0x00, 0x00, 0x00, 0x00, 0x00, 0x03, 0xFF, 0xFF, 0xFF, 0xFF, 0xF8, 0x00, 0x00, 0x00, 0x00, 0x00, 0x00, 0x00, 0x00, 0x00, 0x00, 0x00, 0x00,
	0x00, 0x00, 0x00, 0x00, 0x06, 0xFF, 0xFF, 0xFF, 0xFF, 0xFF, 0xFF, 0xFF, 0xFF, 0xFF, 0x20, 0x00, 0x00, 0x00, 0x00, 0x00, 0x00, 0x4F, 0xFF, 0xFF,
	0xFF, 0xFF, 0xFF, 0x40, 0x00, 0x00, 0x00, 0x00, 0x00, 0x00, 0x00, 0x00, 0x00, 0x00, 0xFF, 0xFF, 0xFF, 0xFF, 0xFF, 0xFF, 0xFF, 0xFF, 0xFF, 0xFF,
	0xFF, 0xFF, 0xFF, 0xFF, 0xFF, 0xC1, 0x00, 0x00, 0x00, 0x00, 0x00, 0x00, 0x00, 0x00, 0x00, 0x00, 0x04, 0xFF, 0xFF, 0xFF, 0x00, 0x00, 0x00, 0x00,
	0x00, 0x00, 0x00, 0x00, 0x00, 0x00, 0x00, 0x00, 0x00, 0x00, 0x00, 0x00, 0x00, 0xAF, 0xFF, 0xFF, 0xFF, 0xFF, 0xFF, 0xF1, 0x00, 0x00, 0x00, 0x00,
	0x00, 0x00, 0x00, 0x00, 0x04, 0xFF, 0xFF, 0xFF, 0xFF, 0xFF, 0xFF, 0xFF, 0xFF, 0xFF, 0xFF, 0xFF, 0xFF, 0xFF, 0xF8, 0x00, 0x00, 0x00, 0x00, 0x00,
	0x00, 0x00, 0x0C, 0xFF, 0xFF, 0xFF, 0xFF, 0xF5, 0x00, 0x00, 0x00, 0x00, 0x00, 0x00, 0x00, 0x00, 0x00, 0x00, 0x00, 0x00, 0x00, 0x00, 0x00, 0x00,
	0x09, 0xFF, 0xFF, 0xFF, 0xFF, 0xFF, 0xFF, 0xFF, 0xFF, 0xFF, 0x70, 0x00, 0x00, 0x00, 0x00, 0x00, 0x00, 0x4F, 0xFF, 0xFF, 0xFF, 0xFF, 0xFF, 0x40,
	0x00, 0x00, 0x00, 0x00, 0x00, 0x00, 0x00, 0x00, 0x00, 0x00, 0xFF, 0xFF, 0xFF, 0xFF, 0xFF, 0xFF, 0xFF, 0xFF, 0xFF, 0xFF, 0xFF, 0xFF, 0xFF, 0xFF,
	0xFF, 0xF8, 0x00, 0x00, 0x00, 0x00, 0x00, 0x00, 0x00, 0x00, 0x00, 0x00, 0x04, 0xFF, 0xFF, 0xFF, 0x00, 0x00, 0x00, 0x00, 0x00, 0x00, 0x00, 0x00,
	0x00, 0x00, 0x00, 0x00, 0x00, 0x00, 0x00, 0x00, 0x00, 0xEF, 0xFF, 0xFA, 0x06, 0xFF, 0xFF, 0xF6, 0x00, 0x00, 0x00, 0x00, 0x00, 0x00, 0x00, 0x00,
	0x04, 0xFF, 0xFF, 0xFB, 0x00, 0x00, 0x00, 0x00, 0x03, 0x45, 0x8C, 0xFF, 0xFF, 0xFF, 0xFD, 0x00, 0x00, 0x00, 0x00, 0x00, 0x00, 0x00, 0x8F, 0xFF,
	0xFF, 0xFF, 0xFF, 0xF3, 0x00, 0x00, 0x00, 0x00, 0x00, 0x00, 0x00, 0x00, 0x00, 0x00, 0x00, 0x00, 0x00, 0x00, 0x00, 0x00, 0x0E, 0xFF, 0xFF, 0xFF,
	0xFF, 0xFF, 0xFF, 0xFF, 0xFF, 0xFF, 0xB0, 0x00, 0x00, 0x00, 0x00, 0x00, 0x00, 0x4F, 0xFF, 0xFF, 0xFF, 0xFF, 0xFF, 0x40, 0x00, 0x00, 0x00, 0x00,
	0x00, 0x00, 0x00, 0x00, 0x00, 0x00, 0xFF, 0xFF, 0xFF, 0xFF, 0xFF, 0xFF, 0xFF, 0xFF, 0xFF, 0xFF, 0xFF, 0xFF, 0xFF, 0xFF, 0xFF, 0xFF, 0x20, 0x00,
	0x00, 0x00, 0x00, 0x00, 0x00, 0x00, 0x00, 0x00, 0x04, 0xFF, 0xFF, 0xFF, 0x00, 0x00, 0x00, 0x00, 0x00, 0x00, 0x00, 0x00, 0x00, 0x00, 0x00, 0x00,
	0x00, 0x00, 0x00, 0x00, 0x05, 0xFF, 0xFF, 0xF7, 0x01, 0xFF, 0xFF, 0xF9, 0x00, 0x00, 0x00, 0x00, 0x00, 0x00, 0x00, 0x00, 0x04, 0xFF, 0xFF, 0xFB,
	0x00, 0x00, 0x00, 0x00, 0x00, 0x00, 0x00, 0x4E, 0xFF, 0xFF, 0xFF, 0x30, 0x00, 0x00, 0x00, 0x00, 0x00, 0x02, 0xEF, 0xFF, 0xFF, 0xFF, 0xFF, 0xF0,
	0x00, 0x00, 0x00, 0x00, 0x00, 0x00, 0x00, 0x00, 0x00, 0x00, 0x00, 0x00, 0x00, 0x00, 0x00, 0x00, 0x3F, 0xFF, 0xFF, 0xFF, 0xFF, 0xFF, 0xFF, 0xFF,
	0xFF, 0xFF, 0xF1, 0x00, 0x00, 0x00, 0x00, 0x00, 0x00, 0x4F, 0xFF, 0xFF, 0xFF, 0xFF, 0xFF, 0x40, 0x00, 0x00, 0x00, 0x00, 0x00, 0x00, 0x00, 0x00,
	0x00, 0x00, 0xFF, 0xFF, 0xFF, 0xFF, 0xFF, 0xFF, 0xFF, 0xFF, 0xFF, 0xFF, 0xFF, 0xFF, 0xFF, 0xFF, 0xFF, 0xFF, 0x80, 0x00, 0x00, 0x00, 0x00, 0x00,
	0x00, 0x00, 0x00, 0x00, 0x04, 0xFF, 0xFF, 0xFF, 0x00, 0x00, 0x00, 0x00, 0x00, 0x00, 0x00, 0x00, 0x00, 0x00, 0x00, 0x00, 0x00, 0x00, 0x00, 0x00,
	0x09, 0xFF, 0xFF, 0xF2, 0x00, 0xBF, 0xFF, 0xFE, 0x00, 0x00, 0x00, 0x00, 0x00, 0x00, 0x00, 0x00, 0x04, 0xFF, 0xFF, 0xFB, 0x00, 0x00, 0x00, 0x00,
	0x00, 0x00, 0x00, 0x04, 0xFF, 0xFF, 0xFF, 0x70, 0x00, 0x00, 0x00, 0x00, 0x00, 0x0B, 0xFF, 0xFF, 0xFF, 0xFF, 0xFF, 0xD0, 0x00, 0x00, 0x00, 0x00,
	0x00, 0x00, 0x00, 0x00, 0x00, 0x00, 0x00, 0x00, 0x00, 0x00, 0x00, 0x00, 0x8F, 0xFF, 0xFF, 0xFF, 0xFF, 0xFF, 0xFF, 0xFF, 0xFF, 0xFF, 0xF5, 0x00,
	0x00, 0x00, 0x00, 0x00, 0x00, 0x4F, 0xFF, 0xFF, 0xFF, 0xFF, 0xFF, 0x40, 0x00, 0x00, 0x00, 0x00, 0x00, 0x00, 0x00, 0x00, 0x00, 0x00, 0xFF, 0xFF,
	0xFF, 0xFF, 0xFF, 0xFF, 0xFF, 0xFF, 0xFF, 0xFF, 0xFF, 0xFF, 0xFF, 0xFF, 0xFF, 0xFF, 0xC0, 0x00, 0x00, 0x00, 0x00, 0x00, 0x00, 0x00, 0x00, 0x00,
	0x04, 0xFF, 0xFF, 0xFF, 0x00, 0x00, 0x00, 0x00, 0x00, 0x00, 0x00, 0x00, 0x00, 0x00, 0x00, 0x00, 0x00, 0x00, 0x00, 0x00, 0x0E, 0xFF, 0xFF, 0xD0,
	0x00, 0x7F, 0xFF, 0xFF, 0x50, 0x00, 0x00, 0x00, 0x00, 0x00, 0x00, 0x00, 0x04, 0xFF, 0xFF, 0xFB, 0x00, 0x00, 0x00, 0x00, 0x00, 0x00, 0x00, 0x00,
	0xCF, 0xFF, 0xFF, 0x80, 0x00, 0x00, 0x00, 0x00, 0x00, 0x6F, 0xFF, 0xFF, 0xFF, 0xFF, 0xFF, 0xB0, 0x00, 0x00, 0x00, 0x00, 0x00, 0x00, 0x00, 0x00,
	0x00, 0x00, 0x00, 0x00, 0x00, 0x00, 0x00, 0x00, 0xCF, 0xFF, 0xFF, 0xFF, 0xFF, 0xBC, 0xFF, 0xFF, 0xFF, 0xFF, 0xF9, 0x00, 0x00, 0x00, 0x00, 0x00,
	0x00, 0x4F, 0xFF, 0xFF, 0xFF, 0xFF, 0xFF, 0x40, 0x00, 0x00, 0x00, 0x00, 0x00, 0x00, 0x00, 0x00, 0x00, 0x00, 0xFF, 0xFF, 0xFF, 0xFF, 0xFF, 0xF8,
	0x00, 0x00, 0x00, 0x04, 0xBF, 0xFF, 0xFF, 0xFF, 0xFF, 0xFF, 0xF0, 0x00, 0x00, 0x00, 0x00, 0x00, 0x00, 0x00, 0x00, 0x00, 0x04, 0xFF, 0xFF, 0xFF,
	0x00, 0x00, 0x00, 0x00, 0x00, 0x00, 0x00, 0x00, 0x00, 0x00, 0x00, 0x00, 0x00, 0x00, 0x00, 0x00, 0x5F, 0xFF, 0xFF, 0x80, 0x00, 0x2F, 0xFF, 0xFF,
	0x90, 0x00, 0x00, 0x00, 0x00, 0x00, 0x00, 0x00, 0x04, 0xFF, 0xFF, 0xFB, 0x00, 0x00, 0x00, 0x00, 0x00, 0x00, 0x00, 0x00, 0x8F, 0xFF, 0xFF, 0x90,
	0x00, 0x00, 0x00, 0x00, 0x01, 0xEF, 0xFF, 0xFF, 0xFF, 0xFF, 0xFF, 0x80, 0x00, 0x00, 0x00, 0x00, 0x00, 0x00, 0x00, 0x00, 0x00, 0x00, 0x00, 0x00,
	0x00, 0x00, 0x00, 0x02, 0xFF, 0xFF, 0xFF, 0xFF, 0xFF, 0x03, 0xFF, 0xFF, 0xFF, 0xFF, 0xFE, 0x00, 0x00, 0x00, 0x00, 0x00, 0x00, 0x4F, 0xFF, 0xFF,
	0xFF, 0xFF, 0xFF, 0x40, 0x00, 0x00, 0x00, 0x00, 0x00, 0x00, 0x00, 0x00, 0x00, 0x00, 0xFF, 0xFF, 0xFF, 0xFF, 0xFF, 0xF8, 0x00, 0x00, 0x00, 0x00,
	0x0B, 0xFF, 0xFF, 0xFF, 0xFF, 0xFF, 0xF3, 0x00, 0x00, 0x00, 0x00, 0x00, 0x00, 0x00, 0x00, 0x00, 0x04, 0xFF, 0xFF, 0xFF, 0x00, 0x00, 0x00, 0x00,
	0x00, 0x00, 0x00, 0x00, 0x00, 0x00, 0x00, 0x00, 0x00, 0x00, 0x00, 0x00, 0x9F, 0xFF, 0xFF, 0x30, 0x00, 0x0D, 0xFF, 0xFF, 0xE0, 0x00, 0x00, 0x00,
	0x00, 0x00, 0x00, 0x00, 0x04, 0xFF, 0xFF, 0xFB, 0x00, 0x00, 0x00, 0x00, 0x00, 0x00, 0x00, 0x00, 0x8F, 0xFF, 0xFF, 0xB0, 0x00, 0x00, 0x00, 0x00,
	0x0A, 0xFF, 0xFF, 0xFF, 0xFF, 0xFF, 0xFF, 0x80, 0x00, 0x00, 0x00, 0x00, 0x00, 0x00, 0x00, 0x00, 0x00, 0x00, 0x00, 0x00, 0x00, 0x00, 0x00, 0x06,
	0xFF, 0xFF, 0xFF, 0xFF, 0xFB, 0x00, 0xFF, 0xFF, 0xFF, 0xFF, 0xFF, 0x30, 0x00, 0x00, 0x00, 0x00, 0x00, 0x4F, 0xFF, 0xFF, 0xFF, 0xFF, 0xFF, 0x40,
	0x00, 0x00, 0x00, 0x00, 0x00, 0x00, 0x00, 0x00, 0x00, 0x00, 0xFF, 0xFF, 0xFF, 0xFF, 0xFF, 0xF8, 0x00, 0x00, 0x00, 0x00, 0x06, 0xFF, 0xFF, 0xFF,
	0xFF, 0xFF, 0xF4, 0x00, 0x00, 0x00, 0x00, 0x00, 0x00, 0x00, 0x00, 0x00, 0x04, 0xFF, 0xFF, 0xFF, 0x00, 0x00, 0x00, 0x00, 0x00, 0x00, 0x00, 0x00,
	0x00, 0x00, 0x00, 0x00, 0x00, 0x00, 0x00, 0x00, 0xEF, 0xFF, 0xFE, 0x00, 0x00, 0x08, 0xFF, 0xFF, 0xF5, 0x00, 0x00, 0x00, 0x00, 0x00, 0x00, 0x00,
	0x04, 0xFF, 0xFF, 0xFB, 0x00, 0x00, 0x00, 0x00, 0x00, 0x00, 0x00, 0x00, 0x5F, 0xFF, 0xFF, 0xB0, 0x00, 0x00, 0x00, 0x00, 0x4F, 0xFF, 0xFF, 0xFF,
	0xFF, 0xFF, 0xFF, 0x40, 0x00, 0x00, 0x00, 0x00, 0x00, 0x00, 0x00, 0x00, 0x00, 0x00, 0x00, 0x00, 0x00, 0x00, 0x00, 0x0A, 0xFF, 0xFF, 0xFF, 0xFF,
	0xF8, 0x00, 0xCF, 0xFF, 0xFF, 0xFF, 0xFF, 0x80, 0x00, 0x00, 0x00, 0x00, 0x00, 0x4F, 0xFF, 0xFF, 0xFF, 0xFF, 0xFF, 0x40, 0x00, 0x00, 0x00, 0x00,
	0x00, 0x00, 0x00, 0x00, 0x00, 0x00, 0xFF, 0xFF, 0xFF, 0xFF, 0xFF, 0xF8, 0x00, 0x00, 0x00, 0x00, 0x02, 0xFF, 0xFF, 0xFF, 0xFF, 0xFF, 0xF6, 0x00,
	0x00, 0x00, 0x00, 0x00, 0x00, 0x00, 0x00, 0x00, 0x04, 0xFF, 0xFF, 0xFF, 0x00, 0x00, 0x00, 0x00, 0x00, 0x00, 0x00, 0x00, 0x00, 0x00, 0x00, 0x00,
	0x00, 0x00, 0x00, 0x05, 0xFF, 0xFF, 0xF9, 0x00, 0x00, 0x03, 0xFF, 0xFF, 0xF9, 0x00, 0x00, 0x00, 0x00, 0x00, 0x00, 0x00, 0x04, 0xFF, 0xFF, 0xFB,
	0x00, 0x00, 0x00, 0x00, 0x00, 0x00, 0x00, 0x00, 0x6F, 0xFF, 0xFF, 0x90, 0x00, 0x00, 0x00, 0x01, 0xDF, 0xFF, 0xFF, 0xFF, 0xFF, 0xFF, 0xFF, 0x30,
	0x00, 0x00, 0x00, 0x00, 0x00, 0x00, 0x00, 0x00, 0x00, 0x00, 0x00, 0x00, 0x00, 0x00, 0x00, 0x0F, 0xFF, 0xFF, 0xFF, 0xFF, 0xF6, 0x00, 0x9F, 0xFF,
	0xFF, 0xFF, 0xFF, 0xC0, 0x00, 0x00, 0x00, 0x00, 0x00, 0x4F, 0xFF, 0xFF, 0xFF, 0xFF, 0xFF, 0x40, 0x00, 0x00, 0x00, 0x00, 0x00, 0x00, 0x00, 0x00,
	0x00, 0x00, 0xFF, 0xFF, 0xFF, 0xFF, 0xFF, 0xF8, 0x00, 0x00, 0x00, 0x00, 0x00, 0xFF, 0xFF, 0xFF, 0xFF, 0xFF, 0xF8, 0x00, 0x00, 0x00, 0x00, 0x00,
	0x00, 0x00, 0x00, 0x00, 0x04, 0xFF, 0xFF, 0xFF, 0x00, 0x00, 0x00, 0x00, 0x00, 0x00, 0x00, 0x00, 0x00, 0x00, 0x00, 0x00, 0x00, 0x00, 0x00, 0x09,
	0xFF, 0xFF, 0xF5, 0x00, 0x00, 0x00, 0xEF, 0xFF, 0xFE, 0x00, 0x00, 0x00, 0x00, 0x00, 0x00, 0x00, 0x04, 0xFF, 0xFF, 0xFB, 0x00, 0x00, 0x00, 0x00,
	0x00, 0x00, 0x00, 0x00, 0x8F, 0xFF, 0xFF, 0x80, 0x00, 0x00, 0x00, 0x08, 0xFF, 0xFF, 0xFF, 0xFF, 0xFF, 0xFF, 0xFF, 0x00, 0x00, 0x00, 0x00, 0x00,
	0x00, 0x00, 0x00, 0x00, 0x00, 0x00, 0x00, 0x00, 0x00, 0x00, 0x00, 0x5F, 0xFF, 0xFF, 0xFF, 0xFF, 0xF2, 0x00, 0x6F, 0xFF, 0xFF, 0xFF, 0xFF, 0xF2,
	0x00, 0x00, 0x00, 0x00, 0x00, 0x4F, 0xFF, 0xFF, 0xFF, 0xFF, 0xFF, 0x40, 0x00, 0x00, 0x00, 0x00, 0x00, 0x00, 0x00, 0x00, 0x00, 0x00, 0xFF, 0xFF,
	0xFF, 0xFF, 0xFF, 0xF8, 0x00, 0x00, 0x00, 0x00, 0x00, 0xFF, 0xFF, 0xFF, 0xFF, 0xFF, 0xF8, 0x00, 0x00, 0x00, 0x00, 0x00, 0x00, 0x00, 0x00, 0x00,
	0x04, 0xFF, 0xFF, 0xFF, 0x00, 0x00, 0x00, 0x00, 0x00, 0x00, 0x00, 0x00, 0x00, 0x00, 0x00, 0x00, 0x00, 0x00, 0x00, 0x0E, 0xFF, 0xFF, 0xF0, 0x00,
	0x00, 0x00, 0x9F, 0xFF, 0xFF, 0x50, 0x00, 0x00, 0x00, 0x00, 0x00, 0x00, 0x04, 0xFF, 0xFF, 0xFB, 0x00, 0x00, 0x00, 0x00, 0x00, 0x00, 0x00, 0x00,
	0x8F, 0xFF, 0xFF, 0x60, 0x00, 0x00, 0x00, 0x3F, 0xFF, 0xFF, 0xFF, 0xFF, 0xFF, 0xFF, 0xFC, 0x00, 0x00, 0x00, 0x00, 0x00, 0x00, 0x00, 0x00, 0x00,
	0x00, 0x00, 0x00, 0x00, 0x00, 0x00, 0x00, 0x8F, 0xFF, 0xFF, 0xFF, 0xFF, 0xD0, 0x00, 0x2F, 0xFF, 0xFF, 0xFF, 0xFF, 0xF6, 0x00, 0x00, 0x00, 0x00,
	0x00, 0x4F, 0xFF, 0xFF, 0xFF, 0xFF, 0xFF, 0x40, 0x00, 0x00, 0x00, 0x00, 0x00, 0x00, 0x00, 0x00, 0x00, 0x00, 0xFF, 0xFF, 0xFF, 0xFF, 0xFF, 0xF8,
	0x00, 0x00, 0x00, 0x00, 0x00, 0xFF, 0xFF, 0xFF, 0xFF, 0xFF, 0xF8, 0x00, 0x00, 0x00, 0x00, 0x00, 0x00, 0x00, 0x00, 0x00, 0x04, 0xFF, 0xFF, 0xFF,
	0x00, 0x00, 0x00, 0x00, 0x00, 0x00, 0x00, 0x00, 0x00, 0x00, 0x00, 0x00, 0x00, 0x00, 0x00, 0x4F, 0xFF, 0xFF, 0xA0, 0x00, 0x00, 0x00, 0x5F, 0xFF,
	0xFF, 0x90, 0x00, 0x00, 0x00, 0x00, 0x00, 0x00, 0x04, 0xFF, 0xFF, 0xFB, 0x00, 0x00, 0x00, 0x00, 0x00, 0x00, 0x00, 0x00, 0xDF, 0xFF, 0xFF, 0x20,
	0x00, 0x00, 0x00, 0xCF, 0xFF, 0xFF, 0xFF, 0xFF, 0xFF, 0xFF, 0xFD, 0x88, 0x88, 0x88, 0x88, 0x88, 0x88, 0x88, 0x87, 0x20, 0x00, 0x00, 0x00, 0x00,
	0x00, 0x00, 0x00, 0xDF, 0xFF, 0xFF, 0xFF, 0xFF, 0x90, 0x00, 0x0D, 0xFF, 0xFF, 0xFF, 0xFF, 0xFA, 0x00, 0x00, 0x00, 0x00, 0x00, 0x4F, 0xFF, 0xFF,
	0xFF, 0xFF, 0xFF, 0x40, 0x00, 0x00, 0x00, 0x00, 0x00, 0x00, 0x00, 0x00, 0x00, 0x00, 0xFF, 0xFF, 0xFF, 0xFF, 0xFF, 0xF8, 0x00, 0x00, 0x00, 0x00,
	0x01, 0xFF, 0xFF, 0xFF, 0xFF, 0xFF, 0xF7, 0x00, 0x00, 0x00, 0x00, 0x00, 0x00, 0x00, 0x00, 0x00, 0x04, 0xFF, 0xFF, 0xFF, 0x00, 0x00, 0x00, 0x00,
	0x00, 0x00, 0x00, 0x00, 0x00, 0x00, 0x00, 0x00, 0x00, 0x00, 0x00, 0x8F, 0xFF, 0xFF, 0x60, 0x00, 0x00, 0x00, 0x0F, 0xFF, 0xFF, 0xE0, 0x00, 0x00,
	0x00, 0x00, 0x00, 0x00, 0x04, 0xFF, 0xFF, 0xFB, 0x00, 0x00, 0x00, 0x00, 0x00, 0x00, 0x00, 0x07, 0xFF, 0xFF, 0xFD, 0x00, 0x00, 0x00, 0x08, 0xFF,
	0xFF, 0xFF, 0xFF, 0xFF, 0xFF, 0xFF, 0xFF, 0xFF, 0xFF, 0xFF, 0xFF, 0xFF, 0xFF, 0xFF, 0xFF, 0xE2, 0x00, 0x00, 0x00, 0x00, 0x00, 0x00, 0x03, 0xFF,
	0xFF, 0xFF, 0xFF, 0xFF, 0x60, 0x00, 0x09, 0xFF, 0xFF, 0xFF, 0xFF, 0xFE, 0x00, 0x00, 0x00, 0x00, 0x00, 0x4F, 0xFF, 0xFF, 0xFF, 0xFF, 0xFF, 0x40,
	0x00, 0x00, 0x00, 0x00, 0x00, 0x00, 0x00, 0x00, 0x00, 0x00, 0xFF, 0xFF, 0xFF, 0xFF, 0xFF, 0xF8, 0x00, 0x00, 0x00, 0x00, 0x05, 0xFF, 0xFF, 0xFF,
	0xFF, 0xFF, 0xF4, 0x00, 0x00, 0x00, 0x00, 0x00, 0x00, 0x00, 0x00, 0x00, 0x04, 0xFF, 0xFF, 0xFF, 0x00, 0x00, 0x00, 0x00, 0x00, 0x00, 0x00, 0x00,
	0x00, 0x00, 0x00, 0x00, 0x00, 0x00, 0x00, 0xDF, 0xFF, 0xFF, 0x10, 0x00, 0x00, 0x00, 0x0A, 0xFF, 0xFF, 0xF5, 0x00, 0x00, 0x00, 0x00, 0x00, 0x00,
	0x04, 0xFF, 0xFF, 0xFB, 0x00, 0x00, 0x00, 0x00, 0x00, 0x00, 0x00, 0x7E, 0xFF, 0xFF, 0xF6, 0x00, 0x00, 0x00, 0x2E, 0xFF, 0xFF, 0xFF, 0xFF, 0xFF,
	0xFF, 0xFF, 0xFF, 0xFF, 0xFF, 0xFF, 0xFF, 0xFF, 0xFF, 0xFF, 0xFF, 0xF2, 0x00, 0x00, 0x00, 0x00, 0x00, 0x00, 0x07, 0xFF, 0xFF, 0xFF, 0xFF, 0xFF,
	0x20, 0x00, 0x06, 0xFF, 0xFF, 0xFF, 0xFF, 0xFF, 0x50, 0x00, 0x00, 0x00, 0x00, 0x4F, 0xFF, 0xFF, 0xFF, 0xFF, 0xFF, 0x40, 0x00, 0x00, 0x00, 0x00,
	0x00, 0x00, 0x00, 0x00, 0x00, 0x00, 0xFF, 0xFF, 0xFF, 0xFF, 0xFF, 0xF8, 0x00, 0x00, 0x00, 0x00, 0x09, 0xFF, 0xFF, 0xFF, 0xFF, 0xFF, 0xF4, 0x00,
	0x00, 0x00, 0x00, 0x00, 0x00, 0x00, 0x00, 0x00, 0x04, 0xFF, 0xFF, 0xFF, 0x00, 0x00, 0x00, 0x00, 0x00, 0x00, 0x00, 0x00, 0x00, 0x00, 0x00, 0x00,
	0x00, 0x00, 0x03, 0xFF, 0xFF, 0xFB, 0x00, 0x00, 0x00, 0x00, 0x06, 0xFF, 0xFF, 0xF9, 0x00, 0x00, 0x00, 0x00, 0x00, 0x00, 0x04, 0xFF, 0xFF, 0xFC,
	0x44, 0x44, 0x44, 0x44, 0x44, 0x47, 0x8D, 0xFF, 0xFF, 0xFF, 0x90, 0x00, 0x00, 0x00, 0xBF, 0xFF, 0xFF, 0xFF, 0xFF, 0xFF, 0xFF, 0xFF, 0xFF, 0xFF,
	0xFF, 0xFF, 0xFF, 0xFF, 0xFF, 0xFF, 0xFF, 0x80, 0x00, 0x00, 0x00, 0x00, 0x00, 0x00, 0x0B, 0xFF, 0xFF, 0xFF, 0xFF, 0xFD, 0x00, 0x00, 0x02, 0xFF,
	0xFF, 0xFF, 0xFF, 0xFF, 0x80, 0x00, 0x00, 0x00, 0x00, 0x4F, 0xFF, 0xFF, 0xFF, 0xFF, 0xFF, 0x40, 0x00, 0x00, 0x00, 0x00, 0x00, 0x00, 0x00, 0x00,
	0x00, 0x00, 0xFF, 0xFF, 0xFF, 0xFF, 0xFF, 0xF8, 0x00, 0x00, 0x00, 0x01, 0x8F, 0xFF, 0xFF, 0xFF, 0xFF, 0xFF, 0xF1, 0x00, 0x00, 0x00, 0x00, 0x00,
	0x00, 0x00, 0x00, 0x00, 0x04, 0xFF, 0xFF, 0xFF, 0x00, 0x00, 0x00, 0x00, 0x00, 0x00, 0x00, 0x00, 0x00, 0x00, 0x00, 0x00, 0x00, 0x00, 0x08, 0xFF,
	0xFF, 0xF7, 0x00, 0x00, 0x00, 0x00, 0x02, 0xFF, 0xFF, 0xFE, 0x00, 0x00, 0x00, 0x00, 0x00, 0x00, 0x04, 0xFF, 0xFF, 0xFF, 0xFF, 0xFF, 0xFF, 0xFF,
	0xFF, 0xFF, 0xFF, 0xFF, 0xFF, 0xF8, 0x00, 0x00, 0x00, 0x06, 0xFF, 0xFF, 0xFF, 0xFF, 0xFF, 0xFF, 0xFF, 0xFF, 0xFF, 0xFF, 0xFF, 0xFF, 0xFF, 0xFF,
	0xFF, 0xFF, 0xFD, 0x00, 0x00, 0x00, 0x00, 0x00, 0x00, 0x00, 0x1F, 0xFF, 0xFF, 0xFF, 0xFF, 0xF9, 0x00, 0x00, 0x00, 0xDF, 0xFF, 0xFF, 0xFF, 0xFF,
	0xD0, 0x00, 0x00, 0x00, 0x00, 0x4F, 0xFF, 0xFF, 0xFF, 0xFF, 0xFF, 0x40, 0x00, 0x00, 0x00, 0x00, 0x00, 0x00, 0x00, 0x00, 0x00, 0x00, 0xFF, 0xFF,
	0xFF, 0xFF, 0xFF, 0xFD, 0xBB, 0xBB, 0xBB, 0xCF, 0xFF, 0xFF, 0xFF, 0xFF, 0xFF, 0xFF, 0xD0, 0x00, 0x00, 0x00, 0x00, 0x00, 0x00, 0x00, 0x00, 0x00,
	0x04, 0xFF, 0xFF, 0xFF, 0x00, 0x00, 0x00, 0x00, 0x00, 0x00, 0x00, 0x00, 0x00, 0x00, 0x00, 0x00, 0x00, 0x00, 0x0D, 0xFF, 0xFF, 0xF2, 0x00, 0x00,
	0x00, 0x00, 0x00, 0xCF, 0xFF, 0xFF, 0x30, 0x00, 0x00, 0x00, 0x00, 0x00, 0x04, 0xFF, 0xFF, 0xFF, 0xFF, 0xFF, 0xFF, 0xFF, 0xFF, 0xFF, 0xFF, 0xFF,
	0xC8, 0x30, 0x00, 0x00, 0x00, 0x1E, 0xFF, 0xFF, 0xFF, 0xFF, 0xFF, 0xFF, 0xFF, 0xFF, 0xFF, 0xFF, 0xFF, 0xFF, 0xFF, 0xFF, 0xFF, 0xFF, 0xF4, 0x00,
	0x00, 0x00, 0x00, 0x00, 0x00, 0x00, 0x6F, 0xFF, 0xFF, 0xFF, 0xFF, 0xF6, 0x00, 0x00, 0x00, 0x9F, 0xFF, 0xFF, 0xFF, 0xFF, 0xF2, 0x00, 0x00, 0x00,
	0x00, 0x4F, 0xFF, 0xFF, 0xFF, 0xFF, 0xFF, 0x40, 0x00, 0x00, 0x00, 0x00, 0x00, 0x00, 0x00, 0x00, 0x00, 0x00, 0xFF, 0xFF, 0xFF, 0xFF, 0xFF, 0xFF,
	0xFF, 0xFF, 0xFF, 0xFF, 0xFF, 0xFF, 0xFF, 0xFF, 0xFF, 0xFF, 0x90, 0x00, 0x00, 0x00, 0x00, 0x00, 0x00, 0x00, 0x00, 0x00, 0x04, 0xFF, 0xFF, 0xFF,
	0x00, 0x00, 0x00, 0x00, 0x00, 0x00, 0x00, 0x00, 0x00, 0x00, 0x00, 0x00, 0x00, 0x00, 0x3F, 0xFF, 0xFF, 0xC0, 0x00, 0x00, 0x00, 0x00, 0x00, 0x7F,
	0xFF, 0xFF, 0x80, 0x00, 0x00, 0x00, 0x00, 0x00, 0x04, 0xFF, 0xFF, 0xFF, 0xFF, 0xFF, 0xFF, 0xFF, 0xFF, 0xFF, 0xFF, 0xFC, 0x86, 0x10, 0x00, 0x00,
	0x00, 0xAF, 0xFF, 0xFF, 0xFF, 0xFF, 0xFF, 0xFF, 0xFF, 0xFF, 0xFF, 0xFF, 0xFF, 0xFF, 0xFF, 0xFF, 0xFF, 0xFF, 0x80, 0x00, 0x00, 0x00, 0x00, 0x00,
	0x00, 0x00, 0x9F, 0xFF, 0xFF, 0xFF, 0xFF, 0xF2, 0x00, 0x00, 0x00, 0x6F, 0xFF, 0xFF, 0xFF, 0xFF, 0xF7, 0x00, 0x00, 0x00, 0x00, 0x4F, 0xFF, 0xFF,
	0xFF, 0xFF, 0xFF, 0x40, 0x00, 0x00, 0x00, 0x00, 0x00, 0x00, 0x00, 0x00, 0x00, 0x00, 0xFF, 0xFF, 0xFF, 0xFF, 0xFF, 0xFF, 0xFF, 0xFF, 0xFF, 0xFF,
	0xFF, 0xFF, 0xFF, 0xFF, 0xFF, 0xFF, 0x40, 0x00, 0x00, 0x00, 0x00, 0x00, 0x00, 0x00, 0x00, 0x00, 0x04, 0xFF, 0xFF, 0xFF, 0x00, 0x00, 0x00, 0x00,
	0x00, 0x00, 0x00, 0x00, 0x00, 0x00, 0x00, 0x00, 0x00, 0x00, 0x8F, 0xFF, 0xFF, 0x80, 0x00, 0x00, 0x00, 0x00, 0x00, 0x3F, 0xFF, 0xFF, 0xD0, 0x00,
	0x00, 0x00, 0x00, 0x00, 0x04, 0xFF, 0xFF, 0xFF, 0xFF, 0xFF, 0xFF, 0xFF, 0xFF, 0xFF, 0xFF, 0xFF, 0xFF, 0xF9, 0x10, 0x00, 0x04, 0xFF, 0xFF, 0xFF,
	0xFF, 0xFF, 0xFF, 0xFF, 0xFF, 0xFF, 0xFF, 0xFF, 0xFF, 0xFF, 0xFF, 0xFF, 0xFF, 0xFD, 0x10, 0x00, 0x00, 0x00, 0x00, 0x00, 0x00, 0x00, 0xEF, 0xFF,
	0xFF, 0xFF, 0xFF, 0xD0, 0x00, 0x00, 0x00, 0x2F, 0xFF, 0xFF, 0xFF, 0xFF, 0xFA, 0x00, 0x00, 0x00, 0x00, 0x4F, 0xFF, 0xFF, 0xFF, 0xFF, 0xFF, 0x40,
	0x00, 0x00, 0x00, 0x00, 0x00, 0x00, 0x00, 0x00, 0x00, 0x00, 0xFF, 0xFF, 0xFF, 0xFF, 0xFF, 0xFF, 0xFF, 0xFF, 0xFF, 0xFF, 0xFF, 0xFF, 0xFF, 0xFF,
	0xFF, 0xFB, 0x00, 0x00, 0x00, 0x00, 0x00, 0x00, 0x00, 0x00, 0x00, 0x00, 0x04, 0xFF, 0xFF, 0xFF, 0x00, 0x00, 0x00, 0x00, 0x00, 0x00, 0x00, 0x00,
	0x00, 0x00, 0x00, 0x00, 0x00, 0x00, 0xDF, 0xFF, 0xFF, 0x30, 0x00, 0x00, 0x00, 0x00, 0x00, 0x0D, 0xFF, 0xFF, 0xF3, 0x00, 0x00, 0x00, 0x00, 0x00,
	0x04, 0xFF, 0xFF, 0xFD, 0x88, 0x88, 0x88, 0x88, 0x88, 0xBB, 0xEF, 0xFF, 0xFF, 0xFF, 0xD3, 0x00, 0x1D, 0xFF, 0xFF, 0xFF, 0xFF, 0xFF, 0xFF, 0xFF,
	0xFF, 0xFF, 0xFF, 0xFF, 0xFF, 0xFF, 0xFF, 0xFF, 0xFF, 0xF4, 0x00, 0x00, 0x00, 0x00, 0x00, 0x00, 0x00, 0x04, 0xFF, 0xFF, 0xFF, 0xFF, 0xFF, 0x90,
	0x00, 0x00, 0x00, 0x0D, 0xFF, 0xFF, 0xFF, 0xFF, 0xFF, 0x10, 0x00, 0x00, 0x00, 0x4F, 0xFF, 0xFF, 0xFF, 0xFF, 0xFF, 0x40, 0x00, 0x00, 0x00, 0x00,
	0x00, 0x00, 0x00, 0x00, 0x00, 0x00, 0xFF, 0xFF, 0xFF, 0xFF, 0xFF, 0xFF, 0xFF, 0xFF, 0xFF, 0xFF, 0xFF, 0xFF, 0xFF, 0xFF, 0xFF, 0xF3, 0x00, 0x00,
	0x00, 0x00, 0x00, 0x00, 0x00, 0x00, 0x00, 0x00, 0x04, 0xFF, 0xFF, 0xFF, 0x00, 0x00, 0x00, 0x00, 0x00, 0x00, 0x00, 0x00, 0x00, 0x00, 0x00, 0x00,
	0x00, 0x03, 0xFF, 0xFF, 0xFD, 0x00, 0x00, 0x00, 0x00, 0x00, 0x00, 0x08, 0xFF, 0xFF, 0xF8, 0x00, 0x00, 0x00, 0x00, 0x00, 0x04, 0xFF, 0xFF, 0xFB,
	0x00, 0x00, 0x00, 0x00, 0x00, 0x00, 0x03, 0x8E, 0xFF, 0xFF, 0xFC, 0x10, 0x8F, 0xFF, 0xFF, 0xFF, 0xFF, 0xFF, 0xFF, 0xFF, 0xFF, 0xFF, 0xFF, 0xFF,
	0xFF, 0xFF, 0xFF, 0xFF, 0xFF, 0xA0, 0x00, 0x00, 0x00, 0x00, 0x00, 0x00, 0x00, 0x08, 0xFF, 0xFF, 0xFF, 0xFF, 0xFF, 0xFF, 0xFF, 0xFF, 0xFF, 0xFF,
	0xFF, 0xFF, 0xFF, 0xFF, 0xFF, 0x50, 0x00, 0x00, 0x00, 0x4F, 0xFF, 0xFF, 0xFF, 0xFF, 0xFF, 0x40, 0x00, 0x00, 0x00, 0x00, 0x00, 0x00, 0x00, 0x00,
	0x00, 0x00, 0xFF, 0xFF, 0xFF, 0xFF, 0xFF, 0xFF, 0xFF, 0xFF, 0xFF, 0xFF, 0xFF, 0xFF, 0xFF, 0xFF, 0xFF, 0x60, 0x00, 0x00, 0x00, 0x00, 0x00, 0x00,
	0x00, 0x00, 0x00, 0x00, 0x04, 0xFF, 0xFF, 0xFF, 0x00, 0x00, 0x00, 0x00, 0x00, 0x00, 0x00, 0x00, 0x00, 0x00, 0x00, 0x00, 0x00, 0x08, 0xFF, 0xFF,
	0xFF, 0xFF, 0xFF, 0xFF, 0xFF, 0xFF, 0xFF, 0xFF, 0xFF, 0xFF, 0xFD, 0x00, 0x00, 0x00, 0x00, 0x00, 0x04, 0xFF, 0xFF, 0xFB, 0x00, 0x00, 0x00, 0x00,
	0x00, 0x00, 0x00, 0x03, 0xEF, 0xFF, 0xFF, 0x80, 0xFF, 0xFF, 0xFF, 0xFF, 0xFF, 0xFF, 0xFF, 0xFF, 0xFF, 0xFF, 0xFF, 0xFF, 0xFF, 0xFF, 0xFF, 0xFF,
	0xFE, 0x10, 0x00, 0x00, 0x00, 0x00, 0x00, 0x00, 0x00, 0x0C, 0xFF, 0xFF, 0xFF, 0xFF, 0xFF, 0xFF, 0xFF, 0xFF, 0xFF, 0xFF, 0xFF, 0xFF, 0xFF, 0xFF,
	0xFF, 0x90, 0x00, 0x00, 0x00, 0x4F, 0xFF, 0xFF, 0xFF, 0xFF, 0xFF, 0x40, 0x00, 0x00, 0x00, 0x00, 0x00, 0x00, 0x00, 0x00, 0x00, 0x00, 0xFF, 0xFF,
	0xFF, 0xFF, 0xFF, 0xFF, 0xFF, 0xFF, 0xFF, 0xFF, 0xFF, 0xFF, 0xFF, 0xFF, 0xD3, 0x00, 0x00, 0x00, 0x00, 0x00, 0x00, 0x00, 0x00, 0x00, 0x00, 0x00,
	0x04, 0xFF, 0xFF, 0xFF, 0x00, 0x00, 0x00, 0x00, 0x00, 0x00, 0x00, 0x00, 0x00, 0x00, 0x00, 0x00, 0x00, 0x0D, 0xFF, 0xFF, 0xFF, 0xFF, 0xFF, 0xFF,
	0xFF, 0xFF, 0xFF, 0xFF, 0xFF, 0xFF, 0xFF, 0x30, 0x00, 0x00, 0x00, 0x00, 0x04, 0xFF, 0xFF, 0xFB, 0x00, 0x00, 0x00, 0x00, 0x00, 0x00, 0x00, 0x00,
	0x6F, 0xFF, 0xFF, 0xE1, 0x9F, 0xFF, 0xFF, 0xFF, 0xFF, 0xFF, 0xFF, 0xFF, 0xFF, 0xFF, 0xFF, 0xFF, 0xFF, 0xFF, 0xFF, 0xFF, 0xF5, 0x00, 0x00, 0x00,
	0x00, 0x00, 0x00, 0x00, 0x00, 0x2F, 0xFF, 0xFF, 0xFF, 0xFF, 0xFF, 0xFF, 0xFF, 0xFF, 0xFF, 0xFF, 0xFF, 0xFF, 0xFF, 0xFF, 0xFF, 0xD0, 0x00, 0x00,
	0x00, 0x4F, 0xFF, 0xFF, 0xFF, 0xFF, 0xFF, 0x40, 0x00, 0x00, 0x00, 0x00, 0x00, 0x00, 0x00, 0x00, 0x00, 0x00, 0xFF, 0xFF, 0xFF, 0xFF, 0xFF, 0xFF,
	0xFF, 0xFF, 0xFF, 0xFF, 0xFF, 0xFF, 0xFE, 0xA6, 0x00, 0x00, 0x00, 0x00, 0x00, 0x00, 0x00, 0x00, 0x00, 0x00, 0x00, 0x00, 0x04, 0xFF, 0xFF, 0xFF,
	0x00, 0x00, 0x00, 0x00, 0x00, 0x00, 0x00, 0x00, 0x00, 0x00, 0x00, 0x00, 0x00, 0x2F, 0xFF, 0xFF, 0xFF, 0xFF, 0xFF, 0xFF, 0xFF, 0xFF, 0xFF, 0xFF,
	0xFF, 0xFF, 0xFF, 0x80, 0x00, 0x00, 0x00, 0x00, 0x04, 0xFF, 0xFF, 0xFB, 0x00, 0x00, 0x00, 0x00, 0x00, 0x00, 0x00, 0x00, 0x0D, 0xFF, 0xFF, 0xF5,
	0x04, 0x44, 0x44, 0x44, 0x44, 0x44, 0x44, 0x44, 0x4C, 0xFF, 0xFF, 0xFF, 0xFF, 0xFF, 0xFF, 0xFF, 0xA0, 0x00, 0x00, 0x00, 0x00, 0x00, 0x00, 0x00,
	0x00, 0x7F, 0xFF, 0xFF, 0xFF, 0xFF, 0xFF, 0xFF, 0xFF, 0xFF, 0xFF, 0xFF, 0xFF, 0xFF, 0xFF, 0xFF, 0xFF, 0xF3, 0x00, 0x00, 0x00, 0x4F, 0xFF, 0xFF,
	0xFF, 0xFF, 0xFF, 0x40, 0x00, 0x00, 0x00, 0x00, 0x00, 0x00, 0x00, 0x00, 0x00, 0x00, 0xFF, 0xFF, 0xFF, 0xFF, 0xFF, 0xF9, 0x46, 0x88, 0x88, 0x88,
	0x88, 0x84, 0x30, 0x00, 0x00, 0x00, 0x00, 0x00, 0x00, 0x00, 0x00, 0x00, 0x00, 0x00, 0x00, 0x00, 0x04, 0xFF, 0xFF, 0xFF, 0x00, 0x00, 0x00, 0x00,
	0x00, 0x00, 0x00, 0x00, 0x00, 0x00, 0x00, 0x00, 0x00, 0x7F, 0xFF, 0xFF, 0xFF, 0xFF, 0xFF, 0xFF, 0xFF, 0xFF, 0xFF, 0xFF, 0xFF, 0xFF, 0xFF, 0xD0,
	0x00, 0x00, 0x00, 0x00, 0x04, 0xFF, 0xFF, 0xFB, 0x00, 0x00, 0x00, 0x00, 0x00, 0x00, 0x00, 0x00, 0x09, 0xFF, 0xFF, 0xF8, 0x00, 0x00, 0x00, 0x00,
	0x00, 0x00, 0x00, 0x00, 0x0C, 0xFF, 0xFF, 0xFF, 0xFF, 0xFF, 0xFF, 0xFE, 0x10, 0x00, 0x00, 0x00, 0x00, 0x00, 0x00, 0x00, 0x00, 0xAF, 0xFF, 0xFF,
	0xFF, 0xFF, 0xFF, 0xFF, 0xFF, 0xFF, 0xFF, 0xFF, 0xFF, 0xFF, 0xFF, 0xFF, 0xFF, 0xF8, 0x00, 0x00, 0x00, 0x4F, 0xFF, 0xFF, 0xFF, 0xFF, 0xFF, 0x40,
	0x00, 0x00, 0x00, 0x00, 0x00, 0x00, 0x00, 0x00, 0x00, 0x00, 0xFF, 0xFF, 0xFF, 0xFF, 0xFF, 0xF8, 0x00, 0x00, 0x00, 0x00, 0x00, 0x00, 0x00, 0x00,
	0x00, 0x00, 0x00, 0x00, 0x00, 0x00, 0x00, 0x00, 0x00, 0x00, 0x00, 0x00, 0x04, 0xFF, 0xFF, 0xFF, 0x00, 0x00, 0x00, 0x00, 0x00, 0x00, 0x00, 0x00,
	0x00, 0x00, 0x00, 0x00, 0x00, 0xCF, 0xFF, 0xFF, 0xFF, 0xFF, 0xFF, 0xFF, 0xFF, 0xFF, 0xFF, 0xFF, 0xFF, 0xFF, 0xFF, 0xF3, 0x00, 0x00, 0x00, 0x00,
	0x04, 0xFF, 0xFF, 0xFB, 0x00, 0x00, 0x00, 0x00, 0x00, 0x00, 0x00, 0x00, 0x08, 0xFF, 0xFF, 0xFB, 0x00, 0x00, 0x00, 0x00, 0x00, 0x00, 0x00, 0x00,
	0x0F, 0xFF, 0xFF, 0xFF, 0xFF, 0xFF, 0xFF, 0xF7, 0x00, 0x00, 0x00, 0x00, 0x00, 0x00, 0x00, 0x00, 0x00, 0xFF, 0xFF, 0xFF, 0xFF, 0xFF, 0xFF, 0xFF,
	0xFF, 0xFF, 0xFF, 0xFF, 0xFF, 0xFF, 0xFF, 0xFF, 0xFF, 0xFC, 0x00, 0x00, 0x00, 0x4F, 0xFF, 0xFF, 0xFF, 0xFF, 0xFF, 0x40, 0x00, 0x00, 0x00, 0x00,
	0x00, 0x00, 0x00, 0x00, 0x00, 0x00, 0xFF, 0xFF, 0xFF, 0xFF, 0xFF, 0xF8, 0x00, 0x00, 0x00, 0x00, 0x00, 0x00, 0x00, 0x00, 0x00, 0x00, 0x00, 0x00,
	0x00, 0x00, 0x00, 0x00, 0x00, 0x00, 0x00, 0x00, 0x04, 0xFF, 0xFF, 0xFF, 0x00, 0x00, 0x00, 0x00, 0x00, 0x00, 0x00, 0x00, 0x00, 0x00, 0x00, 0x00,
	0x02, 0xFF, 0xFF, 0xFF, 0x88, 0x88, 0x88, 0x88, 0x88, 0x88, 0x88, 0x88, 0x8C, 0xFF, 0xFF, 0xF8, 0x00, 0x00, 0x00, 0x00, 0x04, 0xFF, 0xFF, 0xFB,
	0x00, 0x00, 0x00, 0x00, 0x00, 0x00, 0x00, 0x00, 0x07, 0xFF, 0xFF, 0xFE, 0x00, 0x00, 0x00, 0x00, 0x00, 0x00, 0x00, 0x00, 0x2F, 0xFF, 0xFF, 0xFF,
	0xFF, 0xFF, 0xFF, 0xB0, 0x00, 0x00, 0x00, 0x00, 0x00, 0x00, 0x00, 0x00, 0x05, 0xFF, 0xFF, 0xFF, 0xFF, 0xFF, 0xFF, 0xFF, 0xFF, 0xFF, 0xFF, 0xFF,
	0xFF, 0xFF, 0xFF, 0xFF, 0xFF, 0xFF, 0x10, 0x00, 0x00, 0x4F, 0xFF, 0xFF, 0xFF, 0xFF, 0xFF, 0x40, 0x00, 0x00, 0x00, 0x00, 0x00, 0x00, 0x00, 0x00,
	0x00, 0x00, 0xFF, 0xFF, 0xFF, 0xFF, 0xFF, 0xF8, 0x00, 0x00, 0x00, 0x00, 0x00, 0x00, 0x00, 0x00, 0x00, 0x00, 0x00, 0x00, 0x00, 0x00, 0x00, 0x00,
	0x00, 0x00, 0x00, 0x00, 0x04, 0xFF, 0xFF, 0xFF, 0x00, 0x00, 0x00, 0x00, 0x00, 0x00, 0x00, 0x00, 0x00, 0x00, 0x00, 0x00, 0x07, 0xFF, 0xFF, 0xFA,
	0x00, 0x00, 0x00, 0x00, 0x00, 0x00, 0x00, 0x00, 0x06, 0xFF, 0xFF, 0xFD, 0x00, 0x00, 0x00, 0x00, 0x04, 0xFF, 0xFF, 0xFB, 0x00, 0x00, 0x00, 0x00,
	0x00, 0x00, 0x00, 0x00, 0x04, 0xFF, 0xFF, 0xFF, 0x00, 0x00, 0x00, 0x00, 0x00, 0x00, 0x00, 0x00, 0x4F, 0xFF, 0xFF, 0xFF, 0xFF, 0xFF, 0xFE, 0x20,
	0x00, 0x00, 0x00, 0x00, 0x00, 0x00, 0x00, 0x00, 0x09, 0xFF, 0xFF, 0xFF, 0xFF, 0xFF, 0xFF, 0xFF, 0xFF, 0xFF, 0xFF, 0xFF, 0xFF, 0xFF, 0xFF, 0xFF,
	0xFF, 0xFF, 0x60, 0x00, 0x00, 0x4F, 0xFF, 0xFF, 0xFF, 0xFF, 0xFF, 0x50, 0x00, 0x00, 0x00, 0x00, 0x00, 0x00, 0x00, 0x00, 0x00, 0x00, 0xFF, 0xFF,
	0xFF, 0xFF, 0xFF, 0xF8, 0x00, 0x00, 0x00, 0x00, 0x00, 0x00, 0x00, 0x00, 0x00, 0x00, 0x00, 0x00, 0x00, 0x00, 0x00, 0x00, 0x00, 0x00, 0x00, 0x00,
	0x04, 0xFF, 0xFF, 0xFF, 0x00, 0x00, 0x00, 0x00, 0x00, 0x00, 0x00, 0x00, 0x00, 0x00, 0x00, 0x00, 0x0C, 0xFF, 0xFF, 0xF7, 0x00, 0x00, 0x00, 0x00,
	0x00, 0x00, 0x00, 0x00, 0x02, 0xFF, 0xFF, 0xFF, 0x30, 0x00, 0x00, 0x00, 0x04, 0xFF, 0xFF, 0xFB, 0x00, 0x00, 0x00, 0x00, 0x00, 0x00, 0x00, 0x00,
	0x06, 0xFF, 0xFF, 0xFF, 0x00, 0x00, 0x00, 0x00, 0x00, 0x00, 0x00, 0x00, 0x7F, 0xFF, 0xFF, 0xFF, 0xFF, 0xFF, 0xF7, 0x00, 0x00, 0x00, 0x00, 0x00,
	0x00, 0x00, 0x00, 0x00, 0x0D, 0xFF, 0xFF, 0xFF, 0xFF, 0xFF, 0x84, 0x44, 0x44, 0x44, 0x44, 0x44, 0x49, 0xFF, 0xFF, 0xFF, 0xFF, 0xFF, 0xA0, 0x00,
	0x00, 0x4F, 0xFF, 0xFF, 0xFF, 0xFF, 0xFF, 0xD4, 0x00, 0x00, 0x00, 0x00, 0x00, 0x00, 0x00, 0x00, 0x00, 0x00, 0xFF, 0xFF, 0xFF, 0xFF, 0xFF, 0xF8,
	0x00, 0x00, 0x00, 0x00, 0x00, 0x00, 0x00, 0x00, 0x00, 0x00, 0x00, 0x00, 0x00, 0x00, 0x00, 0x00, 0x00, 0x00, 0x00, 0x00, 0x04, 0xFF, 0xFF, 0xFF,
	0x00, 0x00, 0x00, 0x00, 0x00, 0x00, 0x00, 0x00, 0x00, 0x00, 0x00, 0x00, 0x2F, 0xFF, 0xFF, 0xF2, 0x00, 0x00, 0x00, 0x00, 0x00, 0x00, 0x00, 0x00,
	0x00, 0xCF, 0xFF, 0xFF, 0x80, 0x00, 0x00, 0x00, 0x04, 0xFF, 0xFF, 0xFB, 0x00, 0x00, 0x00, 0x00, 0x00, 0x00, 0x00, 0x00, 0x08, 0xFF, 0xFF, 0xFF,
	0x00, 0x00, 0x00, 0x00, 0x00, 0x00, 0x00, 0x00, 0x8F, 0xFF, 0xFF, 0xFF, 0xFF, 0xFF, 0xB0, 0x00, 0x00, 0x00, 0x00, 0x00, 0x00, 0x00, 0x00, 0x00,
	0x3F, 0xFF, 0xFF, 0xFF, 0xFF, 0xFF, 0x20, 0x00, 0x00, 0x00, 0x00, 0x00, 0x05, 0xFF, 0xFF, 0xFF, 0xFF, 0xFF, 0xE0, 0x00, 0x00, 0x4F, 0xFF, 0xFF,
	0xFF, 0xFF, 0xFF, 0xFF, 0xFF, 0xFF, 0xFF, 0xFF, 0xFF, 0xFF, 0xFF, 0xF4, 0x00, 0x00, 0xFF, 0xFF, 0xFF, 0xFF, 0xFF, 0xF8, 0x00, 0x00, 0x00, 0x00,
	0x00, 0x00, 0x00, 0x00, 0x00, 0x00, 0x00, 0x00, 0x00, 0x00, 0x00, 0x00, 0x00, 0x00, 0x00, 0x00, 0x04, 0xFF, 0xFF, 0xFF, 0x00, 0x00, 0x00, 0x00,
	0x00, 0x00, 0x00, 0x00, 0x00, 0x00, 0x00, 0x00, 0x7F, 0xFF, 0xFF, 0xC0, 0x00, 0x00, 0x00, 0x00, 0x00, 0x00, 0x00, 0x00, 0x00, 0x7F, 0xFF, 0xFF,
	0xC0, 0x00, 0x00, 0x00, 0x04, 0xFF, 0xFF, 0xFB, 0x00, 0x00, 0x00, 0x00, 0x00, 0x00, 0x00, 0x00, 0x09, 0xFF, 0xFF, 0xFF, 0x00, 0x00, 0x00, 0x00,
	0x00, 0x00, 0x00, 0x00, 0xBF, 0xFF, 0xFF, 0xFF, 0xFF, 0xFF, 0x30, 0x00, 0x00, 0x00, 0x00, 0x00, 0x00, 0x00, 0x00, 0x00, 0x7F, 0xFF, 0xFF, 0xFF,
	0xFF, 0xFD, 0x00, 0x00, 0x00, 0x00, 0x00, 0x00, 0x01, 0xFF, 0xFF, 0xFF, 0xFF, 0xFF, 0xF4, 0x00, 0x00, 0x4F, 0xFF, 0xFF, 0xFF, 0xFF, 0xFF, 0xFF,
	0xFF, 0xFF, 0xFF, 0xFF, 0xFF, 0xFF, 0xFF, 0xF4, 0x00, 0x00, 0xFF, 0xFF, 0xFF, 0xFF, 0xFF, 0xF8, 0x00, 0x00, 0x00, 0x00, 0x00, 0x00, 0x00, 0x00,
	0x00, 0x00, 0x00, 0x00, 0x00, 0x00, 0x00, 0x00, 0x00, 0x00, 0x00, 0x00, 0x04, 0xFF, 0xFF, 0xFF, 0x20, 0x00, 0x00, 0x00, 0x00, 0x00, 0x00, 0x00,
	0x00, 0x00, 0x00, 0x00, 0xCF, 0xFF, 0xFF, 0x80, 0x00, 0x00, 0x00, 0x00, 0x00, 0x00, 0x00, 0x00, 0x00, 0x3F, 0xFF, 0xFF, 0xF2, 0x00, 0x00, 0x00,
	0x04, 0xFF, 0xFF, 0xFB, 0x00, 0x00, 0x00, 0x00, 0x00, 0x00, 0x00, 0x00, 0x0D, 0xFF, 0xFF, 0xFC, 0x00, 0x00, 0x00, 0x00, 0x00, 0x00, 0x00, 0x00,
	0xCF, 0xFF, 0xFF, 0xFF, 0xFF, 0xF8, 0x00, 0x00, 0x00, 0x00, 0x00, 0x00, 0x00, 0x00, 0x00, 0x00, 0xCF, 0xFF, 0xFF, 0xFF, 0xFF, 0xF9, 0x00, 0x00,
	0x00, 0x00, 0x00, 0x00, 0x00, 0xCF, 0xFF, 0xFF, 0xFF, 0xFF, 0xF8, 0x00, 0x00, 0x0F, 0xFF, 0xFF, 0xFF, 0xFF, 0xFF, 0xFF, 0xFF, 0xFF, 0xFF, 0xFF,
	0xFF, 0xFF, 0xFF, 0xF8, 0x00, 0x00, 0xFF, 0xFF, 0xFF, 0xFF, 0xFF, 0xF8, 0x00, 0x00, 0x00, 0x00, 0x00, 0x00, 0x00, 0x00, 0x00, 0x00, 0x00, 0x00,
	0x00, 0x00, 0x00, 0x00, 0x00, 0x00, 0x00, 0x00, 0x03, 0xFF, 0xFF, 0xFF, 0x60, 0x00, 0x00, 0x00, 0x00, 0x00, 0x00, 0x00, 0x00, 0x00, 0x00, 0x02,
	0xFF, 0xFF, 0xFF, 0x30, 0x00, 0x00, 0x00, 0x00, 0x00, 0x00, 0x00, 0x00, 0x00, 0x0D, 0xFF, 0xFF, 0xF7, 0x00, 0x00, 0x00, 0x04, 0xFF, 0xFF, 0xFB,
	0x00, 0x00, 0x00, 0x00, 0x00, 0x00, 0x00, 0x00, 0x6F, 0xFF, 0xFF, 0xFB, 0x00, 0x00, 0x00, 0x00, 0x00, 0x00, 0x00, 0x00, 0xFF, 0xFF, 0xFF, 0xFF,
	0xFF, 0xC0, 0x00, 0x00, 0x00, 0x00, 0x00, 0x00, 0x00, 0x00, 0x00, 0x01, 0xFF, 0xFF, 0xFF, 0xFF, 0xFF, 0xF6, 0x00, 0x00, 0x00, 0x00, 0x00, 0x00,
	0x00, 0x8F, 0xFF, 0xFF, 0xFF, 0xFF, 0xFD, 0x00, 0x00, 0x0C, 0xFF, 0xFF, 0xFF, 0xFF, 0xFF, 0xFF, 0xFF, 0xFF, 0xFF, 0xFF, 0xFF, 0xFF, 0xFF, 0xF8,
	0x00, 0x00, 0xFF, 0xFF, 0xFF, 0xFF, 0xFF, 0xF8, 0x00, 0x00, 0x00, 0x00, 0x00, 0x00, 0x00, 0x00, 0x00, 0x00, 0x00, 0x00, 0x00, 0x00, 0x00, 0x00,
	0x00, 0x00, 0x00, 0x00, 0x00, 0xFF, 0xFF, 0xFF, 0xD2, 0x00, 0x00, 0x00, 0x00, 0x00, 0x00, 0x00, 0x00, 0x00, 0x00, 0x07, 0xFF, 0xFF, 0xFD, 0x00,
	0x00, 0x00, 0x00, 0x00, 0x00, 0x00, 0x00, 0x00, 0x00, 0x08, 0xFF, 0xFF, 0xFC, 0x00, 0x00, 0x00, 0x04, 0xFF, 0xFF, 0xFB, 0x00, 0x00, 0x00, 0x00,
	0x00, 0x00, 0x00, 0x05, 0xEF, 0xFF, 0xFF, 0xF8, 0x00, 0x00, 0x00, 0x00, 0x00, 0x00, 0x00, 0x02, 0xFF, 0xFF, 0xFF, 0xFF, 0xFF, 0x30, 0x00, 0x00,
	0x00, 0x00, 0x00, 0x00, 0x00, 0x00, 0x00, 0x06, 0xFF, 0xFF, 0xFF, 0xFF, 0xFF, 0xF2, 0x00, 0x00, 0x00, 0x00, 0x00, 0x00, 0x00, 0x5F, 0xFF, 0xFF,
	0xFF, 0xFF, 0xFF, 0x20, 0x00, 0x06, 0xFF, 0xFF, 0xFF, 0xFF, 0xFF, 0xFF, 0xFF, 0xFF, 0xFF, 0xFF, 0xFF, 0xFF, 0xFF, 0xF8, 0x00, 0x00, 0xFF, 0xFF,
	0xFF, 0xFF, 0xFF, 0xF8, 0x00, 0x00, 0x00, 0x00, 0x00, 0x00, 0x00, 0x00, 0x00, 0x00, 0x00, 0x00, 0x00, 0x00, 0x00, 0x00, 0x00, 0x00, 0x00, 0x00,
	0x00, 0xBF, 0xFF, 0xFF, 0xFF, 0xBB, 0xBB, 0xBB, 0xBB, 0xBB, 0xBB, 0xBB, 0xBB, 0xB6, 0x00, 0x0A, 0xFF, 0xFF, 0xF8, 0x00, 0x00, 0x00, 0x00, 0x00,
	0x00, 0x00, 0x00, 0x00, 0x00, 0x04, 0xFF, 0xFF, 0xFF, 0x20, 0x00, 0x00, 0x04, 0xFF, 0xFF, 0xFC, 0x44, 0x44, 0x44, 0x44, 0x44, 0x44, 0x68, 0xDF,
	0xFF, 0xFF, 0xFF, 0xF3, 0x00, 0x00, 0x00, 0x00, 0x00, 0x00, 0x00, 0x04, 0xFF, 0xFF, 0xFF, 0xFF, 0xF8, 0x00, 0x00, 0x00, 0x00, 0x00, 0x00, 0x00,
	0x00, 0x00, 0x00, 0x09, 0xFF, 0xFF, 0xFF, 0xFF, 0xFF, 0xD0, 0x00, 0x00, 0x00, 0x00, 0x00, 0x00, 0x00, 0x1F, 0xFF, 0xFF, 0xFF, 0xFF, 0xFF, 0x70,
	0x00, 0x00, 0xCF, 0xFF, 0xFF, 0xFF, 0xFF, 0xFF, 0xFF, 0xFF, 0xFF, 0xFF, 0xFF, 0xFF, 0xFF, 0xF8, 0x00, 0x00, 0xFF, 0xFF, 0xFF, 0xFF, 0xFF, 0xF8,
	0x00, 0x00, 0x00, 0x00, 0x00, 0x00, 0x00, 0x00, 0x00, 0x00, 0x00, 0x00, 0x00, 0x00, 0x00, 0x00, 0x00, 0x00, 0x00, 0x00, 0x00, 0x6F, 0xFF, 0xFF,
	0xFF, 0xFF, 0xFF, 0xFF, 0xFF, 0xFF, 0xFF, 0xFF, 0xFF, 0xF8, 0x00, 0x1F, 0xFF, 0xFF, 0xF5, 0x00, 0x00, 0x00, 0x00, 0x00, 0x00, 0x00, 0x00, 0x00,
	0x00, 0x00, 0xEF, 0xFF, 0xFF, 0x70, 0x00, 0x00, 0x04, 0xFF, 0xFF, 0xFF, 0xFF, 0xFF, 0xFF, 0xFF, 0xFF, 0xFF, 0xFF, 0xFF, 0xFF, 0xFF, 0xFF, 0xB0,
	0x00, 0x00, 0x00, 0x00, 0x00, 0x00, 0x00, 0x07, 0xFF, 0xFF, 0xFF, 0xFF, 0xD1, 0x00, 0x00, 0x00, 0x00, 0x00, 0x00, 0x00, 0x00, 0x00, 0x00, 0x0E,
	0xFF, 0xFF, 0xFF, 0xFF, 0xFF, 0x90, 0x00, 0x00, 0x00, 0x00, 0x00, 0x00, 0x00, 0x0C, 0xFF, 0xFF, 0xFF, 0xFF, 0xFF, 0xA0, 0x00, 0x00, 0x2E, 0xFF,
	0xFF, 0xFF, 0xFF, 0xFF, 0xFF, 0xFF, 0xFF, 0xFF, 0xFF, 0xFF, 0xFF, 0xFB, 0x00, 0x00, 0xFF, 0xFF, 0xFF, 0xFF, 0xFF, 0xF8, 0x00, 0x00, 0x00, 0x00,
	0x00, 0x00, 0x00, 0x00, 0x00, 0x00, 0x00, 0x00, 0x00, 0x00, 0x00, 0x00, 0x00, 0x00, 0x00, 0x00, 0x00, 0x0C, 0xFF, 0xFF, 0xFF, 0xFF, 0xFF, 0xFF,
	0xFF, 0xFF, 0xFF, 0xFF, 0xFF, 0xF8, 0x00, 0x6F, 0xFF, 0xFF, 0xE0, 0x00, 0x00, 0x00, 0x00, 0x00, 0x00, 0x00, 0x00, 0x00, 0x00, 0x00, 0x9F, 0xFF,
	0xFF, 0xC0, 0x00, 0x00, 0x04, 0xFF, 0xFF, 0xFF, 0xFF, 0xFF, 0xFF, 0xFF, 0xFF, 0xFF, 0xFF, 0xFF, 0xFF, 0xFF, 0xFE, 0x30, 0x00, 0x00, 0x00, 0x00,
	0x00, 0x00, 0x00, 0x08, 0xFF, 0xFF, 0xFF, 0xFF, 0x40, 0x00, 0x00, 0x00, 0x00, 0x00, 0x00, 0x00, 0x00, 0x00, 0x00, 0x4F, 0xFF, 0xFF, 0xFF, 0xFF,
	0xFF, 0x60, 0x00, 0x00, 0x00, 0x00, 0x00, 0x00, 0x00, 0x08, 0xFF, 0xFF, 0xFF, 0xFF, 0xFF, 0xF0, 0x00, 0x00, 0x02, 0xCF, 0xFF, 0xFF, 0xFF, 0xFF,
	0xFF, 0xFF, 0xFF, 0xFF, 0xFF, 0xFF, 0xFF, 0xFB, 0x00, 0x00, 0xFF, 0xFF, 0xFF, 0xFF, 0xFF, 0xF8, 0x00, 0x00, 0x00, 0x00, 0x00, 0x00, 0x00, 0x00,
	0x00, 0x00, 0x00, 0x00, 0x00, 0x00, 0x00, 0x00, 0x00, 0x00, 0x00, 0x00, 0x00, 0x02, 0xDF, 0xFF, 0xFF, 0xFF, 0xFF, 0xFF, 0xFF, 0xFF, 0xFF, 0xFF,
	0xFF, 0xFA, 0x00, 0xAF, 0xFF, 0xFF, 0x90, 0x00, 0x00, 0x00, 0x00, 0x00, 0x00, 0x00, 0x00, 0x00, 0x00, 0x00, 0x5F, 0xFF, 0xFF, 0xF2, 0x00, 0x00,
	0x04, 0xFF, 0xFF, 0xFF, 0xFF, 0xFF, 0xFF, 0xFF, 0xFF, 0xFF, 0xFF, 0xFF, 0xFF, 0xFF, 0xE3, 0x00, 0x00, 0x00, 0x00, 0x00, 0x00, 0x00, 0x00, 0x0B,
	0xFF, 0xFF, 0xFF, 0xF8, 0x00, 0x00, 0x00, 0x00, 0x00, 0x00, 0x00, 0x00, 0x00, 0x00, 0x00, 0x8F, 0xFF, 0xFF, 0xFF, 0xFF, 0xFF, 0x20, 0x00, 0x00,
	0x00, 0x00, 0x00, 0x00, 0x00, 0x05, 0xFF, 0xFF, 0xFF, 0xFF, 0xFF, 0xF5, 0x00, 0x00, 0x00, 0x06, 0xAF, 0xFF, 0xFF, 0xFF, 0xFF, 0xFF, 0xFF, 0xFF,
	0xFF, 0xFF, 0xFC, 0xB8, 0x00, 0x00, 0xFF, 0xFF, 0xFF, 0xFF, 0xFF, 0xF8, 0x00, 0x00, 0x00, 0x00, 0x00, 0x00, 0x00, 0x00, 0x00, 0x00, 0x00, 0x00,
	0x00, 0x00, 0x00, 0x00, 0x00, 0x00, 0x00, 0x00, 0x00, 0x00, 0x19, 0xFF, 0xFF, 0xFF, 0xFF, 0xFF, 0xFF, 0xFF, 0xFF, 0xFF, 0xFF, 0xFB, 0x01, 0xFF,
	0xFF, 0xFF, 0x60, 0x00, 0x00, 0x00, 0x00, 0x00, 0x00, 0x00, 0x00, 0x00, 0x00, 0x00, 0x1F, 0xFF, 0xFF, 0xF7, 0x00, 0x00, 0x04, 0xFF, 0xFF, 0xFF,
	0xFF, 0xFF, 0xFF, 0xFF, 0xFF, 0xFF, 0xFF, 0xFF, 0xFF, 0xF9, 0x20, 0x00, 0x00, 0x00, 0x00, 0x00, 0x00, 0x00, 0x00, 0x0C, 0xFF, 0xFF, 0xFF, 0xD1,
	0x00, 0x00, 0x00, 0x00, 0x00, 0x00, 0x00, 0x00, 0x00, 0x00, 0x00, 0x34, 0x44, 0x44, 0x44, 0x44, 0x44, 0x00, 0x00, 0x00, 0x00, 0x00, 0x00, 0x00,
	0x00, 0x01, 0x44, 0x44, 0x44, 0x44, 0x44, 0x42, 0x00, 0x00, 0x00, 0x00, 0x00, 0x44, 0x44, 0x44, 0x44, 0x44, 0x44, 0x44, 0x43, 0x00, 0x00, 0x00,
	0x00, 0x00, 0x44, 0x44, 0x44, 0x44, 0x44, 0x42, 0x00, 0x00, 0x00, 0x00, 0x00, 0x00, 0x00, 0x00, 0x00, 0x00, 0x00, 0x00, 0x00, 0x00, 0x00, 0x00,
	0x00, 0x00, 0x00, 0x00, 0x00, 0x00, 0x00, 0x16, 0x8B, 0xBB, 0xBB, 0xBB, 0xBB, 0xBB, 0xB8, 0x88, 0x87, 0x43, 0x04, 0xBB, 0xBB, 0xBB, 0x10, 0x00,
	0x00, 0x00, 0x00, 0x00, 0x00, 0x00, 0x00, 0x00, 0x00, 0x00, 0x08, 0xBB, 0xBB, 0xB8, 0x00, 0x00, 0x03, 0xBB, 0xDF, 0xFF, 0xFF, 0xFF, 0xFF, 0xFF,
	0xFF, 0xFF, 0xFF, 0xFB, 0x97, 0x20, 0x00, 0x00, 0x00, 0x00, 0x00, 0x00, 0x00, 0x00, 0x00, 0x0F, 0xFF, 0xFF, 0xFF, 0x40, 0x00, 0x00, 0x00, 0x00,
	0x00, 0x00, 0x00, 0x00, 0x00, 0x00, 0x00, 0x00, 0x00, 0x00, 0x00, 0x00, 0x00, 0x00, 0x00, 0x00, 0x00, 0x00, 0x00, 0x00, 0x00, 0x00, 0x00, 0x00,
	0x00, 0x00, 0x00, 0x00, 0x00, 0x00, 0x00, 0x00, 0x00, 0x00, 0x00, 0x00, 0x00, 0x00, 0x00, 0x00, 0x00, 0x00, 0x00, 0x00, 0x00, 0x00, 0x00, 0x00,
	0x00, 0x00, 0x00, 0x00, 0x00, 0x00, 0x00, 0x00, 0x00, 0x00, 0x00, 0x00, 0x00, 0x00, 0x00, 0x00, 0x00, 0x00, 0x00, 0x00, 0x00, 0x00, 0x00, 0x00,
	0x00, 0x00, 0x00, 0x00, 0x00, 0x00, 0x00, 0x00, 0x00, 0x00, 0x00, 0x00, 0x00, 0x00, 0x00, 0x00, 0x00, 0x00, 0x00, 0x00, 0x00, 0x00, 0x00, 0x00,
	0x00, 0x00, 0x00, 0x00, 0x00, 0x00, 0x00, 0x00, 0x00, 0x00, 0x00, 0x00, 0x00, 0x00, 0x00, 0x00, 0x00, 0x00, 0x34, 0x44, 0x44, 0x44, 0x00, 0x00,
	0x00, 0x00, 0x00, 0x00, 0x00, 0x00, 0x00, 0x00, 0x00, 0x00, 0x00, 0x2F, 0xFF, 0xFF, 0xFA, 0x00, 0x00, 0x00, 0x00, 0x00, 0x00, 0x00, 0x00, 0x00,
	0x00, 0x00, 0x00, 0x00, 0x00, 0x00, 0x00, 0x00, 0x00, 0x00, 0x00, 0x00, 0x00, 0x00, 0x00, 0x00, 0x00, 0x00, 0x00, 0x00, 0x00, 0x00, 0x00, 0x00,
	0x00, 0x00, 0x00, 0x00, 0x00, 0x00, 0x00, 0x00, 0x00, 0x00, 0x00, 0x00, 0x00, 0x00, 0x00, 0x00, 0x00, 0x00, 0x00, 0x00, 0x00, 0x00, 0x00, 0x00,
	0x00, 0x00, 0x00, 0x00, 0x00, 0x00, 0x00, 0x00, 0x00, 0x00, 0x00, 0x00, 0x00, 0x00, 0x00, 0x00, 0x00, 0x00, 0x00, 0x00, 0x00, 0x00, 0x00, 0x00,
	0x00, 0x00, 0x00, 0x00, 0x00, 0x00, 0x00, 0x00, 0x00, 0x00, 0x00, 0x00, 0x00, 0x00, 0x00, 0x00, 0x00, 0x00, 0x00, 0x00, 0x00, 0x00, 0x00, 0x00,
	0x00, 0x00, 0x00, 0x00, 0x00, 0x00, 0x00, 0x00, 0x00, 0x00, 0x00, 0x00, 0x00, 0x00, 0x00, 0x00, 0x00, 0x00, 0x00, 0x00, 0x00, 0x00, 0x00, 0x00,
	0x00, 0x00, 0x00, 0x00, 0x00, 0x00, 0x00, 0x4F, 0xFF, 0xFF, 0xE1, 0x00, 0x00, 0x00, 0x00, 0x00, 0x00, 0x00, 0x00, 0x00, 0x00, 0x00, 0x00, 0x00,
	0x00, 0x00, 0x00, 0x00, 0x00, 0x00, 0x00, 0x00, 0x00, 0x00, 0x00, 0x00, 0x00, 0x00, 0x00, 0x00, 0x00, 0x00, 0x00, 0x00, 0x00, 0x00, 0x00, 0x00,
	0x00, 0x00, 0x00, 0x00, 0x00, 0x00, 0x00, 0x00, 0x00, 0x00, 0x00, 0x00, 0x00, 0x00, 0x00, 0x00, 0x00, 0x00, 0x00, 0x00, 0x00, 0x00, 0x00, 0x00,
	0x00, 0x00, 0x00, 0x00, 0x00, 0x00, 0x00, 0x00, 0x00, 0x00, 0x00, 0x00, 0x00, 0x00, 0x00, 0x00, 0x00, 0x00, 0x00, 0x00, 0x00, 0x00, 0x00, 0x00,
	0x00, 0x00, 0x00, 0x00, 0x00, 0x00, 0x00, 0x00, 0x00, 0x00, 0x00, 0x00, 0x00, 0x00, 0x00, 0x00, 0x00, 0x00, 0x00, 0x00, 0x00, 0x00, 0x00, 0x00,
	0x00, 0x00, 0x00, 0x00, 0x00, 0x00, 0x00, 0x00, 0x00, 0x00, 0x00, 0x00, 0x00, 0x00, 0x00, 0x00, 0x00, 0x00, 0x00, 0x00, 0x00, 0x00, 0x00, 0x00,
	0x00, 0x00, 0x00, 0x7F, 0xFF, 0xFF, 0x50, 0x00, 0x00, 0x00, 0x00, 0x00, 0x00, 0x00, 0x00, 0x00, 0x00, 0x00, 0x00, 0x00, 0x00, 0x00, 0x00, 0x00,
	0x00, 0x00, 0x00, 0x00, 0x00, 0x00, 0x00, 0x00, 0x00, 0x00, 0x00, 0x00, 0x00, 0x00, 0x00, 0x00, 0x00, 0x00, 0x00, 0x00, 0x00, 0x00, 0x00, 0x00,
	0x00, 0x00, 0x00, 0x00, 0x00, 0x00, 0x00, 0x00, 0x00, 0x00, 0x00, 0x00, 0x00, 0x00, 0x00, 0x00, 0x00, 0x00, 0x00, 0x00, 0x00, 0x00, 0x00, 0x00,
	0x00, 0x00, 0x00, 0x00, 0x00, 0x00, 0x00, 0x00, 0x00, 0x00, 0x00, 0x00, 0x00, 0x00, 0x00, 0x00, 0x00, 0x00, 0x00, 0x00, 0x00, 0x00, 0x00, 0x00,
	0x00, 0x00, 0x00, 0x00, 0x00, 0x00, 0x00, 0x00, 0x00, 0x00, 0x00, 0x00, 0x00, 0x00, 0x00, 0x00, 0x00, 0x00, 0x00, 0x00, 0x00, 0x00, 0x00, 0x00,
	0x00, 0x00, 0x00, 0x00, 0x00, 0x00, 0x00, 0x00, 0x00, 0x00, 0x00, 0x00, 0x00, 0x00, 0x00, 0x00, 0x00, 0x00, 0x00, 0x00, 0x00, 0x00, 0x00, 0x8F,
	0xFF, 0xFA, 0x00, 0x00, 0x00, 0x00, 0x00, 0x00, 0x00, 0x00, 0x00, 0x00, 0x00, 0x00, 0x00, 0x00, 0x00, 0x00, 0x00, 0x00, 0x00, 0x00, 0x00, 0x00,
	0x00, 0x00, 0x00, 0x00, 0x00, 0x00, 0x00, 0x00, 0x00, 0x00, 0x00, 0x00, 0x00, 0x00, 0x00, 0x00, 0x00, 0x00, 0x00, 0x00, 0x00, 0x00, 0x00, 0x00,
	0x00, 0x00, 0x00, 0x00, 0x00, 0x00, 0x00, 0x00, 0x00, 0x00, 0x00, 0x00, 0x00, 0x00, 0x00, 0x00, 0x00, 0x00, 0x00, 0x00, 0x00, 0x00, 0x00, 0x00,
	0x00, 0x00, 0x00, 0x00, 0x00, 0x00, 0x00, 0x00, 0x00, 0x00, 0x00, 0x00, 0x00, 0x00, 0x00, 0x00, 0x00, 0x00, 0x00, 0x00, 0x00, 0x00, 0x00, 0x00,
	0x00, 0x00, 0x00, 0x00, 0x00, 0x00, 0x00, 0x00, 0x00, 0x00, 0x00, 0x00, 0x00, 0x00, 0x00, 0x00, 0x00, 0x00, 0x00, 0x00, 0x00, 0x00, 0x00, 0x00,
	0x00, 0x00, 0x00, 0x00, 0x00, 0x00, 0x00, 0x00, 0x00, 0x00, 0x00, 0x00, 0x00, 0x00, 0x00, 0x00, 0x00, 0x00, 0x00, 0xBF, 0xFF, 0xE1, 0x00, 0x00,
	0x00, 0x00, 0x00, 0x00, 0x00, 0x00, 0x00, 0x00, 0x00, 0x00, 0x00, 0x00, 0x00, 0x00, 0x00, 0x00, 0x00, 0x00, 0x00, 0x00, 0x00, 0x00, 0x00, 0x00,
	0x00, 0x00, 0x00, 0x00, 0x00, 0x00, 0x00, 0x00, 0x00, 0x00, 0x00, 0x00, 0x00, 0x00, 0x00, 0x00, 0x00, 0x00, 0x00, 0x00, 0x00, 0x00, 0x00, 0x00,
	0x00, 0x00, 0x00, 0x00, 0x00, 0x00, 0x00, 0x00, 0x00, 0x00, 0x00, 0x00, 0x00, 0x00, 0x00, 0x00, 0x00, 0x00, 0x00, 0x00, 0x00, 0x00, 0x00, 0x00,
	0x00, 0x00, 0x00, 0x00, 0x00, 0x00, 0x00, 0x00, 0x00, 0x00, 0x00, 0x00, 0x00, 0x00, 0x00, 0x00, 0x00, 0x00, 0x00, 0x00, 0x00, 0x00, 0x00, 0x00,
	0x00, 0x00, 0x00, 0x00, 0x00, 0x00, 0x00, 0x00, 0x00, 0x00, 0x00, 0x00, 0x00, 0x00, 0x00, 0x00, 0x00, 0x00, 0x00, 0x00, 0x00, 0x00, 0x00, 0x00,
	0x00, 0x00, 0x00, 0x00, 0x00, 0x00, 0x00, 0x00, 0x00, 0x00, 0x00, 0x00, 0x00, 0x00, 0x00, 0xBF, 0xFF, 0x70, 0x00, 0x00, 0x00, 0x00, 0x00, 0x00,
	0x00, 0x00, 0x00, 0x00, 0x00, 0x00, 0x00, 0x00, 0x00, 0x00, 0x00, 0x00, 0x00, 0x00, 0x00, 0x00, 0x00, 0x00, 0x00, 0x00, 0x00, 0x00, 0x00, 0x00,
	0x00, 0x00, 0x00, 0x00, 0x00, 0x00, 0x00, 0x00, 0x00, 0x00, 0x00, 0x00, 0x00, 0x00, 0x00, 0x00, 0x00, 0x00, 0x00, 0x00, 0x00, 0x00, 0x00, 0x00,
	0x00, 0x00, 0x00, 0x00, 0x00, 0x00, 0x00, 0x00, 0x00, 0x00, 0x00, 0x00, 0x00, 0x00, 0x00, 0x00, 0x00, 0x00, 0x00, 0x00, 0x00, 0x00, 0x00, 0x00,
	0x00, 0x00, 0x00, 0x00, 0x00, 0x00, 0x00, 0x00, 0x00, 0x00, 0x00, 0x00, 0x00, 0x00, 0x00, 0x00, 0x00, 0x00, 0x00, 0x00, 0x00, 0x00, 0x00, 0x00,
	0x00, 0x00, 0x00, 0x00, 0x00, 0x00, 0x00, 0x00, 0x00, 0x00, 0x00, 0x00, 0x00, 0x00, 0x00, 0x00, 0x00, 0x00, 0x00, 0x00, 0x00, 0x00, 0x00, 0x00,
	0x00, 0x00, 0x00, 0x00, 0x00, 0x00, 0x00, 0x00, 0x00, 0x00, 0x00, 0x3C, 0xE8, 0x00, 0x00, 0x00, 0x00, 0x00, 0x00, 0x00, 0x00, 0x00, 0x00, 0x00,
	0x00, 0x00, 0x00, 0x00, 0x00, 0x00, 0x00, 0x00, 0x00, 0x00, 0x00, 0x00, 0x00, 0x00, 0x00, 0x00, 0x00, 0x00, 0x00, 0x00, 0x00, 0x00, 0x00, 0x00,
	0x00, 0x00, 0x00, 0x00, 0x00, 0x00, 0x00, 0x00, 0x00, 0x00, 0x00, 0x00, 0x00, 0x00, 0x00, 0x00, 0x00, 0x00, 0x00, 0x00, 0x00, 0x00, 0x00, 0x00,
	0x00, 0x00, 0x00, 0x00, 0x00, 0x00, 0x00, 0x00, 0x00, 0x00, 0x00, 0x00, 0x00, 0x00, 0x00, 0x00, 0x00, 0x00, 0x00, 0x00, 0x00, 0x00, 0x00, 0x00,
	0x00, 0x00, 0x00, 0x00, 0x00, 0x00, 0x00, 0x00, 0x00, 0x00, 0x00, 0x00, 0x00, 0x00, 0x00, 0x00, 0x00, 0x00, 0x00, 0x00, 0x00, 0x00, 0x00, 0x00,
	0x00, 0x00, 0x00, 0x00, 0x00, 0x00, 0x00, 0x00, 0x00, 0x00, 0x00, 0x00, 0x00, 0x00, 0x00, 0x00, 0x00, 0x00, 0x00, 0x00, 0x00, 0x00, 0x00, 0x00,
};

#define TR_HUD_CORNER_R 14
static const uint8_t tr_hud_corner[14][14] = {
	{0, 0, 0, 0, 0, 0, 0, 0, 0, 4, 8, 11, 14, 15},
	{0, 0, 0, 0, 0, 0, 0, 6, 13, 15, 15, 15, 15, 15},
	{0, 0, 0, 0, 0, 3, 12, 15, 15, 15, 15, 15, 15, 15},
	{0, 0, 0, 0, 5, 14, 15, 15, 15, 15, 15, 15, 15, 15},
	{0, 0, 0, 5, 15, 15, 15, 15, 15, 15, 15, 15, 15, 15},
	{0, 0, 3, 14, 15, 15, 15, 15, 15, 15, 15, 15, 15, 15},
	{0, 0, 12, 15, 15, 15, 15, 15, 15, 15, 15, 15, 15, 15},
	{0, 6, 15, 15, 15, 15, 15, 15, 15, 15, 15, 15, 15, 15},
	{0, 13, 15, 15, 15, 15, 15, 15, 15, 15, 15, 15, 15, 15},
	{4, 15, 15, 15, 15, 15, 15, 15, 15, 15, 15, 15, 15, 15},
	{8, 15, 15, 15, 15, 15, 15, 15, 15, 15, 15, 15, 15, 15},
	{11, 15, 15, 15, 15, 15, 15, 15, 15, 15, 15, 15, 15, 15},
	{14, 15, 15, 15, 15, 15, 15, 15, 15, 15, 15, 15, 15, 15},
	{15, 15, 15, 15, 15, 15, 15, 15, 15, 15, 15, 15, 15, 15},
};

#endif /* TR_HUD_ASSETS_H */
